{"result_id":"0fb83999-1bc6-58db-b484-b3787f314d30","result_url":"https:\/\/www.pinterest.com.mx\/pin\/11118330316036008\/","result_domain":"www.pinterest.com.mx","result_domain_public_suffix":"com.mx","result_wayback_url":"https:\/\/web.archive.org\/web\/20201228223408\/https:\/\/www.pinterest.com.mx\/pin\/11118330316036008\/","result_wayback_raw_url":"https:\/\/web.archive.org\/web\/20201228223408id_\/https:\/\/www.pinterest.com.mx\/pin\/11118330316036008\/","result_snippet_rank":1,"result_snippet_title":"No te voy a pedir que hagas nada. Porque si tengo ... - Pinterest","result_snippet_text":"No te voy a pedir que hagas nada. Porque si tengo ... - Pinterest","result_warc_relative_path":null,"result_warc_byte_offset":null,"serp_id":"dba50223-cfe8-5521-911e-42c3ff174ede","serp_url":"https:\/\/www.google.com\/search?sxsrf=ALeKk015XmMOPBvwWeQbsnd603d7Whov5Q%3A1598391501625&ei=zYRFX6HKJeGc_QbS6aGgBQ&q=%22Porque+si+tengo+que+ped%C3%ADrtelo%2C+ya+no+lo+quiero.%22+kahlo&oq=%22Porque+si+tengo+que+ped%C3%ADrtelo%2C+ya+no+lo+quiero.%22+kahlo&gs_lcp=CgZwc3ktYWIQAzIFCCEQoAEyBQghEKABMgUIIRCgAToGCAAQFhAeOgQIIxAnOgQIABAeOgcIIRAKEKABUOQFWKkyYK00aABwAHgBgAHMDYgBnzaSAREwLjMuMi4wLjEuMC4zLjEuMZgBAKABAaoBB2d3cy13aXrAAQE&sclient=psy-ab&ved=0ahUKEwjh5KmtqLfrAhVhTt8KHdJ0CFQQ4dUDCA0&uact=5","serp_timestamp":1609191248000,"serp_wayback_url":"https:\/\/web.archive.org\/web\/20201228223408\/https:\/\/www.google.com\/search?sxsrf=ALeKk015XmMOPBvwWeQbsnd603d7Whov5Q%3A1598391501625&ei=zYRFX6HKJeGc_QbS6aGgBQ&q=%22Porque+si+tengo+que+ped%C3%ADrtelo%2C+ya+no+lo+quiero.%22+kahlo&oq=%22Porque+si+tengo+que+ped%C3%ADrtelo%2C+ya+no+lo+quiero.%22+kahlo&gs_lcp=CgZwc3ktYWIQAzIFCCEQoAEyBQghEKABMgUIIRCgAToGCAAQFhAeOgQIIxAnOgQIABAeOgcIIRAKEKABUOQFWKkyYK00aABwAHgBgAHMDYgBnzaSAREwLjMuMi4wLjEuMC4zLjEuMZgBAKABAaoBB2d3cy13aXrAAQE&sclient=psy-ab&ved=0ahUKEwjh5KmtqLfrAhVhTt8KHdJ0CFQQ4dUDCA0&uact=5","serp_wayback_raw_url":"https:\/\/web.archive.org\/web\/20201228223408id_\/https:\/\/www.google.com\/search?sxsrf=ALeKk015XmMOPBvwWeQbsnd603d7Whov5Q%3A1598391501625&ei=zYRFX6HKJeGc_QbS6aGgBQ&q=%22Porque+si+tengo+que+ped%C3%ADrtelo%2C+ya+no+lo+quiero.%22+kahlo&oq=%22Porque+si+tengo+que+ped%C3%ADrtelo%2C+ya+no+lo+quiero.%22+kahlo&gs_lcp=CgZwc3ktYWIQAzIFCCEQoAEyBQghEKABMgUIIRCgAToGCAAQFhAeOgQIIxAnOgQIABAeOgcIIRAKEKABUOQFWKkyYK00aABwAHgBgAHMDYgBnzaSAREwLjMuMi4wLjEuMC4zLjEuMZgBAKABAaoBB2d3cy13aXrAAQE&sclient=psy-ab&ved=0ahUKEwjh5KmtqLfrAhVhTt8KHdJ0CFQQ4dUDCA0&uact=5","serp_page":null,"serp_offset":null,"serp_query_text_url":"\"Porque si tengo que ped\u00edrtelo, ya no lo quiero.\" kahlo","serp_query_text_url_language":"es","serp_query_text_html":"\"Porque si tengo que ped\u00edrtelo, ya no lo quiero.\" kahlo","serp_warc_relative_path":"focused\/archived-raw-serps\/google\/google.com%2Fsearch%3F\/0000001521\/0000000000.warc.gz","serp_warc_byte_offset":1481808,"search_provider_name":"google","search_provider_alexa_domain":"google.com","search_provider_alexa_domain_public_suffix":"com","search_provider_alexa_rank":1,"search_provider_category":"search-engine"}
