{"serp_id":"47fcc917-e751-55ce-9f43-b5dfac9b7a5d","serp_url":"http:\/\/stackoverflow.com\/questions\/tagged\/flash+mpeg","serp_timestamp":1367841023000,"serp_wayback_url":"https:\/\/web.archive.org\/web\/20130506135023\/http:\/\/stackoverflow.com\/questions\/tagged\/flash+mpeg","serp_wayback_raw_url":"https:\/\/web.archive.org\/web\/20130506135023id_\/http:\/\/stackoverflow.com\/questions\/tagged\/flash+mpeg","serp_page":null,"serp_offset":null,"serp_query_text_url":"flash+mpeg","serp_query_text_url_language":null,"serp_query_text_html":"[flash] [mpeg]","serp_warc_relative_path":"focused\/archived-raw-serps\/stackoverflow\/stackoverflow.com%2Fquestions%2Ftagged\/0000000199\/0000000000.warc.gz","serp_warc_byte_offset":32020,"serp_results":[{"result_id":"26a06664-f859-5e70-8e25-a86558643b34","result_url":"http:\/\/stackoverflow.com\/questions\/13054252\/a-flash-based-video-player-that-supports-mpeg-ts","result_domain":"stackoverflow.com","result_domain_public_suffix":"com","result_wayback_url":"https:\/\/web.archive.org\/web\/20130506135023\/http:\/\/stackoverflow.com\/questions\/13054252\/a-flash-based-video-player-that-supports-mpeg-ts","result_wayback_raw_url":"https:\/\/web.archive.org\/web\/20130506135023id_\/http:\/\/stackoverflow.com\/questions\/13054252\/a-flash-based-video-player-that-supports-mpeg-ts","result_snippet_rank":1,"result_snippet_title":"A Flash-based video player that supports MPEG-TS","result_snippet_text":"How can I play a mpeg-ts file in Flash?\n\nI know that it is technically possible since several Flash-based video players implement Apple's HLS (HTTP Live Streaming) (reference: ...","result_warc_relative_path":null,"result_warc_byte_offset":null},{"result_id":"8a88599e-fea5-5cd7-9d28-f699e8af82ee","result_url":"http:\/\/stackoverflow.com\/questions\/6775849\/how-do-swf-recorders-work","result_domain":"stackoverflow.com","result_domain_public_suffix":"com","result_wayback_url":"https:\/\/web.archive.org\/web\/20130506135023\/http:\/\/stackoverflow.com\/questions\/6775849\/how-do-swf-recorders-work","result_wayback_raw_url":"https:\/\/web.archive.org\/web\/20130506135023id_\/http:\/\/stackoverflow.com\/questions\/6775849\/how-do-swf-recorders-work","result_snippet_rank":2,"result_snippet_title":"How do swf recorders work?","result_snippet_text":"There are some software to convert swf file into avi, mpeg or other types of video files. But how do they actually work?","result_warc_relative_path":null,"result_warc_byte_offset":null},{"result_id":"92b8177a-12f5-527a-8265-b28dadefba9f","result_url":"http:\/\/stackoverflow.com\/questions\/4460102\/convert-flash-animation-to-video","result_domain":"stackoverflow.com","result_domain_public_suffix":"com","result_wayback_url":"https:\/\/web.archive.org\/web\/20130506135023\/http:\/\/stackoverflow.com\/questions\/4460102\/convert-flash-animation-to-video","result_wayback_raw_url":"https:\/\/web.archive.org\/web\/20130506135023id_\/http:\/\/stackoverflow.com\/questions\/4460102\/convert-flash-animation-to-video","result_snippet_rank":3,"result_snippet_title":"Convert Flash animation to video","result_snippet_text":"I have a Flash-file with some ActionScript code that loads an RSS-feed and animates the content. Now I need to convert that to a video file to use on an external display. Since the RSS-feed updates ...","result_warc_relative_path":null,"result_warc_byte_offset":null},{"result_id":"7c8e6927-5682-57cf-9b1e-28b7c2e60698","result_url":"http:\/\/stackoverflow.com\/questions\/3578223\/playing-an-mpeg-movie-starting-and-ending-in-specific-places","result_domain":"stackoverflow.com","result_domain_public_suffix":"com","result_wayback_url":"https:\/\/web.archive.org\/web\/20130506135023\/http:\/\/stackoverflow.com\/questions\/3578223\/playing-an-mpeg-movie-starting-and-ending-in-specific-places","result_wayback_raw_url":"https:\/\/web.archive.org\/web\/20130506135023id_\/http:\/\/stackoverflow.com\/questions\/3578223\/playing-an-mpeg-movie-starting-and-ending-in-specific-places","result_snippet_rank":4,"result_snippet_title":"Playing an MPEG movie, starting and ending in specific places?","result_snippet_text":"I've compiled an MTS video into MP4 format using FFMPEG. The video is 2 minutes long.\n\nI want to be able to play the video back but start at 0:15 seconds and end at 0:45 seconds. Effectively I want ...","result_warc_relative_path":null,"result_warc_byte_offset":null},{"result_id":"889647b6-0a09-5b3f-82b4-cfd588be53e8","result_url":"http:\/\/stackoverflow.com\/questions\/787364\/how-might-i-write-a-flash-app-to-play-snippets-from-larger-videos","result_domain":"stackoverflow.com","result_domain_public_suffix":"com","result_wayback_url":"https:\/\/web.archive.org\/web\/20130506135023\/http:\/\/stackoverflow.com\/questions\/787364\/how-might-i-write-a-flash-app-to-play-snippets-from-larger-videos","result_wayback_raw_url":"https:\/\/web.archive.org\/web\/20130506135023id_\/http:\/\/stackoverflow.com\/questions\/787364\/how-might-i-write-a-flash-app-to-play-snippets-from-larger-videos","result_snippet_rank":5,"result_snippet_title":"How might I write a Flash app to play snippets from larger videos?","result_snippet_text":"I want to write a Flash applet(or any other possible app) to embed in my website that will play part of a video (for example: from the 0:20 to 0:40). The video is in MPEG format. I'm new to Flash - ...","result_warc_relative_path":null,"result_warc_byte_offset":null}],"search_provider_name":"stackoverflow","search_provider_alexa_domain":"stackoverflow.com","search_provider_alexa_domain_public_suffix":"com","search_provider_alexa_rank":43,"search_provider_category":"question-and-answer"}
