{"serp_id":"6beace5c-1d9e-5ffc-870e-7b4f3d110d04","serp_url":"http:\/\/www.baidu.com\/s?tn=farpop_pg&fyb=1&wd=site%3A61300.com+%E6%99%AF%E8%89%B2","serp_timestamp":1317777997000,"serp_wayback_url":"https:\/\/web.archive.org\/web\/20111005032637\/http:\/\/www.baidu.com\/s?tn=farpop_pg&fyb=1&wd=site%3A61300.com+%E6%99%AF%E8%89%B2","serp_wayback_raw_url":"https:\/\/web.archive.org\/web\/20111005032637id_\/http:\/\/www.baidu.com\/s?tn=farpop_pg&fyb=1&wd=site%3A61300.com+%E6%99%AF%E8%89%B2","serp_page":null,"serp_offset":null,"serp_query_text_url":"site:61300.com \u666f\u8272","serp_query_text_url_language":"pt","serp_query_text_html":"site:61300.com \u666f\u8272","serp_warc_relative_path":"focused\/archived-raw-serps\/baidu\/baidu.com%2Fs%3F\/0000001296\/0000000000.warc.gz","serp_warc_byte_offset":32299725,"serp_results":[],"search_provider_name":"baidu","search_provider_alexa_domain":"baidu.com","search_provider_alexa_domain_public_suffix":"com","search_provider_alexa_rank":3,"search_provider_category":"search-engine"}
