{"serp_id":"4a408f72-99d5-5e0d-bb58-2b60462474e2","serp_url":"https:\/\/www.google.com\/search?q=PlatinumSn","serp_timestamp":1665363835000,"serp_wayback_url":"https:\/\/web.archive.org\/web\/20221010030355\/https:\/\/www.google.com\/search?q=PlatinumSn","serp_wayback_raw_url":"https:\/\/web.archive.org\/web\/20221010030355id_\/https:\/\/www.google.com\/search?q=PlatinumSn","serp_page":null,"serp_offset":null,"serp_query_text_url":"PlatinumSn","serp_query_text_url_language":null,"serp_query_text_html":"PlatinumSn","serp_warc_relative_path":"focused\/archived-raw-serps\/google\/google.com%2Fsearch%3F\/0000003354\/0000000000.warc.gz","serp_warc_byte_offset":114420,"serp_results":[{"result_id":"1b314f8b-90b7-5aa0-918a-99a934eb1208","result_url":"https:\/\/molinol.de\/product-details\/semisynthetic-platinum-sn-cf-sae-10w40\/287","result_domain":"molinol.de","result_domain_public_suffix":"de","result_wayback_url":"https:\/\/web.archive.org\/web\/20221010030355\/https:\/\/molinol.de\/product-details\/semisynthetic-platinum-sn-cf-sae-10w40\/287","result_wayback_raw_url":"https:\/\/web.archive.org\/web\/20221010030355id_\/https:\/\/molinol.de\/product-details\/semisynthetic-platinum-sn-cf-sae-10w40\/287","result_snippet_rank":1,"result_snippet_title":"SEMISYNTHETIC PLATINUM SN\/CF SAE 10W40 - molinol","result_snippet_text":"Traduzir esta p\u00e1gina","result_warc_relative_path":null,"result_warc_byte_offset":null},{"result_id":"a8e362a1-a7fd-5008-a09d-53ef9ee2b1aa","result_url":"https:\/\/www.amazon.ca\/Pennzoil-550042728-6PK-Platinum-5W-30-Lubricant\/dp\/B015CHEHUO","result_domain":"www.amazon.ca","result_domain_public_suffix":"ca","result_wayback_url":"https:\/\/web.archive.org\/web\/20221010030355\/https:\/\/www.amazon.ca\/Pennzoil-550042728-6PK-Platinum-5W-30-Lubricant\/dp\/B015CHEHUO","result_wayback_raw_url":"https:\/\/web.archive.org\/web\/20221010030355id_\/https:\/\/www.amazon.ca\/Pennzoil-550042728-6PK-Platinum-5W-30-Lubricant\/dp\/B015CHEHUO","result_snippet_rank":2,"result_snippet_title":"Pennzoil 550042728-6PK Platinum SN 5W-30 Motor Oil ...","result_snippet_text":"Pennzoil 550042728-6PK <em>Platinum SN<\/em> 5W-30 Motor Oil (Lubricant), 1 Quart, 6 Pack : Amazon.ca: Automotive.","result_warc_relative_path":null,"result_warc_byte_offset":null},{"result_id":"1db9dae1-05fe-5c02-9d6e-04d5f6c247a6","result_url":"https:\/\/www.amazon.sa\/-\/en\/Pennzoil-550042728-6PK-Platinum-5W-30-Lubricant\/dp\/B015CHEHUO","result_domain":"www.amazon.sa","result_domain_public_suffix":"sa","result_wayback_url":"https:\/\/web.archive.org\/web\/20221010030355\/https:\/\/www.amazon.sa\/-\/en\/Pennzoil-550042728-6PK-Platinum-5W-30-Lubricant\/dp\/B015CHEHUO","result_wayback_raw_url":"https:\/\/web.archive.org\/web\/20221010030355id_\/https:\/\/www.amazon.sa\/-\/en\/Pennzoil-550042728-6PK-Platinum-5W-30-Lubricant\/dp\/B015CHEHUO","result_snippet_rank":3,"result_snippet_title":"Pennzoil 550042728-6PK Platinum SN 5W-30 Motor Oil ...","result_snippet_text":"Pennzoil 550042728-6PK <em>Platinum SN<\/em> 5W-30 Motor Oil (Lubricant), 1 quart, 6 Pack : Buy Online at Best Price in KSA - Souq is now Amazon.sa: Automotive.","result_warc_relative_path":null,"result_warc_byte_offset":null},{"result_id":"7eb19e4c-b1d1-5b7c-9e09-2e461862381a","result_url":"https:\/\/entechoil.lt\/dt_portfolios\/amb-oils-platinum-sn-sae-5w30\/","result_domain":"entechoil.lt","result_domain_public_suffix":"lt","result_wayback_url":"https:\/\/web.archive.org\/web\/20221010030355\/https:\/\/entechoil.lt\/dt_portfolios\/amb-oils-platinum-sn-sae-5w30\/","result_wayback_raw_url":"https:\/\/web.archive.org\/web\/20221010030355id_\/https:\/\/entechoil.lt\/dt_portfolios\/amb-oils-platinum-sn-sae-5w30\/","result_snippet_rank":4,"result_snippet_title":"AMB Oils Platinum SN SAE 5w30 - Entechoil","result_snippet_text":"AMB Oils <em>Platinum SN<\/em> SAE 5w30 is a fully synthetic, low friction, high-performance engine oil for all petrol and diesel passenger cars and vans with and\u00a0...","result_warc_relative_path":null,"result_warc_byte_offset":null},{"result_id":"6b0cdb2f-f205-58a5-a06c-d3064ed77516","result_url":"https:\/\/www.sodiumdental.com\/shop\/used-products\/refurbished-dexis-platinum-sensors\/grade-b-refurbished-dexis-platinums\/grade-b-refurbished-dexis-platinum-sn-0140432044\/","result_domain":"www.sodiumdental.com","result_domain_public_suffix":"com","result_wayback_url":"https:\/\/web.archive.org\/web\/20221010030355\/https:\/\/www.sodiumdental.com\/shop\/used-products\/refurbished-dexis-platinum-sensors\/grade-b-refurbished-dexis-platinums\/grade-b-refurbished-dexis-platinum-sn-0140432044\/","result_wayback_raw_url":"https:\/\/web.archive.org\/web\/20221010030355id_\/https:\/\/www.sodiumdental.com\/shop\/used-products\/refurbished-dexis-platinum-sensors\/grade-b-refurbished-dexis-platinums\/grade-b-refurbished-dexis-platinum-sn-0140432044\/","result_snippet_rank":5,"result_snippet_title":"Grade B Refurbished Dexis Platinum SN 0140432044","result_snippet_text":"Grade B Refurbished Dexis <em>Platinum SN<\/em> 0140432044. Grade B sensors have the same great refurbishment as all our repairs, but the artifacts and noise present\u00a0...","result_warc_relative_path":null,"result_warc_byte_offset":null},{"result_id":"2f5d1d74-4b51-5e25-95c6-8a3879e126c6","result_url":"https:\/\/www.ebay.com\/itm\/304534198820","result_domain":"www.ebay.com","result_domain_public_suffix":"com","result_wayback_url":"https:\/\/web.archive.org\/web\/20221010030355\/https:\/\/www.ebay.com\/itm\/304534198820","result_wayback_raw_url":"https:\/\/web.archive.org\/web\/20221010030355id_\/https:\/\/www.ebay.com\/itm\/304534198820","result_snippet_rank":6,"result_snippet_title":"2021 Topps 70th Anniversary Platinum SN \/70 Joakim ...","result_snippet_text":"2021 Topps 70th Anniversary <em>Platinum SN<\/em> \/70 Joakim Soria Arizona Diamondbacks. Click to enlarge. Hover to zoom. Have one to sell?","result_warc_relative_path":null,"result_warc_byte_offset":null},{"result_id":"dae4ac57-09ba-57be-ac67-489159d52652","result_url":"https:\/\/www.tokopedia.com\/sinarmajulistrik\/gembok-platinum-sn-40","result_domain":"www.tokopedia.com","result_domain_public_suffix":"com","result_wayback_url":"https:\/\/web.archive.org\/web\/20221010030355\/https:\/\/www.tokopedia.com\/sinarmajulistrik\/gembok-platinum-sn-40","result_wayback_raw_url":"https:\/\/web.archive.org\/web\/20221010030355id_\/https:\/\/www.tokopedia.com\/sinarmajulistrik\/gembok-platinum-sn-40","result_snippet_rank":7,"result_snippet_title":"Jual Gembok Platinum SN 40 - Kota Depok - sinarmajulistrik","result_snippet_text":"Gembok <em>Platinum SN<\/em> 40 di Tokopedia \u2219 Promo Pengguna Baru \u2219 Cicilan 0% \u2219 Kurir Instan.","result_warc_relative_path":null,"result_warc_byte_offset":null},{"result_id":"dacc93f6-4a4d-5a14-9647-9919ef53968a","result_url":"https:\/\/m.facebook.com\/333684910824045\/photos\/platinum-sncp-furniture-%D1%84%D1%83%D1%80%D0%BD%D0%B8%D1%82%D1%83%D1%80%D0%B0-uksed-doors-%D0%B4%D0%B2%D0%B5%D1%80%D0%B8-%D1%80%D1%83%D1%87%D0%BA%D0%B8-estonia-tallinn\/385293682329834\/","result_domain":"m.facebook.com","result_domain_public_suffix":"com","result_wayback_url":"https:\/\/web.archive.org\/web\/20221010030355\/https:\/\/m.facebook.com\/333684910824045\/photos\/platinum-sncp-furniture-%D1%84%D1%83%D1%80%D0%BD%D0%B8%D1%82%D1%83%D1%80%D0%B0-uksed-doors-%D0%B4%D0%B2%D0%B5%D1%80%D0%B8-%D1%80%D1%83%D1%87%D0%BA%D0%B8-estonia-tallinn\/385293682329834\/","result_wayback_raw_url":"https:\/\/web.archive.org\/web\/20221010030355id_\/https:\/\/m.facebook.com\/333684910824045\/photos\/platinum-sncp-furniture-%D1%84%D1%83%D1%80%D0%BD%D0%B8%D1%82%D1%83%D1%80%D0%B0-uksed-doors-%D0%B4%D0%B2%D0%B5%D1%80%D0%B8-%D1%80%D1%83%D1%87%D0%BA%D0%B8-estonia-tallinn\/385293682329834\/","result_snippet_rank":8,"result_snippet_title":"GR Baltik - #platinum #sn\/cp #furniture #\u0444\u0443\u0440\u043d\u0438\u0442\u0443\u0440\u0430 #uksed ...","result_snippet_text":"<em>platinum #sn<\/em>\/cp #furniture #\u0444\u0443\u0440\u043d\u0438\u0442\u0443\u0440\u0430 #uksed #doors #\u0434\u0432\u0435\u0440\u0438 #\u0440\u0443\u0447\u043a\u0438 #estonia #tallinn.","result_warc_relative_path":null,"result_warc_byte_offset":null}],"search_provider_name":"google","search_provider_alexa_domain":"google.com","search_provider_alexa_domain_public_suffix":"com","search_provider_alexa_rank":1,"search_provider_category":"search-engine"}
