{"result_id":"b0fa751f-50c7-53e3-8c4b-0f26682c9fe0","result_url":"https:\/\/business.currys.co.uk\/catalogue\/item\/WB700634","result_domain":"business.currys.co.uk","result_domain_public_suffix":"co.uk","result_wayback_url":"https:\/\/web.archive.org\/web\/20210421233803\/https:\/\/business.currys.co.uk\/catalogue\/item\/WB700634","result_wayback_raw_url":"https:\/\/web.archive.org\/web\/20210421233803id_\/https:\/\/business.currys.co.uk\/catalogue\/item\/WB700634","result_snippet_rank":6,"result_snippet_title":"HP EliteBook 840 G1 plus FREE Mobile Broadband 3-in-1 SIM","result_snippet_text":"Over 30000 products with <em>FREE<\/em> DELIVERY including Laptops, Desktops, Apple, Dell, Tablets. Talk to us about your business needs in any Currys or PC World.","result_warc_relative_path":null,"result_warc_byte_offset":null,"serp_id":"c291dd27-f9d9-5c9f-8a43-ef507f2472e2","serp_url":"http:\/\/www.google.co.uk\/search?q=g1+sim+free&ie=utf-8&oe=utf-8&aq=t&rls=org.mozilla:en-GB:official&client=firefox-a","serp_timestamp":1619041083000,"serp_wayback_url":"https:\/\/web.archive.org\/web\/20210421233803\/http:\/\/www.google.co.uk\/search?q=g1+sim+free&ie=utf-8&oe=utf-8&aq=t&rls=org.mozilla:en-GB:official&client=firefox-a","serp_wayback_raw_url":"https:\/\/web.archive.org\/web\/20210421233803id_\/http:\/\/www.google.co.uk\/search?q=g1+sim+free&ie=utf-8&oe=utf-8&aq=t&rls=org.mozilla:en-GB:official&client=firefox-a","serp_page":null,"serp_offset":null,"serp_query_text_url":"g1 sim free","serp_query_text_url_language":"hmn","serp_query_text_html":"g1 sim free","serp_warc_relative_path":"focused\/archived-raw-serps\/google\/google.co.uk%2Fsearch%3F\/0000000003\/0000000000.warc.gz","serp_warc_byte_offset":4809840,"search_provider_name":"google","search_provider_alexa_domain":"google.com","search_provider_alexa_domain_public_suffix":"com","search_provider_alexa_rank":1,"search_provider_category":"search-engine"}
