result_id,result_url,result_domain,result_domain_public_suffix,result_wayback_url,result_wayback_raw_url,result_snippet_rank,result_snippet_title,result_snippet_text,result_warc_relative_path,result_warc_byte_offset,serp_id,serp_url,serp_timestamp,serp_wayback_url,serp_wayback_raw_url,serp_page,serp_offset,serp_query_text_url,serp_query_text_url_language,serp_query_text_html,serp_warc_relative_path,serp_warc_byte_offset,search_provider_name,search_provider_alexa_domain,search_provider_alexa_domain_public_suffix,search_provider_alexa_rank,search_provider_category
888dc065-4733-5ec9-ad76-562dff5efa8c,https://stackoverflow.com/questions/43366627/cracks-in-webaudio-playback-during-streaming-of-raw-audio-data,stackoverflow.com,com,https://web.archive.org/web/20200518111006/https://stackoverflow.com/questions/43366627/cracks-in-webaudio-playback-during-streaming-of-raw-audio-data,https://web.archive.org/web/20200518111006id_/https://stackoverflow.com/questions/43366627/cracks-in-webaudio-playback-during-streaming-of-raw-audio-data,6,Cracks in webaudio playback during streaming of raw audio data,"I have a server sending chunks of raw audio over a websocket. The idea is to retrieve those and play them in a way to have the smoothest playback possible.

Here is the most important piece of code:

...",,,162c8b57-d1ff-5061-8aa2-832e54964d5d,https://stackoverflow.com/questions/tagged/audio-streaming+web-audio-api,2020-05-18 09:10:06,https://web.archive.org/web/20200518111006/https://stackoverflow.com/questions/tagged/audio-streaming+web-audio-api,https://web.archive.org/web/20200518111006id_/https://stackoverflow.com/questions/tagged/audio-streaming+web-audio-api,,,audio-streaming+web-audio-api,,[audio-streaming] [web-audio-api],focused/archived-raw-serps/stackoverflow/stackoverflow.com%2Fquestions%2Ftagged/0000000060/0000000000.warc.gz,451128,stackoverflow,stackoverflow.com,com,43,question-and-answer
