{"serp_id":"80d05846-77cb-5892-8570-cf28567c975d","serp_url":"https:\/\/scholar.google.com\/scholar?hl=en&q=P%C3%A4ivi+Majaranta+and+Kari%C2%A0Jouko+R%C3%A4ih%C3%A4.+2002.+Twenty+years+of+eye+typing%3A+systems+and+design+issues.+In+ETRA%2C+Vol.%C2%A02.+15%E2%80%9322.+https%3A%2F%2Fdoi.org%2F10.1145%2F507072.507076","serp_timestamp":1614292247000,"serp_wayback_url":"https:\/\/web.archive.org\/web\/20210225233047\/https:\/\/scholar.google.com\/scholar?hl=en&q=P%C3%A4ivi+Majaranta+and+Kari%C2%A0Jouko+R%C3%A4ih%C3%A4.+2002.+Twenty+years+of+eye+typing%3A+systems+and+design+issues.+In+ETRA%2C+Vol.%C2%A02.+15%E2%80%9322.+https%3A%2F%2Fdoi.org%2F10.1145%2F507072.507076","serp_wayback_raw_url":"https:\/\/web.archive.org\/web\/20210225233047id_\/https:\/\/scholar.google.com\/scholar?hl=en&q=P%C3%A4ivi+Majaranta+and+Kari%C2%A0Jouko+R%C3%A4ih%C3%A4.+2002.+Twenty+years+of+eye+typing%3A+systems+and+design+issues.+In+ETRA%2C+Vol.%C2%A02.+15%E2%80%9322.+https%3A%2F%2Fdoi.org%2F10.1145%2F507072.507076","serp_page":null,"serp_offset":null,"serp_query_text_url":"P\u00e4ivi Majaranta and Kari\u00a0Jouko R\u00e4ih\u00e4. 2002. Twenty years of eye typing: systems and design issues. In ETRA, Vol.\u00a02. 15\u201322. https:\/\/doi.org\/10.1145\/507072.507076","serp_query_text_url_language":null,"serp_query_text_html":"P\u00e4ivi Majaranta and Kari\u00a0Jouko R\u00e4ih\u00e4. 2002. Twenty years of eye typing: systems and design issues. In ETRA, Vol.\u00a02. 15\u201322. https:\/\/doi.org\/10.1145\/507072.507076","serp_warc_relative_path":"focused\/archived-raw-serps\/google\/scholar.google.com%2Fscholar%3F\/0000000743\/0000000000.warc.gz","serp_warc_byte_offset":198376,"serp_results":[],"search_provider_name":"google","search_provider_alexa_domain":"google.com","search_provider_alexa_domain_public_suffix":"com","search_provider_alexa_rank":1,"search_provider_category":"search-engine"}
{"serp_id":"d7899daf-8fee-51b1-a1e6-25a4c5995f67","serp_url":"https:\/\/scholar.google.com\/scholar?hl=en&q=L%C3%BCtzenberger%2C+M.%2C+Ahrndt%2C+S.%2C+Hirsch%2C+B.%2C+Masuch%2C+N.%2C+He%C3%9Fler%2C+A.%2C+and+Albayrak%2C+S.+Strategic+behaviour+in+a+living+environment.+In+Proceedings+of+the+2011+Winter+Simulation+Conference+(WSC'11)%2C+Phoenix%2C+AZ%2C+USA%2C+S.+Jain%2C+R.+Creasey%2C+J.+Himmelspach%2C+K.+White%2C+and+M.+Fu%2C+Eds.%2C+IEEE+(December+2011)%2C+246--258.+","serp_timestamp":1614186905000,"serp_wayback_url":"https:\/\/web.archive.org\/web\/20210224181505\/https:\/\/scholar.google.com\/scholar?hl=en&q=L%C3%BCtzenberger%2C+M.%2C+Ahrndt%2C+S.%2C+Hirsch%2C+B.%2C+Masuch%2C+N.%2C+He%C3%9Fler%2C+A.%2C+and+Albayrak%2C+S.+Strategic+behaviour+in+a+living+environment.+In+Proceedings+of+the+2011+Winter+Simulation+Conference+(WSC'11)%2C+Phoenix%2C+AZ%2C+USA%2C+S.+Jain%2C+R.+Creasey%2C+J.+Himmelspach%2C+K.+White%2C+and+M.+Fu%2C+Eds.%2C+IEEE+(December+2011)%2C+246--258.+","serp_wayback_raw_url":"https:\/\/web.archive.org\/web\/20210224181505id_\/https:\/\/scholar.google.com\/scholar?hl=en&q=L%C3%BCtzenberger%2C+M.%2C+Ahrndt%2C+S.%2C+Hirsch%2C+B.%2C+Masuch%2C+N.%2C+He%C3%9Fler%2C+A.%2C+and+Albayrak%2C+S.+Strategic+behaviour+in+a+living+environment.+In+Proceedings+of+the+2011+Winter+Simulation+Conference+(WSC'11)%2C+Phoenix%2C+AZ%2C+USA%2C+S.+Jain%2C+R.+Creasey%2C+J.+Himmelspach%2C+K.+White%2C+and+M.+Fu%2C+Eds.%2C+IEEE+(December+2011)%2C+246--258.+","serp_page":null,"serp_offset":null,"serp_query_text_url":"L\u00fctzenberger, M., Ahrndt, S., Hirsch, B., Masuch, N., He\u00dfler, A., and Albayrak, S. Strategic behaviour in a living environment. In Proceedings of the 2011 Winter Simulation Conference (WSC'11), Phoenix, AZ, USA, S. Jain, R. Creasey, J. Himmelspach, K. White, and M. Fu, Eds., IEEE (December 2011), 246--258.","serp_query_text_url_language":null,"serp_query_text_html":"L\u00fctzenberger, M., Ahrndt, S., Hirsch, B., Masuch, N., He\u00dfler, A., and Albayrak, S. Strategic behaviour in a living environment. In Proceedings of the 2011 Winter Simulation Conference (WSC'11), Phoenix, AZ, USA, S. Jain, R. Creasey, J. Himmelspach, K. Wh","serp_warc_relative_path":"focused\/archived-raw-serps\/google\/scholar.google.com%2Fscholar%3F\/0000000632\/0000000000.warc.gz","serp_warc_byte_offset":66533,"serp_results":[],"search_provider_name":"google","search_provider_alexa_domain":"google.com","search_provider_alexa_domain_public_suffix":"com","search_provider_alexa_rank":1,"search_provider_category":"search-engine"}
{"serp_id":"a76da3e8-46ea-5753-aa93-cffdb659a521","serp_url":"https:\/\/scholar.google.com\/scholar?hl=en&q=Jingjin+Yu+and+Steven+M.+LaValle.+2016.+Optimal+Multirobot+Path+Planning+on+Graphs%3A+Complete+Algorithms+and+Effective+Heuristics.+IEEE+Transactions+on+Robotics%2C+Vol.+32%2C+5+(2016)%2C+1163--1177.","serp_timestamp":1614149766000,"serp_wayback_url":"https:\/\/web.archive.org\/web\/20210224075606\/https:\/\/scholar.google.com\/scholar?hl=en&q=Jingjin+Yu+and+Steven+M.+LaValle.+2016.+Optimal+Multirobot+Path+Planning+on+Graphs%3A+Complete+Algorithms+and+Effective+Heuristics.+IEEE+Transactions+on+Robotics%2C+Vol.+32%2C+5+(2016)%2C+1163--1177.","serp_wayback_raw_url":"https:\/\/web.archive.org\/web\/20210224075606id_\/https:\/\/scholar.google.com\/scholar?hl=en&q=Jingjin+Yu+and+Steven+M.+LaValle.+2016.+Optimal+Multirobot+Path+Planning+on+Graphs%3A+Complete+Algorithms+and+Effective+Heuristics.+IEEE+Transactions+on+Robotics%2C+Vol.+32%2C+5+(2016)%2C+1163--1177.","serp_page":null,"serp_offset":null,"serp_query_text_url":"Jingjin Yu and Steven M. LaValle. 2016. Optimal Multirobot Path Planning on Graphs: Complete Algorithms and Effective Heuristics. IEEE Transactions on Robotics, Vol. 32, 5 (2016), 1163--1177.","serp_query_text_url_language":null,"serp_query_text_html":"Jingjin Yu and Steven M. LaValle. 2016. Optimal Multirobot Path Planning on Graphs: Complete Algorithms and Effective Heuristics. IEEE Transactions on Robotics, Vol. 32, 5 (2016), 1163--1177.","serp_warc_relative_path":"focused\/archived-raw-serps\/google\/scholar.google.com%2Fscholar%3F\/0000000596\/0000000000.warc.gz","serp_warc_byte_offset":713,"serp_results":[],"search_provider_name":"google","search_provider_alexa_domain":"google.com","search_provider_alexa_domain_public_suffix":"com","search_provider_alexa_rank":1,"search_provider_category":"search-engine"}
{"serp_id":"d16de9a9-db9c-584e-87e1-868a3d983730","serp_url":"https:\/\/scholar.google.com\/scholar?hl=en&q=A.Reyhani-Maoleh%2C+and+Hasan%2C+M.+A.+A+new+construction+of+massey-omura+parallel+multiplier+over+GF%24(2m).+IEEE+Trans+.Computers+Pp.511--520+(MAY+2002).+10.1109%2FTC.2002.1004590+","serp_timestamp":1614289450000,"serp_wayback_url":"https:\/\/web.archive.org\/web\/20210225224410\/https:\/\/scholar.google.com\/scholar?hl=en&q=A.Reyhani-Maoleh%2C+and+Hasan%2C+M.+A.+A+new+construction+of+massey-omura+parallel+multiplier+over+GF%24(2m).+IEEE+Trans+.Computers+Pp.511--520+(MAY+2002).+10.1109%2FTC.2002.1004590+","serp_wayback_raw_url":"https:\/\/web.archive.org\/web\/20210225224410id_\/https:\/\/scholar.google.com\/scholar?hl=en&q=A.Reyhani-Maoleh%2C+and+Hasan%2C+M.+A.+A+new+construction+of+massey-omura+parallel+multiplier+over+GF%24(2m).+IEEE+Trans+.Computers+Pp.511--520+(MAY+2002).+10.1109%2FTC.2002.1004590+","serp_page":null,"serp_offset":null,"serp_query_text_url":"A.Reyhani-Maoleh, and Hasan, M. A. A new construction of massey-omura parallel multiplier over GF$(2m). IEEE Trans .Computers Pp.511--520 (MAY 2002). 10.1109\/TC.2002.1004590","serp_query_text_url_language":"en","serp_query_text_html":"A.Reyhani-Maoleh, and Hasan, M. A. A new construction of massey-omura parallel multiplier over GF$(2m). IEEE Trans .Computers Pp.511--520 (MAY 2002). 10.1109\/TC.2002.1004590 ","serp_warc_relative_path":"focused\/archived-raw-serps\/google\/scholar.google.com%2Fscholar%3F\/0000000323\/0000000000.warc.gz","serp_warc_byte_offset":67052,"serp_results":[],"search_provider_name":"google","search_provider_alexa_domain":"google.com","search_provider_alexa_domain_public_suffix":"com","search_provider_alexa_rank":1,"search_provider_category":"search-engine"}
{"serp_id":"0fe98c44-e041-5e8b-a4b4-a356f3aa8d79","serp_url":"https:\/\/scholar.google.com\/scholar?hl=en&q=Mrinmoy+Ghosh%2C+Emre+%C3%96zer%2C+Simon+Ford%2C+Stuart+Biles%2C+and+Hsien-Hsin+S.+Lee.+2009.+Way+Guard%3A+A+Segmented+Counting+Bloom+Filter+Approach+to+Reducing+Energy+for+Set-Associative+Caches.+In+International+Symposium+on+Low+Power+Electronics+and+Design+(ISLPED).+ACM%2FIEEE%2C+165--170.","serp_timestamp":1614140813000,"serp_wayback_url":"https:\/\/web.archive.org\/web\/20210224052653\/https:\/\/scholar.google.com\/scholar?hl=en&q=Mrinmoy+Ghosh%2C+Emre+%C3%96zer%2C+Simon+Ford%2C+Stuart+Biles%2C+and+Hsien-Hsin+S.+Lee.+2009.+Way+Guard%3A+A+Segmented+Counting+Bloom+Filter+Approach+to+Reducing+Energy+for+Set-Associative+Caches.+In+International+Symposium+on+Low+Power+Electronics+and+Design+(ISLPED).+ACM%2FIEEE%2C+165--170.","serp_wayback_raw_url":"https:\/\/web.archive.org\/web\/20210224052653id_\/https:\/\/scholar.google.com\/scholar?hl=en&q=Mrinmoy+Ghosh%2C+Emre+%C3%96zer%2C+Simon+Ford%2C+Stuart+Biles%2C+and+Hsien-Hsin+S.+Lee.+2009.+Way+Guard%3A+A+Segmented+Counting+Bloom+Filter+Approach+to+Reducing+Energy+for+Set-Associative+Caches.+In+International+Symposium+on+Low+Power+Electronics+and+Design+(ISLPED).+ACM%2FIEEE%2C+165--170.","serp_page":null,"serp_offset":null,"serp_query_text_url":"Mrinmoy Ghosh, Emre \u00d6zer, Simon Ford, Stuart Biles, and Hsien-Hsin S. Lee. 2009. Way Guard: A Segmented Counting Bloom Filter Approach to Reducing Energy for Set-Associative Caches. In International Symposium on Low Power Electronics and Design (ISLPED). ACM\/IEEE, 165--170.","serp_query_text_url_language":"en","serp_query_text_html":"Mrinmoy Ghosh, Emre \u00d6zer, Simon Ford, Stuart Biles, and Hsien-Hsin S. Lee. 2009. Way Guard: A Segmented Counting Bloom Filter Approach to Reducing Energy for Set-Associative Caches. In International Symposium on Low Power Electronics and Design (ISLPED). ","serp_warc_relative_path":"focused\/archived-raw-serps\/google\/scholar.google.com%2Fscholar%3F\/0000000714\/0000000000.warc.gz","serp_warc_byte_offset":34169,"serp_results":[],"search_provider_name":"google","search_provider_alexa_domain":"google.com","search_provider_alexa_domain_public_suffix":"com","search_provider_alexa_rank":1,"search_provider_category":"search-engine"}
{"serp_id":"b4933227-7995-527f-9943-95de6d2278fb","serp_url":"https:\/\/scholar.google.com\/scholar?hl=en&q=Barnsley%2C+M.+F.+and+Hurd%2C+L.+P.+1993%2C+Fractal+Image+Compression%2C+A.K.+Peters.+","serp_timestamp":1614134172000,"serp_wayback_url":"https:\/\/web.archive.org\/web\/20210224033612\/https:\/\/scholar.google.com\/scholar?hl=en&q=Barnsley%2C+M.+F.+and+Hurd%2C+L.+P.+1993%2C+Fractal+Image+Compression%2C+A.K.+Peters.+","serp_wayback_raw_url":"https:\/\/web.archive.org\/web\/20210224033612id_\/https:\/\/scholar.google.com\/scholar?hl=en&q=Barnsley%2C+M.+F.+and+Hurd%2C+L.+P.+1993%2C+Fractal+Image+Compression%2C+A.K.+Peters.+","serp_page":null,"serp_offset":null,"serp_query_text_url":"Barnsley, M. F. and Hurd, L. P. 1993, Fractal Image Compression, A.K. Peters.","serp_query_text_url_language":"en","serp_query_text_html":"Barnsley, M. F. and Hurd, L. P. 1993, Fractal Image Compression, A.K. Peters. ","serp_warc_relative_path":"focused\/archived-raw-serps\/google\/scholar.google.com%2Fscholar%3F\/0000000364\/0000000000.warc.gz","serp_warc_byte_offset":102338,"serp_results":[],"search_provider_name":"google","search_provider_alexa_domain":"google.com","search_provider_alexa_domain_public_suffix":"com","search_provider_alexa_rank":1,"search_provider_category":"search-engine"}
