serp_id,serp_url,serp_timestamp,serp_wayback_url,serp_wayback_raw_url,serp_page,serp_offset,serp_query_text_url,serp_query_text_url_language,serp_query_text_html,serp_warc_relative_path,serp_warc_byte_offset,serp_results,search_provider_name,search_provider_alexa_domain,search_provider_alexa_domain_public_suffix,search_provider_alexa_rank,search_provider_category
3d8b4173-1cc6-5f4b-8ed3-30f10e439a42,https://www.google.co.jp/search?q=%22FK%E3%82%B8%E3%82%A7%E3%83%AC%E3%82%BA%E3%83%8B%E3%82%AF%22+-wikipedia&num=50&hl=ja&filter=0,2022-01-03 02:14:44,https://web.archive.org/web/20220103031444/https://www.google.co.jp/search?q=%22FK%E3%82%B8%E3%82%A7%E3%83%AC%E3%82%BA%E3%83%8B%E3%82%AF%22+-wikipedia&num=50&hl=ja&filter=0,https://web.archive.org/web/20220103031444id_/https://www.google.co.jp/search?q=%22FK%E3%82%B8%E3%82%A7%E3%83%AC%E3%82%BA%E3%83%8B%E3%82%AF%22+-wikipedia&num=50&hl=ja&filter=0,,,"""FKジェレズニク"" -wikipedia",kk,"""FKジェレズニク"" -wikipedia",focused/archived-raw-serps/google/google.co.jp%2Fsearch%3F/0000000039/0000000000.warc.gz,1744127,"[{'result_id': 'ea1b3af7-ba83-59d3-87b0-c508ed19bbf6', 'result_url': 'https://www.google.co.jp/url?q=https://wiki2th.com/ja/FK_%25C5%25BDeleznik&sa=U&ved=2ahUKEwips_PgzpT1AhUsFzQIHd1hBIEQFnoECAAQAg&usg=AOvVaw2d9uCFjo2T7N0ZRHHBDWxa', 'result_domain': 'www.google.co.jp', 'result_domain_public_suffix': 'co.jp', 'result_wayback_url': 'https://web.archive.org/web/20220103031444/https://www.google.co.jp/url?q=https://wiki2th.com/ja/FK_%25C5%25BDeleznik&sa=U&ved=2ahUKEwips_PgzpT1AhUsFzQIHd1hBIEQFnoECAAQAg&usg=AOvVaw2d9uCFjo2T7N0ZRHHBDWxa', 'result_wayback_raw_url': 'https://web.archive.org/web/20220103031444id_/https://www.google.co.jp/url?q=https://wiki2th.com/ja/FK_%25C5%25BDeleznik&sa=U&ved=2ahUKEwips_PgzpT1AhUsFzQIHd1hBIEQFnoECAAQAg&usg=AOvVaw2d9uCFjo2T7N0ZRHHBDWxa', 'result_snippet_rank': 2, 'result_snippet_title': 'FKジェレズニク', 'result_snippet_text': None, 'result_warc_relative_path': None, 'result_warc_byte_offset': None}
 {'result_id': 'd884bd09-de35-5088-af44-3e9f2cc977a6', 'result_url': 'https://www.google.co.jp/url?q=https://wiki2th.com/ja/1997%25E2%2580%259398_First_League_of_FR_Yugoslavia&sa=U&ved=2ahUKEwips_PgzpT1AhUsFzQIHd1hBIEQFnoECAYQAg&usg=AOvVaw2Oj5j5rEQDSDE_43zhZALt', 'result_domain': 'www.google.co.jp', 'result_domain_public_suffix': 'co.jp', 'result_wayback_url': 'https://web.archive.org/web/20220103031444/https://www.google.co.jp/url?q=https://wiki2th.com/ja/1997%25E2%2580%259398_First_League_of_FR_Yugoslavia&sa=U&ved=2ahUKEwips_PgzpT1AhUsFzQIHd1hBIEQFnoECAYQAg&usg=AOvVaw2Oj5j5rEQDSDE_43zhZALt', 'result_wayback_raw_url': 'https://web.archive.org/web/20220103031444id_/https://www.google.co.jp/url?q=https://wiki2th.com/ja/1997%25E2%2580%259398_First_League_of_FR_Yugoslavia&sa=U&ved=2ahUKEwips_PgzpT1AhUsFzQIHd1hBIEQFnoECAYQAg&usg=AOvVaw2Oj5j5rEQDSDE_43zhZALt', 'result_snippet_rank': 3, 'result_snippet_title': '1997–98FRユーゴスラビアの最初のリーグ', 'result_snippet_text': None, 'result_warc_relative_path': None, 'result_warc_byte_offset': None}
 {'result_id': 'd4ed6e5e-7052-5cb8-8d5f-f9eb1c60beec', 'result_url': 'https://www.google.co.jp/url?q=https://artsandculture.google.com/entity/m04czfd3%3Fhl%3Dja&sa=U&ved=2ahUKEwips_PgzpT1AhUsFzQIHd1hBIEQFnoECAgQAg&usg=AOvVaw0DRwlgZgB9H0lBQ6pXpYr3', 'result_domain': 'www.google.co.jp', 'result_domain_public_suffix': 'co.jp', 'result_wayback_url': 'https://web.archive.org/web/20220103031444/https://www.google.co.jp/url?q=https://artsandculture.google.com/entity/m04czfd3%3Fhl%3Dja&sa=U&ved=2ahUKEwips_PgzpT1AhUsFzQIHd1hBIEQFnoECAgQAg&usg=AOvVaw0DRwlgZgB9H0lBQ6pXpYr3', 'result_wayback_raw_url': 'https://web.archive.org/web/20220103031444id_/https://www.google.co.jp/url?q=https://artsandculture.google.com/entity/m04czfd3%3Fhl%3Dja&sa=U&ved=2ahUKEwips_PgzpT1AhUsFzQIHd1hBIEQFnoECAgQAg&usg=AOvVaw0DRwlgZgB9H0lBQ6pXpYr3', 'result_snippet_rank': 4, 'result_snippet_title': 'FKジェレズニク — Google Arts &amp; Culture', 'result_snippet_text': None, 'result_warc_relative_path': None, 'result_warc_byte_offset': None}
 {'result_id': '4fbbfb8a-df50-5803-a767-97b1cd3055d4', 'result_url': 'https://www.google.co.jp/url?q=http://yourei.jp/fk%25E3%2583%25A2%25E3%2582%25B0%25E3%2583%25AC%25E3%2583%25B3&sa=U&ved=2ahUKEwips_PgzpT1AhUsFzQIHd1hBIEQFnoECAkQAg&usg=AOvVaw2Q72I7cqXanyjvJFlUxg6c', 'result_domain': 'www.google.co.jp', 'result_domain_public_suffix': 'co.jp', 'result_wayback_url': 'https://web.archive.org/web/20220103031444/https://www.google.co.jp/url?q=http://yourei.jp/fk%25E3%2583%25A2%25E3%2582%25B0%25E3%2583%25AC%25E3%2583%25B3&sa=U&ved=2ahUKEwips_PgzpT1AhUsFzQIHd1hBIEQFnoECAkQAg&usg=AOvVaw2Q72I7cqXanyjvJFlUxg6c', 'result_wayback_raw_url': 'https://web.archive.org/web/20220103031444id_/https://www.google.co.jp/url?q=http://yourei.jp/fk%25E3%2583%25A2%25E3%2582%25B0%25E3%2583%25AC%25E3%2583%25B3&sa=U&ved=2ahUKEwips_PgzpT1AhUsFzQIHd1hBIEQFnoECAkQAg&usg=AOvVaw2Q72I7cqXanyjvJFlUxg6c', 'result_snippet_rank': 5, 'result_snippet_title': '「fkモグレン」の用例・例文集', 'result_snippet_text': None, 'result_warc_relative_path': None, 'result_warc_byte_offset': None}
 {'result_id': '66e81dbd-9526-5f23-bd52-e91ec8afbe66', 'result_url': 'https://www.google.co.jp/url?q=http://yourei.jp/fk%25E3%2582%25BC%25E3%2583%25A0%25E3%2583%25B3&sa=U&ved=2ahUKEwips_PgzpT1AhUsFzQIHd1hBIEQFnoECAoQAg&usg=AOvVaw2aOBSFDWE5hlRFsmXsZxmi', 'result_domain': 'www.google.co.jp', 'result_domain_public_suffix': 'co.jp', 'result_wayback_url': 'https://web.archive.org/web/20220103031444/https://www.google.co.jp/url?q=http://yourei.jp/fk%25E3%2582%25BC%25E3%2583%25A0%25E3%2583%25B3&sa=U&ved=2ahUKEwips_PgzpT1AhUsFzQIHd1hBIEQFnoECAoQAg&usg=AOvVaw2aOBSFDWE5hlRFsmXsZxmi', 'result_wayback_raw_url': 'https://web.archive.org/web/20220103031444id_/https://www.google.co.jp/url?q=http://yourei.jp/fk%25E3%2582%25BC%25E3%2583%25A0%25E3%2583%25B3&sa=U&ved=2ahUKEwips_PgzpT1AhUsFzQIHd1hBIEQFnoECAoQAg&usg=AOvVaw2aOBSFDWE5hlRFsmXsZxmi', 'result_snippet_rank': 6, 'result_snippet_title': '「fkゼムン」の用例・例文集', 'result_snippet_text': None, 'result_warc_relative_path': None, 'result_warc_byte_offset': None}
 {'result_id': '91a7eb96-41f9-57a3-a6c8-714c1572d5f7', 'result_url': 'https://www.google.co.jp/url?q=http://www.sodensakae.com/fdetail.aspx%3Fver%3D15%26card%3DA19&sa=U&ved=2ahUKEwips_PgzpT1AhUsFzQIHd1hBIEQFnoECAcQAg&usg=AOvVaw32p4fbUNq7rknh8tqgFVrH', 'result_domain': 'www.google.co.jp', 'result_domain_public_suffix': 'co.jp', 'result_wayback_url': 'https://web.archive.org/web/20220103031444/https://www.google.co.jp/url?q=http://www.sodensakae.com/fdetail.aspx%3Fver%3D15%26card%3DA19&sa=U&ved=2ahUKEwips_PgzpT1AhUsFzQIHd1hBIEQFnoECAcQAg&usg=AOvVaw32p4fbUNq7rknh8tqgFVrH', 'result_wayback_raw_url': 'https://web.archive.org/web/20220103031444id_/https://www.google.co.jp/url?q=http://www.sodensakae.com/fdetail.aspx%3Fver%3D15%26card%3DA19&sa=U&ved=2ahUKEwips_PgzpT1AhUsFzQIHd1hBIEQFnoECAcQAg&usg=AOvVaw32p4fbUNq7rknh8tqgFVrH', 'result_snippet_rank': 7, 'result_snippet_title': 'ミラン・ビシェバツ | FOOTISTAカードデータ詳細 - WCCF ...', 'result_snippet_text': None, 'result_warc_relative_path': None, 'result_warc_byte_offset': None}
 {'result_id': 'e36577c9-f653-5bea-98af-4d3451136526', 'result_url': 'https://www.google.co.jp/url?q=http://www.sodensakae.com/fdetail.aspx%3Fver%3D3%26card%3D059&sa=U&ved=2ahUKEwips_PgzpT1AhUsFzQIHd1hBIEQFnoECAEQAg&usg=AOvVaw1A4_8BgetEtINunQCUNHqD', 'result_domain': 'www.google.co.jp', 'result_domain_public_suffix': 'co.jp', 'result_wayback_url': 'https://web.archive.org/web/20220103031444/https://www.google.co.jp/url?q=http://www.sodensakae.com/fdetail.aspx%3Fver%3D3%26card%3D059&sa=U&ved=2ahUKEwips_PgzpT1AhUsFzQIHd1hBIEQFnoECAEQAg&usg=AOvVaw1A4_8BgetEtINunQCUNHqD', 'result_wayback_raw_url': 'https://web.archive.org/web/20220103031444id_/https://www.google.co.jp/url?q=http://www.sodensakae.com/fdetail.aspx%3Fver%3D3%26card%3D059&sa=U&ved=2ahUKEwips_PgzpT1AhUsFzQIHd1hBIEQFnoECAEQAg&usg=AOvVaw1A4_8BgetEtINunQCUNHqD', 'result_snippet_rank': 8, 'result_snippet_title': 'ニコラ・ラゼティッチ | FOOTISTAカードデータ詳細 - WCCF ...', 'result_snippet_text': None, 'result_warc_relative_path': None, 'result_warc_byte_offset': None}
 {'result_id': '6b19f51c-dd2d-5118-9396-897a2e512502', 'result_url': 'https://www.google.co.jp/url?q=https://www.owlapps.net/owlapps_apps/articles%3Fid%3D3192600%26lang%3Dja&sa=U&ved=2ahUKEwips_PgzpT1AhUsFzQIHd1hBIEQFnoECAQQAg&usg=AOvVaw3JUn4CMoUhQ0C34hNbr6QD', 'result_domain': 'www.google.co.jp', 'result_domain_public_suffix': 'co.jp', 'result_wayback_url': 'https://web.archive.org/web/20220103031444/https://www.google.co.jp/url?q=https://www.owlapps.net/owlapps_apps/articles%3Fid%3D3192600%26lang%3Dja&sa=U&ved=2ahUKEwips_PgzpT1AhUsFzQIHd1hBIEQFnoECAQQAg&usg=AOvVaw3JUn4CMoUhQ0C34hNbr6QD', 'result_wayback_raw_url': 'https://web.archive.org/web/20220103031444id_/https://www.google.co.jp/url?q=https://www.owlapps.net/owlapps_apps/articles%3Fid%3D3192600%26lang%3Dja&sa=U&ved=2ahUKEwips_PgzpT1AhUsFzQIHd1hBIEQFnoECAQQAg&usg=AOvVaw3JUn4CMoUhQ0C34hNbr6QD', 'result_snippet_rank': 10, 'result_snippet_title': 'FKヴォジュドヴァツ | owlapps', 'result_snippet_text': None, 'result_warc_relative_path': None, 'result_warc_byte_offset': None}
 {'result_id': 'dde87a0f-a827-5381-903c-0417fcf1d91e', 'result_url': 'https://www.google.co.jp/url?q=http://wikinote.site/search.php%3Fsearch%3D%25E3%2583%25A8%25E3%2583%25B4%25E3%2582%25A1%25E3%2583%25B3%25E3%2583%25BB%25E3%2583%259E%25E3%2583%25AB%25E3%2582%25B3%25E3%2582%25B9%25E3%2582%25AD&sa=U&ved=2ahUKEwips_PgzpT1AhUsFzQIHd1hBIEQFnoECAMQAg&usg=AOvVaw3GrXCpNIkMre2d8GOoiUuP', 'result_domain': 'www.google.co.jp', 'result_domain_public_suffix': 'co.jp', 'result_wayback_url': 'https://web.archive.org/web/20220103031444/https://www.google.co.jp/url?q=http://wikinote.site/search.php%3Fsearch%3D%25E3%2583%25A8%25E3%2583%25B4%25E3%2582%25A1%25E3%2583%25B3%25E3%2583%25BB%25E3%2583%259E%25E3%2583%25AB%25E3%2582%25B3%25E3%2582%25B9%25E3%2582%25AD&sa=U&ved=2ahUKEwips_PgzpT1AhUsFzQIHd1hBIEQFnoECAMQAg&usg=AOvVaw3GrXCpNIkMre2d8GOoiUuP', 'result_wayback_raw_url': 'https://web.archive.org/web/20220103031444id_/https://www.google.co.jp/url?q=http://wikinote.site/search.php%3Fsearch%3D%25E3%2583%25A8%25E3%2583%25B4%25E3%2582%25A1%25E3%2583%25B3%25E3%2583%25BB%25E3%2583%259E%25E3%2583%25AB%25E3%2582%25B3%25E3%2582%25B9%25E3%2582%25AD&sa=U&ved=2ahUKEwips_PgzpT1AhUsFzQIHd1hBIEQFnoECAMQAg&usg=AOvVaw3GrXCpNIkMre2d8GOoiUuP', 'result_snippet_rank': 11, 'result_snippet_title': '検索 | 知識の泉-ウィキノート- - WIKINOTE', 'result_snippet_text': None, 'result_warc_relative_path': None, 'result_warc_byte_offset': None}
 {'result_id': 'ad7220c5-a295-59b5-b677-2bc54e3f1f1f', 'result_url': 'https://www.google.co.jp/url?q=http://wikinote.site/search.php%3Fsearch%3D%25E3%2583%259F%25E3%2583%25A9%25E3%2583%25B3%25E3%2583%25BB%25E3%2583%2593%25E3%2582%25B7%25E3%2582%25A7%25E3%2583%25B4%25E3%2582%25A1%25E3%2583%2584&sa=U&ved=2ahUKEwips_PgzpT1AhUsFzQIHd1hBIEQFnoECAUQAg&usg=AOvVaw3YFykAFipSbHSsEfOJQNgV', 'result_domain': 'www.google.co.jp', 'result_domain_public_suffix': 'co.jp', 'result_wayback_url': 'https://web.archive.org/web/20220103031444/https://www.google.co.jp/url?q=http://wikinote.site/search.php%3Fsearch%3D%25E3%2583%259F%25E3%2583%25A9%25E3%2583%25B3%25E3%2583%25BB%25E3%2583%2593%25E3%2582%25B7%25E3%2582%25A7%25E3%2583%25B4%25E3%2582%25A1%25E3%2583%2584&sa=U&ved=2ahUKEwips_PgzpT1AhUsFzQIHd1hBIEQFnoECAUQAg&usg=AOvVaw3YFykAFipSbHSsEfOJQNgV', 'result_wayback_raw_url': 'https://web.archive.org/web/20220103031444id_/https://www.google.co.jp/url?q=http://wikinote.site/search.php%3Fsearch%3D%25E3%2583%259F%25E3%2583%25A9%25E3%2583%25B3%25E3%2583%25BB%25E3%2583%2593%25E3%2582%25B7%25E3%2582%25A7%25E3%2583%25B4%25E3%2582%25A1%25E3%2583%2584&sa=U&ved=2ahUKEwips_PgzpT1AhUsFzQIHd1hBIEQFnoECAUQAg&usg=AOvVaw3YFykAFipSbHSsEfOJQNgV', 'result_snippet_rank': 12, 'result_snippet_title': '検索 | 知識の泉-ウィキノート- - WIKINOTE', 'result_snippet_text': None, 'result_warc_relative_path': None, 'result_warc_byte_offset': None}
 {'result_id': 'b1f3a406-f342-532d-bce8-91b6c841465a', 'result_url': 'https://www.google.co.jp/url?q=http://wikinote.site/search.php%3Fsearch%3D%25E3%2582%25BB%25E3%2583%25AB%25E3%2583%2593%25E3%2582%25A2%25E3%2583%25BB%25E3%2583%25A2%25E3%2583%25B3%25E3%2583%2586%25E3%2583%258D%25E3%2582%25B0%25E3%2583%25AD%25E3%2582%25AB%25E3%2583%2583%25E3%2583%2597&sa=U&ved=2ahUKEwips_PgzpT1AhUsFzQIHd1hBIEQFnoECAIQAg&usg=AOvVaw1mfbVvvwROdGZGR4cy9WG0', 'result_domain': 'www.google.co.jp', 'result_domain_public_suffix': 'co.jp', 'result_wayback_url': 'https://web.archive.org/web/20220103031444/https://www.google.co.jp/url?q=http://wikinote.site/search.php%3Fsearch%3D%25E3%2582%25BB%25E3%2583%25AB%25E3%2583%2593%25E3%2582%25A2%25E3%2583%25BB%25E3%2583%25A2%25E3%2583%25B3%25E3%2583%2586%25E3%2583%258D%25E3%2582%25B0%25E3%2583%25AD%25E3%2582%25AB%25E3%2583%2583%25E3%2583%2597&sa=U&ved=2ahUKEwips_PgzpT1AhUsFzQIHd1hBIEQFnoECAIQAg&usg=AOvVaw1mfbVvvwROdGZGR4cy9WG0', 'result_wayback_raw_url': 'https://web.archive.org/web/20220103031444id_/https://www.google.co.jp/url?q=http://wikinote.site/search.php%3Fsearch%3D%25E3%2582%25BB%25E3%2583%25AB%25E3%2583%2593%25E3%2582%25A2%25E3%2583%25BB%25E3%2583%25A2%25E3%2583%25B3%25E3%2583%2586%25E3%2583%258D%25E3%2582%25B0%25E3%2583%25AD%25E3%2582%25AB%25E3%2583%2583%25E3%2583%2597&sa=U&ved=2ahUKEwips_PgzpT1AhUsFzQIHd1hBIEQFnoECAIQAg&usg=AOvVaw1mfbVvvwROdGZGR4cy9WG0', 'result_snippet_rank': 13, 'result_snippet_title': '検索 | 知識の泉-ウィキノート- - WIKINOTE', 'result_snippet_text': None, 'result_warc_relative_path': None, 'result_warc_byte_offset': None}]",google,google.com,com,1,search-engine
