{"result_id":"18964585-31b8-58d9-b795-4522a2967926","result_url":"https:\/\/go.factor75.com\/","result_domain":"go.factor75.com","result_domain_public_suffix":"com","result_wayback_url":"https:\/\/web.archive.org\/web\/20220728161422\/https:\/\/go.factor75.com\/","result_wayback_raw_url":"https:\/\/web.archive.org\/web\/20220728161422id_\/https:\/\/go.factor75.com\/","result_snippet_rank":1,"result_snippet_title":"go.factor75.com<em>Factor<\/em>_ | <em>Healthy, Fully-Prepared Meals<\/em> Delivered to Your ...","result_snippet_text":"Jan 31, 2015 \u00b7  Just heat, eat, and enjoy. Our prepared meal delivery service provides fully cooked, healthy <em>meals<\/em> made by real chefs that are ready to eat in minutes.","result_warc_relative_path":null,"result_warc_byte_offset":null,"serp_id":"e108139a-ee04-5915-b2ea-23c2f10f15da","serp_url":"https:\/\/search.yahoo.com\/search?p=Factor+Meals&fr=fp-tts&fr2=p%3Afp%2Cm%3Atn%2Cct%3Aall%2Ckt%3Arev%2Cpg%3A1%2Cstl%3Acrsl%2Cb%3A","serp_timestamp":1659017662000,"serp_wayback_url":"https:\/\/web.archive.org\/web\/20220728161422\/https:\/\/search.yahoo.com\/search?p=Factor+Meals&fr=fp-tts&fr2=p%3Afp%2Cm%3Atn%2Cct%3Aall%2Ckt%3Arev%2Cpg%3A1%2Cstl%3Acrsl%2Cb%3A","serp_wayback_raw_url":"https:\/\/web.archive.org\/web\/20220728161422id_\/https:\/\/search.yahoo.com\/search?p=Factor+Meals&fr=fp-tts&fr2=p%3Afp%2Cm%3Atn%2Cct%3Aall%2Ckt%3Arev%2Cpg%3A1%2Cstl%3Acrsl%2Cb%3A","serp_page":null,"serp_offset":null,"serp_query_text_url":"Factor Meals","serp_query_text_url_language":"nl","serp_query_text_html":"Factor Meals","serp_warc_relative_path":"focused\/archived-raw-serps\/yahoo\/search.yahoo.com%2Fsearch\/0000000108\/0000000000.warc.gz","serp_warc_byte_offset":66070674,"search_provider_name":"yahoo","search_provider_alexa_domain":"yahoo.com","search_provider_alexa_domain_public_suffix":"com","search_provider_alexa_rank":9,"search_provider_category":"web-portal"}
