{"result_id":"32df585c-a5fd-5fa5-b441-6571169fe478","result_url":"https:\/\/www.amazon.es\/Krups-Nespresso-YY1531FD-Independiente-c%C3%A1psulas\/dp\/B00IRWKB70\/ref=sr_1_21?__mk_es_ES=%C3%85M%C3%85%C5%BD%C3%95%C3%91&crid=D6UR09TZDDEE&keywords=cafeteras+de+c%C3%A1psulas&linkCode=sl2&linkId=6f26d9a7d94c86816a4cdeb02cbce2cd&qid=1647365064&sprefix=cafetera+de+c%C3%A1psulas%2Caps%2C97&sr=8-21","result_domain":"www.amazon.es","result_domain_public_suffix":"es","result_wayback_url":"https:\/\/web.archive.org\/web\/20220315172424\/https:\/\/www.amazon.es\/Krups-Nespresso-YY1531FD-Independiente-c%C3%A1psulas\/dp\/B00IRWKB70\/ref=sr_1_21?__mk_es_ES=%C3%85M%C3%85%C5%BD%C3%95%C3%91&crid=D6UR09TZDDEE&keywords=cafeteras+de+c%C3%A1psulas&linkCode=sl2&linkId=6f26d9a7d94c86816a4cdeb02cbce2cd&qid=1647365064&sprefix=cafetera+de+c%C3%A1psulas%2Caps%2C97&sr=8-21","result_wayback_raw_url":"https:\/\/web.archive.org\/web\/20220315172424id_\/https:\/\/www.amazon.es\/Krups-Nespresso-YY1531FD-Independiente-c%C3%A1psulas\/dp\/B00IRWKB70\/ref=sr_1_21?__mk_es_ES=%C3%85M%C3%85%C5%BD%C3%95%C3%91&crid=D6UR09TZDDEE&keywords=cafeteras+de+c%C3%A1psulas&linkCode=sl2&linkId=6f26d9a7d94c86816a4cdeb02cbce2cd&qid=1647365064&sprefix=cafetera+de+c%C3%A1psulas%2Caps%2C97&sr=8-21","result_snippet_rank":25,"result_snippet_title":"Krups Nespresso Inissia Rouge YY1531FD Independiente M\u00e1quina de caf\u00e9 en c\u00e1psulas 0.7L Negro, Rojo - Cafetera (Independiente, M\u00e1quina de caf\u00e9 en c\u00e1psulas, 0,7 L, C\u00e1psula de caf\u00e9, 1200 W, Negro, Rojo)","result_snippet_text":null,"result_warc_relative_path":null,"result_warc_byte_offset":null,"serp_id":"e079dc6a-9fbc-5231-a9f3-882f657a608b","serp_url":"https:\/\/www.amazon.es\/s?k=cafeteras+de+c%C3%A1psulas&s=review-rank&__mk_es_ES=%C3%85M%C3%85%C5%BD%C3%95%C3%91&crid=D6UR09TZDDEE&qid=1647363820&sprefix=cafetera+de+c%C3%A1psulas,aps,97&linkCode=sl2&tag=listascompara-21&linkId=6f26d9a7d94c86816a4cdeb02cbce2cd&language=es_ES&ref_=as_li_ss_tl","serp_timestamp":1647361464000,"serp_wayback_url":"https:\/\/web.archive.org\/web\/20220315172424\/https:\/\/www.amazon.es\/s?k=cafeteras+de+c%C3%A1psulas&s=review-rank&__mk_es_ES=%C3%85M%C3%85%C5%BD%C3%95%C3%91&crid=D6UR09TZDDEE&qid=1647363820&sprefix=cafetera+de+c%C3%A1psulas,aps,97&linkCode=sl2&tag=listascompara-21&linkId=6f26d9a7d94c86816a4cdeb02cbce2cd&language=es_ES&ref_=as_li_ss_tl","serp_wayback_raw_url":"https:\/\/web.archive.org\/web\/20220315172424id_\/https:\/\/www.amazon.es\/s?k=cafeteras+de+c%C3%A1psulas&s=review-rank&__mk_es_ES=%C3%85M%C3%85%C5%BD%C3%95%C3%91&crid=D6UR09TZDDEE&qid=1647363820&sprefix=cafetera+de+c%C3%A1psulas,aps,97&linkCode=sl2&tag=listascompara-21&linkId=6f26d9a7d94c86816a4cdeb02cbce2cd&language=es_ES&ref_=as_li_ss_tl","serp_page":null,"serp_offset":null,"serp_query_text_url":"cafeteras de c\u00e1psulas","serp_query_text_url_language":"es","serp_query_text_html":"cafeteras de c\u00e1psulas","serp_warc_relative_path":"focused\/archived-raw-serps\/amazon\/amazon.es%2Fs%3F\/0000000009\/0000000000.warc.gz","serp_warc_byte_offset":73865760,"search_provider_name":"amazon","search_provider_alexa_domain":"amazon.com","search_provider_alexa_domain_public_suffix":"com","search_provider_alexa_rank":10,"search_provider_category":"e-commerce"}
