{"serp_id":"dc67889e-c955-5e81-8a7d-c150246bb6fa","serp_url":"http:\/\/stackoverflow.com\/questions\/tagged\/android+reference+memory","serp_timestamp":1371109577000,"serp_wayback_url":"https:\/\/web.archive.org\/web\/20130613094617\/http:\/\/stackoverflow.com\/questions\/tagged\/android+reference+memory","serp_wayback_raw_url":"https:\/\/web.archive.org\/web\/20130613094617id_\/http:\/\/stackoverflow.com\/questions\/tagged\/android+reference+memory","serp_page":null,"serp_offset":null,"serp_query_text_url":"android+reference+memory","serp_query_text_url_language":"en","serp_query_text_html":"[android] [reference] [memory]","serp_warc_relative_path":"focused\/archived-raw-serps\/stackoverflow\/stackoverflow.com%2Fquestions%2Ftagged\/0000000022\/0000000000.warc.gz","serp_warc_byte_offset":554729,"serp_results":[{"result_id":"d92736c5-e4ba-5107-93e7-e3d1291c18cf","result_url":"http:\/\/stackoverflow.com\/questions\/11670906\/android-gref-increase-when-setting-tag-of-view","result_domain":"stackoverflow.com","result_domain_public_suffix":"com","result_wayback_url":"https:\/\/web.archive.org\/web\/20130613094617\/http:\/\/stackoverflow.com\/questions\/11670906\/android-gref-increase-when-setting-tag-of-view","result_wayback_raw_url":"https:\/\/web.archive.org\/web\/20130613094617id_\/http:\/\/stackoverflow.com\/questions\/11670906\/android-gref-increase-when-setting-tag-of-view","result_snippet_rank":1,"result_snippet_title":"Android GRef increase when setting tag of view","result_snippet_text":"I am working with a calendar activity and have implemented an adapter for handling the data. For every day in a month I have a button for which I set a tag. Then when the button is pushed I can tell ...","result_warc_relative_path":null,"result_warc_byte_offset":null}],"search_provider_name":"stackoverflow","search_provider_alexa_domain":"stackoverflow.com","search_provider_alexa_domain_public_suffix":"com","search_provider_alexa_rank":43,"search_provider_category":"question-and-answer"}
