{"result_id":"e1a258b6-b0b7-5d18-85ea-5dd5c013bc10","result_url":"https:\/\/www.youtube.com\/watch?v=KcGidWybaLk","result_domain":"www.youtube.com","result_domain_public_suffix":"com","result_wayback_url":"https:\/\/web.archive.org\/web\/20190627072802\/https:\/\/www.youtube.com\/watch?v=KcGidWybaLk","result_wayback_raw_url":"https:\/\/web.archive.org\/web\/20190627072802id_\/https:\/\/www.youtube.com\/watch?v=KcGidWybaLk","result_snippet_rank":3,"result_snippet_title":"\u041a\u0430\u043a \u0441\u0430\u043c\u043e\u0441\u0442\u043e\u044f\u0442\u0435\u043b\u044c\u043d\u043e \u0437\u0430\u043f\u043e\u043b\u043d\u0438\u0442\u044c \u0434\u0435\u043a\u043b\u0430\u0440\u0430\u0446\u0438\u044e 3-\u041d\u0414\u0424\u041b \u0437\u0430 2016 \u0433\u043e\u0434 - \u041f\u0440\u043e\u0434\u043e\u043b\u0436\u0438\u0442\u0435\u043b\u044c\u043d\u043e\u0441\u0442\u044c: 15:24","result_snippet_text":"\u0412\u044b\u0447\u0435\u0442 \u043f\u043e \u043f\u0440\u0435\u0434\u044b\u0434\u0443\u0449\u0438\u043c \u0433\u043e\u0434\u0430\u043c <em>\u0434\u0435\u043a\u043b\u0430\u0440\u0430\u0446\u0438\u0438<\/em>. \u0427\u0442\u043e \u0438 \u0433\u0434\u0435 \u043f\u0438\u0441\u0430\u0442\u044c? \u0417\u0410\u041f\u041e\u041b\u041d\u042f\u0415\u041c <em>\u0414\u0415\u041a\u041b\u0410\u0420\u0410\u0426\u0418\u042e 3<\/em>-<em>\u041d\u0414\u0424\u041b \u0417\u0410 2016 \u0413\u041e\u0414<\/em>...","result_warc_relative_path":null,"result_warc_byte_offset":null,"serp_id":"ee70ea20-0b88-576b-9759-4ff4663b9ada","serp_url":"https:\/\/www.youtube.com\/results?search_query=%D0%BA%D0%B0%D0%BA+%D0%B7%D0%B0%D0%BF%D0%BE%D0%BB%D0%BD%D0%B8%D1%82%D1%8C+%D0%B4%D0%B5%D0%BA%D0%BB%D0%B0%D1%80%D0%B0%D1%86%D0%B8%D1%8E+3+%D0%BD%D0%B4%D1%84%D0%BB+%D0%B7%D0%B0+2016+%D0%B3%D0%BE%D0%B4","serp_timestamp":1561613282000,"serp_wayback_url":"https:\/\/web.archive.org\/web\/20190627072802\/https:\/\/www.youtube.com\/results?search_query=%D0%BA%D0%B0%D0%BA+%D0%B7%D0%B0%D0%BF%D0%BE%D0%BB%D0%BD%D0%B8%D1%82%D1%8C+%D0%B4%D0%B5%D0%BA%D0%BB%D0%B0%D1%80%D0%B0%D1%86%D0%B8%D1%8E+3+%D0%BD%D0%B4%D1%84%D0%BB+%D0%B7%D0%B0+2016+%D0%B3%D0%BE%D0%B4","serp_wayback_raw_url":"https:\/\/web.archive.org\/web\/20190627072802id_\/https:\/\/www.youtube.com\/results?search_query=%D0%BA%D0%B0%D0%BA+%D0%B7%D0%B0%D0%BF%D0%BE%D0%BB%D0%BD%D0%B8%D1%82%D1%8C+%D0%B4%D0%B5%D0%BA%D0%BB%D0%B0%D1%80%D0%B0%D1%86%D0%B8%D1%8E+3+%D0%BD%D0%B4%D1%84%D0%BB+%D0%B7%D0%B0+2016+%D0%B3%D0%BE%D0%B4","serp_page":null,"serp_offset":null,"serp_query_text_url":"\u043a\u0430\u043a \u0437\u0430\u043f\u043e\u043b\u043d\u0438\u0442\u044c \u0434\u0435\u043a\u043b\u0430\u0440\u0430\u0446\u0438\u044e 3 \u043d\u0434\u0444\u043b \u0437\u0430 2016 \u0433\u043e\u0434","serp_query_text_url_language":"ru","serp_query_text_html":"\u043a\u0430\u043a \u0437\u0430\u043f\u043e\u043b\u043d\u0438\u0442\u044c \u0434\u0435\u043a\u043b\u0430\u0440\u0430\u0446\u0438\u044e 3 \u043d\u0434\u0444\u043b \u0437\u0430 2016 \u0433\u043e\u0434","serp_warc_relative_path":"focused\/archived-raw-serps\/youtube\/youtube.com%2Fresults%3F\/0000000470\/0000000000.warc.gz","serp_warc_byte_offset":201024,"search_provider_name":"youtube","search_provider_alexa_domain":"youtube.com","search_provider_alexa_domain_public_suffix":"com","search_provider_alexa_rank":2,"search_provider_category":"media-sharing"}
{"result_id":"9c31c31c-c3b2-5491-9c2b-b23e7cff1291","result_url":"https:\/\/www.youtube.com\/watch?v=dRvBoMe36kQ","result_domain":"www.youtube.com","result_domain_public_suffix":"com","result_wayback_url":"https:\/\/web.archive.org\/web\/20190628110055\/https:\/\/www.youtube.com\/watch?v=dRvBoMe36kQ","result_wayback_raw_url":"https:\/\/web.archive.org\/web\/20190628110055id_\/https:\/\/www.youtube.com\/watch?v=dRvBoMe36kQ","result_snippet_rank":23,"result_snippet_title":"\uacf5\uae30\uccad\uc815\uae30, \ud658\uae30\uccad\uc815\uae30, \uc5f4\ud68c\uc218\ud658\uae30\uc7a5\uce58 - \u041f\u0440\u043e\u0434\u043e\u043b\u0436\u0438\u0442\u0435\u043b\u044c\u043d\u043e\u0441\u0442\u044c: 10:15","result_snippet_text":"\uacf5\uae30\ub97c \uae68\ub057\ud558\uac8c \ud574\uc8fc\uac70\ub098 <em>\ud658\uae30<\/em>\ub97c \ud574\uc8fc\ub294 \uc5ec\ub7ec \uc7a5\uce58\ub4e4\uc758 \ud2b9\uc131\uc744 \uc54c\uc544 \ubd05\ub2c8\ub2e4. \uc804\uc6d0\uc8fc\ud0dd \uc815\ubcf4 \uce74\ud398 https:\/\/cafe.naver.com\/sunnyville.","result_warc_relative_path":null,"result_warc_byte_offset":null,"serp_id":"78464ee6-736f-5149-981e-82dd50304398","serp_url":"https:\/\/www.youtube.com\/results?search_query=%EC%A7%80%ED%95%98%EC%8B%A4+%ED%99%98%EA%B8%B0","serp_timestamp":1561712455000,"serp_wayback_url":"https:\/\/web.archive.org\/web\/20190628110055\/https:\/\/www.youtube.com\/results?search_query=%EC%A7%80%ED%95%98%EC%8B%A4+%ED%99%98%EA%B8%B0","serp_wayback_raw_url":"https:\/\/web.archive.org\/web\/20190628110055id_\/https:\/\/www.youtube.com\/results?search_query=%EC%A7%80%ED%95%98%EC%8B%A4+%ED%99%98%EA%B8%B0","serp_page":null,"serp_offset":null,"serp_query_text_url":"\uc9c0\ud558\uc2e4 \ud658\uae30","serp_query_text_url_language":"ko","serp_query_text_html":"\uc9c0\ud558\uc2e4 \ud658\uae30","serp_warc_relative_path":"focused\/archived-raw-serps\/youtube\/youtube.com%2Fresults%3F\/0000001081\/0000000000.warc.gz","serp_warc_byte_offset":667176,"search_provider_name":"youtube","search_provider_alexa_domain":"youtube.com","search_provider_alexa_domain_public_suffix":"com","search_provider_alexa_rank":2,"search_provider_category":"media-sharing"}
