{"serp_id":"98f58909-5b3b-5013-838f-0205bf080a37","serp_url":"http:\/\/stackoverflow.com\/questions\/tagged\/background+service+bind","serp_timestamp":1411919262000,"serp_wayback_url":"https:\/\/web.archive.org\/web\/20140928174742\/http:\/\/stackoverflow.com\/questions\/tagged\/background+service+bind","serp_wayback_raw_url":"https:\/\/web.archive.org\/web\/20140928174742id_\/http:\/\/stackoverflow.com\/questions\/tagged\/background+service+bind","serp_page":null,"serp_offset":null,"serp_query_text_url":"background+service+bind","serp_query_text_url_language":"de","serp_query_text_html":"[background] [service] [bind]","serp_warc_relative_path":"focused\/archived-raw-serps\/stackoverflow\/stackoverflow.com%2Fquestions%2Ftagged\/0000000069\/0000000000.warc.gz","serp_warc_byte_offset":254623,"serp_results":[{"result_id":"a792c702-ebef-5f5d-8355-00bd02a23b87","result_url":"http:\/\/stackoverflow.com\/questions\/7159604\/android-background-service","result_domain":"stackoverflow.com","result_domain_public_suffix":"com","result_wayback_url":"https:\/\/web.archive.org\/web\/20140928174742\/http:\/\/stackoverflow.com\/questions\/7159604\/android-background-service","result_wayback_raw_url":"https:\/\/web.archive.org\/web\/20140928174742id_\/http:\/\/stackoverflow.com\/questions\/7159604\/android-background-service","result_snippet_rank":1,"result_snippet_title":"Android background service","result_snippet_text":"I'm reading through the docs and the more time I spend I get more confused what's the easiest way to accomplish what I'm trying to do. I want to write a simple Service, which starts at button onClick ...","result_warc_relative_path":null,"result_warc_byte_offset":null},{"result_id":"79346173-3348-55fe-81e6-c90ac4459b22","result_url":"http:\/\/stackoverflow.com\/questions\/7057269\/unbinding-a-service-when-android-goes-to-lock-mode","result_domain":"stackoverflow.com","result_domain_public_suffix":"com","result_wayback_url":"https:\/\/web.archive.org\/web\/20140928174742\/http:\/\/stackoverflow.com\/questions\/7057269\/unbinding-a-service-when-android-goes-to-lock-mode","result_wayback_raw_url":"https:\/\/web.archive.org\/web\/20140928174742id_\/http:\/\/stackoverflow.com\/questions\/7057269\/unbinding-a-service-when-android-goes-to-lock-mode","result_snippet_rank":2,"result_snippet_title":"Unbinding a service when Android goes to Lock mode","result_snippet_text":"As @hackbod stated here, I used the onStart\/onStop couple to bind\/unbind to my service. \nI want my service to stop running when in lock mode (to save battery) and to resume when coming back. However, ...","result_warc_relative_path":null,"result_warc_byte_offset":null},{"result_id":"9f9c6c0f-2c4c-5c2f-a30d-81e49f8d0c6e","result_url":"http:\/\/stackoverflow.com\/questions\/9253589\/start-a-backround-song-of-a-hello-world-program-android-app","result_domain":"stackoverflow.com","result_domain_public_suffix":"com","result_wayback_url":"https:\/\/web.archive.org\/web\/20140928174742\/http:\/\/stackoverflow.com\/questions\/9253589\/start-a-backround-song-of-a-hello-world-program-android-app","result_wayback_raw_url":"https:\/\/web.archive.org\/web\/20140928174742id_\/http:\/\/stackoverflow.com\/questions\/9253589\/start-a-backround-song-of-a-hello-world-program-android-app","result_snippet_rank":3,"result_snippet_title":"start a backround song of a hello world program Android app?","result_snippet_text":"i made a simple app that shows my picture and some useless information, all i want is for a song to start playing ( song.mp3). idk if i should use threads or idk how to bind the files any help would ...","result_warc_relative_path":null,"result_warc_byte_offset":null}],"search_provider_name":"stackoverflow","search_provider_alexa_domain":"stackoverflow.com","search_provider_alexa_domain_public_suffix":"com","search_provider_alexa_rank":43,"search_provider_category":"question-and-answer"}
{"serp_id":"34c2456c-1759-59e5-a678-10a1fa827fd7","serp_url":"http:\/\/stackoverflow.com\/questions\/tagged\/user-defined-functions+mysql+stored-procedures+crontab","serp_timestamp":1410768652000,"serp_wayback_url":"https:\/\/web.archive.org\/web\/20140915101052\/http:\/\/stackoverflow.com\/questions\/tagged\/user-defined-functions+mysql+stored-procedures+crontab","serp_wayback_raw_url":"https:\/\/web.archive.org\/web\/20140915101052id_\/http:\/\/stackoverflow.com\/questions\/tagged\/user-defined-functions+mysql+stored-procedures+crontab","serp_page":null,"serp_offset":null,"serp_query_text_url":"user-defined-functions+mysql+stored-procedures+crontab","serp_query_text_url_language":null,"serp_query_text_html":"[user-defined-functions] [mysql] [stored-procedures] [crontab]","serp_warc_relative_path":"focused\/archived-raw-serps\/stackoverflow\/stackoverflow.com%2Fquestions%2Ftagged\/0000000558\/0000000000.warc.gz","serp_warc_byte_offset":248024,"serp_results":[{"result_id":"e4d53dee-47ad-5b33-99c5-dc6d746701b7","result_url":"http:\/\/stackoverflow.com\/questions\/20818376\/why-cant-i-use-mysqldump-command-in-a-stored-procedure","result_domain":"stackoverflow.com","result_domain_public_suffix":"com","result_wayback_url":"https:\/\/web.archive.org\/web\/20140915101052\/http:\/\/stackoverflow.com\/questions\/20818376\/why-cant-i-use-mysqldump-command-in-a-stored-procedure","result_wayback_raw_url":"https:\/\/web.archive.org\/web\/20140915101052id_\/http:\/\/stackoverflow.com\/questions\/20818376\/why-cant-i-use-mysqldump-command-in-a-stored-procedure","result_snippet_rank":1,"result_snippet_title":"Why can't I use mysqldump command in a stored procedure?","result_snippet_text":"I want to do:\n\n  delimiter \/\/\n  create procedure backup(IN filepath varchar(100),IN password varchar(100))\n  deterministic\n  begin\n  set @db=database();     \n  mysqldump -u current_user() -ppassword  ...","result_warc_relative_path":null,"result_warc_byte_offset":null}],"search_provider_name":"stackoverflow","search_provider_alexa_domain":"stackoverflow.com","search_provider_alexa_domain_public_suffix":"com","search_provider_alexa_rank":43,"search_provider_category":"question-and-answer"}
