serp_id,serp_url,serp_timestamp,serp_wayback_url,serp_wayback_raw_url,serp_page,serp_offset,serp_query_text_url,serp_query_text_url_language,serp_query_text_html,serp_warc_relative_path,serp_warc_byte_offset,serp_results,search_provider_name,search_provider_alexa_domain,search_provider_alexa_domain_public_suffix,search_provider_alexa_rank,search_provider_category
15ffd114-8d3f-55cf-99a5-43b2cc159591,https://www.google.com/search?q=devops+resume&pws=0&gl=en&hl=us,2021-07-30 15:01:38,https://web.archive.org/web/20210730170138/https://www.google.com/search?q=devops+resume&pws=0&gl=en&hl=us,https://web.archive.org/web/20210730170138id_/https://www.google.com/search?q=devops+resume&pws=0&gl=en&hl=us,,,devops resume,,devops resume,focused/archived-raw-serps/google/google.com%2Fsearch%3F/0000001719/0000000000.warc.gz,691566,"[{'result_id': '12cf4a9b-fa59-5e00-a03a-6c44cf08a414', 'result_url': 'https://www.indeed.com/career-advice/resume-samples/engineering-resumes/devops-engineer', 'result_domain': 'www.indeed.com', 'result_domain_public_suffix': 'com', 'result_wayback_url': 'https://web.archive.org/web/20210730170138/https://www.indeed.com/career-advice/resume-samples/engineering-resumes/devops-engineer', 'result_wayback_raw_url': 'https://web.archive.org/web/20210730170138id_/https://www.indeed.com/career-advice/resume-samples/engineering-resumes/devops-engineer', 'result_snippet_rank': 1, 'result_snippet_title': 'DevOps Engineer Resume Examples and Templates 2021 ...', 'result_snippet_text': '<em>DevOps</em> Engineer <em>Resume</em> Samples. Writing a great <em>DevOps</em> Engineer <em>resume</em> is an important step in your job search journey. When writing your <em>resume</em>, be sure to\xa0...', 'result_warc_relative_path': None, 'result_warc_byte_offset': None}
 {'result_id': '5f695347-af9d-543f-9254-6ab8f665a6c3', 'result_url': 'https://www.beamjobs.com/resumes/devops-resume-samples', 'result_domain': 'www.beamjobs.com', 'result_domain_public_suffix': 'com', 'result_wayback_url': 'https://web.archive.org/web/20210730170138/https://www.beamjobs.com/resumes/devops-resume-samples', 'result_wayback_raw_url': 'https://web.archive.org/web/20210730170138id_/https://www.beamjobs.com/resumes/devops-resume-samples', 'result_snippet_rank': 2, 'result_snippet_title': '5 DevOps Resume Samples Built For 2021 - BeamJobs', 'result_snippet_text': 'Whether you use AWS or GCP, are an individual contributor or a lead engineer, we have a <em>DevOps resume</em> to help get you interviews in 2021.', 'result_warc_relative_path': None, 'result_warc_byte_offset': None}
 {'result_id': 'f5b6a663-247e-5f37-9ac2-f30d07cbbac7', 'result_url': 'https://www.livecareer.com/resume-search/r/devops-engineer-ca076dfe5fbf45ebb929427c204c066d', 'result_domain': 'www.livecareer.com', 'result_domain_public_suffix': 'com', 'result_wayback_url': 'https://web.archive.org/web/20210730170138/https://www.livecareer.com/resume-search/r/devops-engineer-ca076dfe5fbf45ebb929427c204c066d', 'result_wayback_raw_url': 'https://web.archive.org/web/20210730170138id_/https://www.livecareer.com/resume-search/r/devops-engineer-ca076dfe5fbf45ebb929427c204c066d', 'result_snippet_rank': 3, 'result_snippet_title': 'Devops Engineer Resume Example Company Name - Falls ...', 'result_snippet_text': ""Building a successful <em>resume</em> shouldn't take forever. Our proven <em>Devops</em> Engineer <em>Resume</em> Example will get you on the right track quickly!"", 'result_warc_relative_path': None, 'result_warc_byte_offset': None}
 {'result_id': '4009b5a0-a9d4-5a72-8012-8095d5354da9', 'result_url': 'https://www.livecareer.com/resume/examples/computer-software/devops-engineer', 'result_domain': 'www.livecareer.com', 'result_domain_public_suffix': 'com', 'result_wayback_url': 'https://web.archive.org/web/20210730170138/https://www.livecareer.com/resume/examples/computer-software/devops-engineer', 'result_wayback_raw_url': 'https://web.archive.org/web/20210730170138id_/https://www.livecareer.com/resume/examples/computer-software/devops-engineer', 'result_snippet_rank': 4, 'result_snippet_title': 'DevOps Engineer Resume Example | It Resumes | LiveCareer', 'result_snippet_text': 'Do you know what to include in your <em>DevOps</em> Engineer <em>resume</em>? View hundreds of <em>DevOps</em> Engineer <em>resume</em> examples to learn the best format, verbs,\xa0...', 'result_warc_relative_path': None, 'result_warc_byte_offset': None}
 {'result_id': '3c0c45d5-5958-5b62-80f3-268d88c7cde4', 'result_url': 'https://www.edureka.co/blog/devops-resume', 'result_domain': 'www.edureka.co', 'result_domain_public_suffix': 'co', 'result_wayback_url': 'https://web.archive.org/web/20210730170138/https://www.edureka.co/blog/devops-resume', 'result_wayback_raw_url': 'https://web.archive.org/web/20210730170138id_/https://www.edureka.co/blog/devops-resume', 'result_snippet_rank': 5, 'result_snippet_title': 'DevOps Resume Example | DevOps Engineer CV/ Resume ...', 'result_snippet_text': 'This post on <em>DevOps Resume</em>, explains the skills required to get a DevOps related job role. It also includes an example of a DevOps Engineer\xa0...', 'result_warc_relative_path': None, 'result_warc_byte_offset': None}
 {'result_id': '1f6e7fb5-038b-555d-8ea8-7d8a557606f8', 'result_url': 'https://zety.com/blog/devops-resume-example', 'result_domain': 'zety.com', 'result_domain_public_suffix': 'com', 'result_wayback_url': 'https://web.archive.org/web/20210730170138/https://zety.com/blog/devops-resume-example', 'result_wayback_raw_url': 'https://web.archive.org/web/20210730170138id_/https://zety.com/blog/devops-resume-example', 'result_snippet_rank': 6, 'result_snippet_title': 'DevOps Engineer Resume Sample &amp; Guide (20+ Tips) - Zety', 'result_snippet_text': 'A <em>DevOps resume</em> sample that gets jobs. Get 20+ great DevOps engineer resume examples and job-winning tips from our experts. Read our complete guide to\xa0...', 'result_warc_relative_path': None, 'result_warc_byte_offset': None}
 {'result_id': '0e5b47e1-603c-5b6e-a073-cc927c4b9605', 'result_url': 'https://www.hireitpeople.com/resume-database/72-web-developer-resumes/112148-junior-devops-engineer-resume-chicago-il', 'result_domain': 'www.hireitpeople.com', 'result_domain_public_suffix': 'com', 'result_wayback_url': 'https://web.archive.org/web/20210730170138/https://www.hireitpeople.com/resume-database/72-web-developer-resumes/112148-junior-devops-engineer-resume-chicago-il', 'result_wayback_raw_url': 'https://web.archive.org/web/20210730170138id_/https://www.hireitpeople.com/resume-database/72-web-developer-resumes/112148-junior-devops-engineer-resume-chicago-il', 'result_snippet_rank': 7, 'result_snippet_title': 'Junior DevOps Engineer Resume Chicago, IL - Hire IT People ...', 'result_snippet_text': '› resume-database › 1121...', 'result_warc_relative_path': None, 'result_warc_byte_offset': None}
 {'result_id': '6a98867a-529b-52b9-a5b3-a4d46acdfb64', 'result_url': 'https://www.velvetjobs.com/resume/devops-engineer-resume-sample', 'result_domain': 'www.velvetjobs.com', 'result_domain_public_suffix': 'com', 'result_wayback_url': 'https://web.archive.org/web/20210730170138/https://www.velvetjobs.com/resume/devops-engineer-resume-sample', 'result_wayback_raw_url': 'https://web.archive.org/web/20210730170138id_/https://www.velvetjobs.com/resume/devops-engineer-resume-sample', 'result_snippet_rank': 8, 'result_snippet_title': 'Devops Engineer Resume Samples | Velvet Jobs', 'result_snippet_text': '<em>Devops</em> Engineer <em>Resume</em> Examples &amp; Samples · Experience in Linux, Objective C, Android and Java · Experience supporting web applications (JavaScript &amp; Java)\xa0...', 'result_warc_relative_path': None, 'result_warc_byte_offset': None}
 {'result_id': 'ff3796ea-2043-5843-af3b-b1c5440fa4ca', 'result_url': 'https://resumeworded.com/devops-resume-examples', 'result_domain': 'resumeworded.com', 'result_domain_public_suffix': 'com', 'result_wayback_url': 'https://web.archive.org/web/20210730170138/https://resumeworded.com/devops-resume-examples', 'result_wayback_raw_url': 'https://web.archive.org/web/20210730170138id_/https://resumeworded.com/devops-resume-examples', 'result_snippet_rank': 9, 'result_snippet_title': '4 DevOps Resume Examples for 2021 | Resume Worded ...', 'result_snippet_text': ""<em>DevOps Resume</em> Tips · Mention who you've worked with on the job. · Use numbers to quantify your achievements · Emphasize how you improved the software/system\xa0..."", 'result_warc_relative_path': None, 'result_warc_byte_offset': None}]",google,google.com,com,1,search-engine
