serp_id,serp_url,serp_timestamp,serp_wayback_url,serp_wayback_raw_url,serp_page,serp_offset,serp_query_text_url,serp_query_text_url_language,serp_query_text_html,serp_warc_relative_path,serp_warc_byte_offset,serp_results,search_provider_name,search_provider_alexa_domain,search_provider_alexa_domain_public_suffix,search_provider_alexa_rank,search_provider_category
1149f047-d43c-5e67-a34f-55614c2cc3ba,http://www.google.com.sg:80/search?hl=en&ie=ISO-8859-1&q=%22ASP%22+++%22Microsoft+Access%22&btnG=Google+Search,2003-08-31 19:54:34,https://web.archive.org/web/20030831215434/http://www.google.com.sg:80/search?hl=en&ie=ISO-8859-1&q=%22ASP%22+++%22Microsoft+Access%22&btnG=Google+Search,https://web.archive.org/web/20030831215434id_/http://www.google.com.sg:80/search?hl=en&ie=ISO-8859-1&q=%22ASP%22+++%22Microsoft+Access%22&btnG=Google+Search,,,"""ASP""   ""Microsoft Access""",,"""ASP""   ""Microsoft Access""",focused/archived-raw-serps/google/google.com.sg%2Fsearch%3F/0000000000/0000000000.warc.gz,6805,"[{'result_id': 'c9661b3e-d736-5b81-a3fe-e97c4fe62631', 'result_url': 'http://msdn.microsoft.com/isapi/gomscom.asp?Target=/office/access/?RLD=33', 'result_domain': 'msdn.microsoft.com', 'result_domain_public_suffix': 'com', 'result_wayback_url': 'https://web.archive.org/web/20030831215434/http://msdn.microsoft.com/isapi/gomscom.asp?Target=/office/access/?RLD=33', 'result_wayback_raw_url': 'https://web.archive.org/web/20030831215434id_/http://msdn.microsoft.com/isapi/gomscom.asp?Target=/office/access/?RLD=33', 'result_snippet_rank': 1, 'result_snippet_title': 'Microsoft Office - Access Home Page', 'result_snippet_text': None, 'result_warc_relative_path': None, 'result_warc_byte_offset': None}
 {'result_id': 'c01a429b-d246-51bb-aaf6-7b0764f32c10', 'result_url': 'http://www.microsoft.com/office/', 'result_domain': 'www.microsoft.com', 'result_domain_public_suffix': 'com', 'result_wayback_url': 'https://web.archive.org/web/20030831215434/http://www.microsoft.com/office/', 'result_wayback_raw_url': 'https://web.archive.org/web/20030831215434id_/http://www.microsoft.com/office/', 'result_snippet_rank': 2, 'result_snippet_title': 'Microsoft Office Home Page', 'result_snippet_text': None, 'result_warc_relative_path': None, 'result_warc_byte_offset': None}
 {'result_id': '3024c586-c855-554b-b3fc-2c238a975ea4', 'result_url': 'http://www.microsoft.com/traincert/mcp/mous/default.asp', 'result_domain': 'www.microsoft.com', 'result_domain_public_suffix': 'com', 'result_wayback_url': 'https://web.archive.org/web/20030831215434/http://www.microsoft.com/traincert/mcp/mous/default.asp', 'result_wayback_raw_url': 'https://web.archive.org/web/20030831215434id_/http://www.microsoft.com/traincert/mcp/mous/default.asp', 'result_snippet_rank': 3, 'result_snippet_title': 'Microsoft Office Specialist Certification Requirements', 'result_snippet_text': None, 'result_warc_relative_path': None, 'result_warc_byte_offset': None}
 {'result_id': '762e257e-bf8a-5cac-950c-77b66e32e49c', 'result_url': 'http://accessvbsqladvisor.com/', 'result_domain': 'accessvbsqladvisor.com', 'result_domain_public_suffix': 'com', 'result_wayback_url': 'https://web.archive.org/web/20030831215434/http://accessvbsqladvisor.com/', 'result_wayback_raw_url': 'https://web.archive.org/web/20030831215434id_/http://accessvbsqladvisor.com/', 'result_snippet_rank': 4, 'result_snippet_title': 'ACCESS-VB-SQL ADVISOR Magazine: <em>Microsoft</em> <em>Access</em>, MS Visual Basic <em>...</em>', 'result_snippet_text': None, 'result_warc_relative_path': None, 'result_warc_byte_offset': None}
 {'result_id': 'c5626909-ce9f-54fe-8a75-810b90db59b5', 'result_url': 'http://www.bpro.com/Access/tips.htm', 'result_domain': 'www.bpro.com', 'result_domain_public_suffix': 'com', 'result_wayback_url': 'https://web.archive.org/web/20030831215434/http://www.bpro.com/Access/tips.htm', 'result_wayback_raw_url': 'https://web.archive.org/web/20030831215434id_/http://www.bpro.com/Access/tips.htm', 'result_snippet_rank': 5, 'result_snippet_title': 'Virtual Office', 'result_snippet_text': None, 'result_warc_relative_path': None, 'result_warc_byte_offset': None}
 {'result_id': '9b7b47b1-57c2-5368-9990-b8d764b0262b', 'result_url': 'http://go.microsoft.com/fwlink/?LinkId=6450', 'result_domain': 'go.microsoft.com', 'result_domain_public_suffix': 'com', 'result_wayback_url': 'https://web.archive.org/web/20030831215434/http://go.microsoft.com/fwlink/?LinkId=6450', 'result_wayback_raw_url': 'https://web.archive.org/web/20030831215434id_/http://go.microsoft.com/fwlink/?LinkId=6450', 'result_snippet_rank': 6, 'result_snippet_title': 'Microsoft Office Converters and Viewers', 'result_snippet_text': None, 'result_warc_relative_path': None, 'result_warc_byte_offset': None}
 {'result_id': '0a0401e2-26ac-59ca-936a-2d8a875c7bd6', 'result_url': 'http://www.epinions.com/inet-Web_Hosting-All-Windows_2000-Microsoft_Access', 'result_domain': 'www.epinions.com', 'result_domain_public_suffix': 'com', 'result_wayback_url': 'https://web.archive.org/web/20030831215434/http://www.epinions.com/inet-Web_Hosting-All-Windows_2000-Microsoft_Access', 'result_wayback_raw_url': 'https://web.archive.org/web/20030831215434id_/http://www.epinions.com/inet-Web_Hosting-All-Windows_2000-Microsoft_Access', 'result_snippet_rank': 7, 'result_snippet_title': 'Compare Prices and Read Reviews on Windows 2000 <em>Microsoft</em> <em>Access</em> <em>...</em>', 'result_snippet_text': None, 'result_warc_relative_path': None, 'result_warc_byte_offset': None}
 {'result_id': 'be9c1878-8d9e-5d72-aa3b-279d22f542a0', 'result_url': 'http://www.access2asp.com/', 'result_domain': 'www.access2asp.com', 'result_domain_public_suffix': 'com', 'result_wayback_url': 'https://web.archive.org/web/20030831215434/http://www.access2asp.com/', 'result_wayback_raw_url': 'https://web.archive.org/web/20030831215434id_/http://www.access2asp.com/', 'result_snippet_rank': 8, 'result_snippet_title': 'access2asp - generates the <em>asp</em> code for your <em>microsoft</em> <em>access</em> <em>...</em>', 'result_snippet_text': None, 'result_warc_relative_path': None, 'result_warc_byte_offset': None}
 {'result_id': 'c257c41b-6047-5390-95e2-f92fc00c126c', 'result_url': 'http://www.fmsinc.com/go.asp?196', 'result_domain': 'www.fmsinc.com', 'result_domain_public_suffix': 'com', 'result_wayback_url': 'https://web.archive.org/web/20030831215434/http://www.fmsinc.com/go.asp?196', 'result_wayback_raw_url': 'https://web.archive.org/web/20030831215434id_/http://www.fmsinc.com/go.asp?196', 'result_snippet_rank': 9, 'result_snippet_title': 'FMS Home Page: <em>Microsoft</em> <em>Access</em>, SQL Server, Visual Studio .NET <em>...</em>', 'result_snippet_text': None, 'result_warc_relative_path': None, 'result_warc_byte_offset': None}
 {'result_id': '3e673636-bafa-5026-9bc6-5bdc5303d33c', 'result_url': 'http://www.pricetool.com/inet-Web_Hosting-All-UNIX-Microsoft_Access', 'result_domain': 'www.pricetool.com', 'result_domain_public_suffix': 'com', 'result_wayback_url': 'https://web.archive.org/web/20030831215434/http://www.pricetool.com/inet-Web_Hosting-All-UNIX-Microsoft_Access', 'result_wayback_raw_url': 'https://web.archive.org/web/20030831215434id_/http://www.pricetool.com/inet-Web_Hosting-All-UNIX-Microsoft_Access', 'result_snippet_rank': 10, 'result_snippet_title': 'Compare Prices and Read Reviews on UNIX <em>Microsoft</em> <em>Access</em> Web <em>...</em>', 'result_snippet_text': None, 'result_warc_relative_path': None, 'result_warc_byte_offset': None}]",google,google.com,com,1,search-engine
