{"result_id":"37e2575e-4833-5cdd-8422-963345411982","result_url":"https:\/\/www.youtube.com\/watch?v=HXQUe5TA7wk","result_domain":"www.youtube.com","result_domain_public_suffix":"com","result_wayback_url":"https:\/\/web.archive.org\/web\/20190915062405\/https:\/\/www.youtube.com\/watch?v=HXQUe5TA7wk","result_wayback_raw_url":"https:\/\/web.archive.org\/web\/20190915062405id_\/https:\/\/www.youtube.com\/watch?v=HXQUe5TA7wk","result_snippet_rank":10,"result_snippet_title":"\u0421\u0432\u0430\u0442\u044b 4 (4-\u0439 \u0441\u0435\u0437\u043e\u043d, 14-\u044f \u0441\u0435\u0440\u0438\u044f) - \u041f\u0440\u043e\u0434\u043e\u043b\u0436\u0438\u0442\u0435\u043b\u044c\u043d\u043e\u0441\u0442\u044c: 52:43","result_snippet_text":"\u0427\u0435\u0442\u044b\u0440\u043d\u0430\u0434\u0446\u0430\u0442\u0430\u044f <em>\u0441\u0435\u0440\u0438\u044f<\/em>. \u0414\u043b\u044f \u0443\u0447\u0430\u0441\u0442\u0438\u044f \u0432 \u043a\u043e\u043d\u043a\u0443\u0440\u0441\u0435 \u0418\u0432\u0430\u043d \u0421\u0442\u0435\u043f\u0430\u043d\u043e\u0432\u0438\u0447 \u0441\u043d\u0438\u043c\u0430\u0435\u0442 \u0440\u0435\u043a\u043b\u0430\u043c\u043d\u044b\u0439 \u0440\u043e\u043b\u0438\u043a \u043e\u0442\u0435\u043b\u044f. \u041b\u0430\u0440\u0438\u0441\u0430 \u0441\u043f\u0430\u0441...","result_warc_relative_path":null,"result_warc_byte_offset":null,"serp_id":"3ad98b57-6e1e-5050-8624-2e1d8921c5b2","serp_url":"https:\/\/www.youtube.com\/results?search_query=%D1%81%D0%B2%D0%B0%D1%82%D1%8B+4+%D1%81%D0%B5%D0%B7%D0%BE%D0%BD+1+%D1%81%D0%B5%D1%80%D0%B8%D1%8F","serp_timestamp":1568521445000,"serp_wayback_url":"https:\/\/web.archive.org\/web\/20190915062405\/https:\/\/www.youtube.com\/results?search_query=%D1%81%D0%B2%D0%B0%D1%82%D1%8B+4+%D1%81%D0%B5%D0%B7%D0%BE%D0%BD+1+%D1%81%D0%B5%D1%80%D0%B8%D1%8F","serp_wayback_raw_url":"https:\/\/web.archive.org\/web\/20190915062405id_\/https:\/\/www.youtube.com\/results?search_query=%D1%81%D0%B2%D0%B0%D1%82%D1%8B+4+%D1%81%D0%B5%D0%B7%D0%BE%D0%BD+1+%D1%81%D0%B5%D1%80%D0%B8%D1%8F","serp_page":null,"serp_offset":null,"serp_query_text_url":"\u0441\u0432\u0430\u0442\u044b 4 \u0441\u0435\u0437\u043e\u043d 1 \u0441\u0435\u0440\u0438\u044f","serp_query_text_url_language":"ru","serp_query_text_html":"\u0441\u0432\u0430\u0442\u044b 4 \u0441\u0435\u0437\u043e\u043d 1 \u0441\u0435\u0440\u0438\u044f","serp_warc_relative_path":"focused\/archived-raw-serps\/youtube\/youtube.com%2Fresults%3F\/0000000764\/0000000000.warc.gz","serp_warc_byte_offset":573,"search_provider_name":"youtube","search_provider_alexa_domain":"youtube.com","search_provider_alexa_domain_public_suffix":"com","search_provider_alexa_rank":2,"search_provider_category":"media-sharing"}
