{"result_id":"2b1f335e-b3e5-52fd-aa5a-0e957706abc6","result_url":"https:\/\/www.so.com\/link?m=aesEnS2Ha0TfiIbMbB8CRZdK1Nz9qqpf5i9YIdjSlUegXhdtxNroRH0pMPY9Hz2rpUykuooTEbhB%2FqgPHOwUG9MBmfwQ029nxjMflw5F0BuBYBPY4Lxn1e65wj6uMuvDq7WNhg45vhJsVerO8XlBIXBHrp9rKKid10rvxEf%2F50nbINGiyy1yk5AiC1eBU2qQ943Beo4D1g%2FHZQPys","result_domain":"www.so.com","result_domain_public_suffix":"com","result_wayback_url":"https:\/\/web.archive.org\/web\/20200320081358\/https:\/\/www.so.com\/link?m=aesEnS2Ha0TfiIbMbB8CRZdK1Nz9qqpf5i9YIdjSlUegXhdtxNroRH0pMPY9Hz2rpUykuooTEbhB%2FqgPHOwUG9MBmfwQ029nxjMflw5F0BuBYBPY4Lxn1e65wj6uMuvDq7WNhg45vhJsVerO8XlBIXBHrp9rKKid10rvxEf%2F50nbINGiyy1yk5AiC1eBU2qQ943Beo4D1g%2FHZQPys","result_wayback_raw_url":"https:\/\/web.archive.org\/web\/20200320081358id_\/https:\/\/www.so.com\/link?m=aesEnS2Ha0TfiIbMbB8CRZdK1Nz9qqpf5i9YIdjSlUegXhdtxNroRH0pMPY9Hz2rpUykuooTEbhB%2FqgPHOwUG9MBmfwQ029nxjMflw5F0BuBYBPY4Lxn1e65wj6uMuvDq7WNhg45vhJsVerO8XlBIXBHrp9rKKid10rvxEf%2F50nbINGiyy1yk5AiC1eBU2qQ943Beo4D1g%2FHZQPys","result_snippet_rank":4,"result_snippet_title":"\u6c22<em>\u7f9f\u5417\u5561\u916e<\/em>| 76-41-5","result_snippet_text":null,"result_warc_relative_path":null,"result_warc_byte_offset":null,"serp_id":"2ef1473e-548a-504e-8ea6-e4a9cdbb09fe","serp_url":"https:\/\/www.so.com\/s?q=%E7%BE%9F%E5%90%97%E5%95%A1%E9%85%AE&src=srp_paging&fr=none","serp_timestamp":1584688438000,"serp_wayback_url":"https:\/\/web.archive.org\/web\/20200320081358\/https:\/\/www.so.com\/s?q=%E7%BE%9F%E5%90%97%E5%95%A1%E9%85%AE&src=srp_paging&fr=none","serp_wayback_raw_url":"https:\/\/web.archive.org\/web\/20200320081358id_\/https:\/\/www.so.com\/s?q=%E7%BE%9F%E5%90%97%E5%95%A1%E9%85%AE&src=srp_paging&fr=none","serp_page":null,"serp_offset":null,"serp_query_text_url":"\u7f9f\u5417\u5561\u916e","serp_query_text_url_language":"zh","serp_query_text_html":"\u7f9f\u5417\u5561\u916e","serp_warc_relative_path":"focused\/archived-raw-serps\/360\/so.com%2Fs%3F\/0000000023\/0000000000.warc.gz","serp_warc_byte_offset":39015552,"search_provider_name":"360","search_provider_alexa_domain":"360.cn","search_provider_alexa_domain_public_suffix":"cn","search_provider_alexa_rank":13,"search_provider_category":"search-engine"}
