serp_id,serp_url,serp_timestamp,serp_wayback_url,serp_wayback_raw_url,serp_page,serp_offset,serp_query_text_url,serp_query_text_url_language,serp_query_text_html,serp_warc_relative_path,serp_warc_byte_offset,serp_results,search_provider_name,search_provider_alexa_domain,search_provider_alexa_domain_public_suffix,search_provider_alexa_rank,search_provider_category
ff64a918-2445-57c9-b659-43879c17f8fd,http://stackoverflow.com/questions/tagged/membase,2012-01-05 20:36:08,https://web.archive.org/web/20120105213608/http://stackoverflow.com/questions/tagged/membase,https://web.archive.org/web/20120105213608id_/http://stackoverflow.com/questions/tagged/membase,,,membase,id,[membase],focused/archived-raw-serps/stackoverflow/stackoverflow.com%2Fquestions%2Ftagged/0000000341/0000000000.warc.gz,131534,"[{'result_id': 'd205d034-f062-5513-bb08-68d41d915a6e', 'result_url': 'http://stackoverflow.com/questions/8748889/memcache-membase-configuration-failing-with-failed-to-initialize-the-pool-sy', 'result_domain': 'stackoverflow.com', 'result_domain_public_suffix': 'com', 'result_wayback_url': 'https://web.archive.org/web/20120105213608/http://stackoverflow.com/questions/8748889/memcache-membase-configuration-failing-with-failed-to-initialize-the-pool-sy', 'result_wayback_raw_url': 'https://web.archive.org/web/20120105213608id_/http://stackoverflow.com/questions/8748889/memcache-membase-configuration-failing-with-failed-to-initialize-the-pool-sy', 'result_snippet_rank': 1, 'result_snippet_title': 'Memcache/Membase configuration failing with ""Failed to initialize the pool. - System.FormatException: An invalid IP address was specified\'', 'result_snippet_text': 'I have membase server setup, and am successfully using a memcache bucket, but I can\'t get a membase bucket to work.\n\nMy config is simple\n\n&lt;membase&gt;\n&lt;servers bucket=""membase"" ...', 'result_warc_relative_path': None, 'result_warc_byte_offset': None}
 {'result_id': 'f8d2f5f6-63e1-50c2-af2e-e60e9272e326', 'result_url': 'http://stackoverflow.com/questions/8698959/how-to-force-ruby-to-store-a-small-number-as-32-bit-integer', 'result_domain': 'stackoverflow.com', 'result_domain_public_suffix': 'com', 'result_wayback_url': 'https://web.archive.org/web/20120105213608/http://stackoverflow.com/questions/8698959/how-to-force-ruby-to-store-a-small-number-as-32-bit-integer', 'result_wayback_raw_url': 'https://web.archive.org/web/20120105213608id_/http://stackoverflow.com/questions/8698959/how-to-force-ruby-to-store-a-small-number-as-32-bit-integer', 'result_snippet_rank': 2, 'result_snippet_title': 'How to force Ruby to store a small number as 32 bit integer', 'result_snippet_text': ""I have a .NET client which store some numbers as 32 bit integer in memcached.\n\nI can not use that numbers in Ruby client nor I can't store number which could be consumed in .NET."", 'result_warc_relative_path': None, 'result_warc_byte_offset': None}
 {'result_id': '86adc515-0a01-5c8a-a0b5-7f2cb333dba6', 'result_url': 'http://stackoverflow.com/questions/8663085/database-events-or-polling-in-nodejs-membase', 'result_domain': 'stackoverflow.com', 'result_domain_public_suffix': 'com', 'result_wayback_url': 'https://web.archive.org/web/20120105213608/http://stackoverflow.com/questions/8663085/database-events-or-polling-in-nodejs-membase', 'result_wayback_raw_url': 'https://web.archive.org/web/20120105213608id_/http://stackoverflow.com/questions/8663085/database-events-or-polling-in-nodejs-membase', 'result_snippet_rank': 3, 'result_snippet_title': 'database events or polling in nodejs (membase)', 'result_snippet_text': 'In my application I have a global state, which I distribute to different nodes on different servers through membase.\n\nThe nodes themselves have clients who need to be informed when the global state ...', 'result_warc_relative_path': None, 'result_warc_byte_offset': None}
 {'result_id': 'd75a944e-fe60-5e2f-9b1f-d9abf9f65404', 'result_url': 'http://stackoverflow.com/questions/8660682/how-to-dump-contents-of-membase-db-to-seed-another-cluster', 'result_domain': 'stackoverflow.com', 'result_domain_public_suffix': 'com', 'result_wayback_url': 'https://web.archive.org/web/20120105213608/http://stackoverflow.com/questions/8660682/how-to-dump-contents-of-membase-db-to-seed-another-cluster', 'result_wayback_raw_url': 'https://web.archive.org/web/20120105213608id_/http://stackoverflow.com/questions/8660682/how-to-dump-contents-of-membase-db-to-seed-another-cluster', 'result_snippet_rank': 4, 'result_snippet_title': 'How to dump contents of membase db to seed another cluster', 'result_snippet_text': 'I am using membase 1.7.1 server cluster of 3 machines (vbuckets only), and would like to be able to back up the contents for the -- presumably unlikely -- case that the entire cluster goes down.\n\nI ...', 'result_warc_relative_path': None, 'result_warc_byte_offset': None}
 {'result_id': '9f858987-eb8b-5f36-b50e-697df38064e7', 'result_url': 'http://stackoverflow.com/questions/8624818/memcached-storing-user-accounts', 'result_domain': 'stackoverflow.com', 'result_domain_public_suffix': 'com', 'result_wayback_url': 'https://web.archive.org/web/20120105213608/http://stackoverflow.com/questions/8624818/memcached-storing-user-accounts', 'result_wayback_raw_url': 'https://web.archive.org/web/20120105213608id_/http://stackoverflow.com/questions/8624818/memcached-storing-user-accounts', 'result_snippet_rank': 5, 'result_snippet_title': 'Memcached Storing user accounts', 'result_snippet_text': ""I'm curious about speeding up my site using memcache. Now currently I have a mysql table with columns for a key and email address, users log in using their key and I query the database to check if ..."", 'result_warc_relative_path': None, 'result_warc_byte_offset': None}
 {'result_id': '5cc90278-3c19-501c-a0a2-eaed8e1c9c9a', 'result_url': 'http://stackoverflow.com/questions/8606648/installing-membase-from-source', 'result_domain': 'stackoverflow.com', 'result_domain_public_suffix': 'com', 'result_wayback_url': 'https://web.archive.org/web/20120105213608/http://stackoverflow.com/questions/8606648/installing-membase-from-source', 'result_wayback_raw_url': 'https://web.archive.org/web/20120105213608id_/http://stackoverflow.com/questions/8606648/installing-membase-from-source', 'result_snippet_rank': 6, 'result_snippet_title': 'Installing Membase from source', 'result_snippet_text': 'I am trying to build and install membase from source tar ball. The steps I followed is as below\n\n\nUn-archive the tar membase-server_src-1.7.1.1.tar.gz\nissue make (from within the untarred folder)\n\n\n...', 'result_warc_relative_path': None, 'result_warc_byte_offset': None}
 {'result_id': '1617d94a-2cdf-55c1-a44b-e81d1eec6538', 'result_url': 'http://stackoverflow.com/questions/8413417/membase-getting-a-list-of-all-keys-using-tap', 'result_domain': 'stackoverflow.com', 'result_domain_public_suffix': 'com', 'result_wayback_url': 'https://web.archive.org/web/20120105213608/http://stackoverflow.com/questions/8413417/membase-getting-a-list-of-all-keys-using-tap', 'result_wayback_raw_url': 'https://web.archive.org/web/20120105213608id_/http://stackoverflow.com/questions/8413417/membase-getting-a-list-of-all-keys-using-tap', 'result_snippet_rank': 7, 'result_snippet_title': 'Membase - getting a list of all keys using TAP', 'result_snippet_text': ""I'm trying to figure out how to modify tap_example.py to get me a list of all keys in my Membase instance, but I'm having trouble getting started.\n\nI think I need to set TAP_FLAG_DUMP somewhere, but ..."", 'result_warc_relative_path': None, 'result_warc_byte_offset': None}
 {'result_id': '7e67413f-fee9-53cd-87af-f23ea32ae79f', 'result_url': 'http://stackoverflow.com/questions/8177468/how-to-find-out-when-memcacheds-cache-item-is-created', 'result_domain': 'stackoverflow.com', 'result_domain_public_suffix': 'com', 'result_wayback_url': 'https://web.archive.org/web/20120105213608/http://stackoverflow.com/questions/8177468/how-to-find-out-when-memcacheds-cache-item-is-created', 'result_wayback_raw_url': 'https://web.archive.org/web/20120105213608id_/http://stackoverflow.com/questions/8177468/how-to-find-out-when-memcacheds-cache-item-is-created', 'result_snippet_rank': 8, 'result_snippet_title': ""How to find out when memcached's cache item is created?"", 'result_snippet_text': 'I notice some of the cache items seem to be flushed/refreshed earlier than expected in my application. There could be some logical error in my app. So during debugging, I think it would be great if ...', 'result_warc_relative_path': None, 'result_warc_byte_offset': None}
 {'result_id': 'd8decfe0-a1bf-5cca-bde8-9baa5768337b', 'result_url': 'http://stackoverflow.com/questions/8130851/calling-tap-example-py-from-c-sharp-to-get-membase-tap-stream', 'result_domain': 'stackoverflow.com', 'result_domain_public_suffix': 'com', 'result_wayback_url': 'https://web.archive.org/web/20120105213608/http://stackoverflow.com/questions/8130851/calling-tap-example-py-from-c-sharp-to-get-membase-tap-stream', 'result_wayback_raw_url': 'https://web.archive.org/web/20120105213608id_/http://stackoverflow.com/questions/8130851/calling-tap-example-py-from-c-sharp-to-get-membase-tap-stream', 'result_snippet_rank': 9, 'result_snippet_title': 'Calling tap_example.py from C# to get Membase TAP Stream', 'result_snippet_text': ""I am trying to use the dynamic language run time / IronPython to simply run a .py script with command arguments and then get the std output. This is for executing the membase TAP protocol which isn't ..."", 'result_warc_relative_path': None, 'result_warc_byte_offset': None}
 {'result_id': '47b41ad0-2ffb-5f78-89a0-7f176d9c946b', 'result_url': 'http://stackoverflow.com/questions/8120036/how-to-choose-between-cassandra-membase-hadoop-mongodb-rdbms-etc', 'result_domain': 'stackoverflow.com', 'result_domain_public_suffix': 'com', 'result_wayback_url': 'https://web.archive.org/web/20120105213608/http://stackoverflow.com/questions/8120036/how-to-choose-between-cassandra-membase-hadoop-mongodb-rdbms-etc', 'result_wayback_raw_url': 'https://web.archive.org/web/20120105213608id_/http://stackoverflow.com/questions/8120036/how-to-choose-between-cassandra-membase-hadoop-mongodb-rdbms-etc', 'result_snippet_rank': 10, 'result_snippet_title': 'How to choose between Cassandra, Membase, Hadoop, MongoDB, RDBMS etc.? [closed]', 'result_snippet_text': 'Is there a paper/blog-post on when to use Cassandra or Membase or Hadoop or plain old relational databases ? Is there a paper discussing the strengths/weaknesses of each, and on what scenarios either ...', 'result_warc_relative_path': None, 'result_warc_byte_offset': None}
 {'result_id': 'f0c79267-f7a1-5048-969a-ccb303a5b410', 'result_url': 'http://stackoverflow.com/questions/8055625/membase-key-heavy-memory-usage-vs-redis', 'result_domain': 'stackoverflow.com', 'result_domain_public_suffix': 'com', 'result_wayback_url': 'https://web.archive.org/web/20120105213608/http://stackoverflow.com/questions/8055625/membase-key-heavy-memory-usage-vs-redis', 'result_wayback_raw_url': 'https://web.archive.org/web/20120105213608id_/http://stackoverflow.com/questions/8055625/membase-key-heavy-memory-usage-vs-redis', 'result_snippet_rank': 11, 'result_snippet_title': 'membase key-heavy memory usage vs redis', 'result_snippet_text': 'I recently ran a test with membase, incrementing 60 million keys, each key of size 20-30 bytes, the values are less than the value of an integer.  This cluster was across 3 16 GB boxes, 15 GB ...', 'result_warc_relative_path': None, 'result_warc_byte_offset': None}
 {'result_id': '9ac1d36d-0a0a-5dfc-9c53-067451e4ae9c', 'result_url': 'http://stackoverflow.com/questions/7970803/tomcat-doing-15k-req-second-on-a-single-server-using-jersey-jax-rs', 'result_domain': 'stackoverflow.com', 'result_domain_public_suffix': 'com', 'result_wayback_url': 'https://web.archive.org/web/20120105213608/http://stackoverflow.com/questions/7970803/tomcat-doing-15k-req-second-on-a-single-server-using-jersey-jax-rs', 'result_wayback_raw_url': 'https://web.archive.org/web/20120105213608id_/http://stackoverflow.com/questions/7970803/tomcat-doing-15k-req-second-on-a-single-server-using-jersey-jax-rs', 'result_snippet_rank': 12, 'result_snippet_title': 'Tomcat doing 15K req/second on a single server using Jersey Jax-RS', 'result_snippet_text': ""I tried testing things on a VPS, and came close to 10K requests per second, and that was a simple 'hello world' servlet, let alone making a call to membase.\n\nMy VPS was a 2 x Intel Xeon X5570, ..."", 'result_warc_relative_path': None, 'result_warc_byte_offset': None}
 {'result_id': '026d3369-99e4-5766-b130-d3d1a77b2ded', 'result_url': 'http://stackoverflow.com/questions/7944138/membase-and-redis-when-they-have-to-store-on-the-disk', 'result_domain': 'stackoverflow.com', 'result_domain_public_suffix': 'com', 'result_wayback_url': 'https://web.archive.org/web/20120105213608/http://stackoverflow.com/questions/7944138/membase-and-redis-when-they-have-to-store-on-the-disk', 'result_wayback_raw_url': 'https://web.archive.org/web/20120105213608id_/http://stackoverflow.com/questions/7944138/membase-and-redis-when-they-have-to-store-on-the-disk', 'result_snippet_rank': 13, 'result_snippet_title': 'Membase and Redis when they have to store on the disk', 'result_snippet_text': 'I see a lot of benchmark in which people compare Membase with Redis, only when the database can be stored all in memory. Obviously Redis is much better, but, if both start to store the data on the ...', 'result_warc_relative_path': None, 'result_warc_byte_offset': None}
 {'result_id': '4e0a90d3-8b1a-5c93-92e7-5aa7734e62aa', 'result_url': 'http://stackoverflow.com/questions/7936177/membase-server-and-enyim-integrating-linq-and-or-collections', 'result_domain': 'stackoverflow.com', 'result_domain_public_suffix': 'com', 'result_wayback_url': 'https://web.archive.org/web/20120105213608/http://stackoverflow.com/questions/7936177/membase-server-and-enyim-integrating-linq-and-or-collections', 'result_wayback_raw_url': 'https://web.archive.org/web/20120105213608id_/http://stackoverflow.com/questions/7936177/membase-server-and-enyim-integrating-linq-and-or-collections', 'result_snippet_rank': 14, 'result_snippet_title': 'Membase server And Enyim — Integrating LINQ and/or Collections', 'result_snippet_text': 'I just installed membase and the enyim client for .NET, and came across an article that mentions this technique for integrating linq:\n\n    public static IEnumerable&lt;T&gt; CachedQuery&lt;T&gt;\n      ...', 'result_warc_relative_path': None, 'result_warc_byte_offset': None}
 {'result_id': '4b901e6b-e49a-51a2-b9aa-7fe18e2596e2', 'result_url': 'http://stackoverflow.com/questions/7926489/previous-versions-of-membase', 'result_domain': 'stackoverflow.com', 'result_domain_public_suffix': 'com', 'result_wayback_url': 'https://web.archive.org/web/20120105213608/http://stackoverflow.com/questions/7926489/previous-versions-of-membase', 'result_wayback_raw_url': 'https://web.archive.org/web/20120105213608id_/http://stackoverflow.com/questions/7926489/previous-versions-of-membase', 'result_snippet_rank': 15, 'result_snippet_title': 'Previous versions of Membase', 'result_snippet_text': 'How do I download previous versions of Membase. I need 1.6.5.x.   \n\nThe downloads page do not have links to previous builds.', 'result_warc_relative_path': None, 'result_warc_byte_offset': None}]",stackoverflow,stackoverflow.com,com,43,question-and-answer
