{"result_id":"464b0b69-20e4-5c87-b02e-d53f424765ae","result_url":"https:\/\/stackoverflow.com\/questions\/36531009\/mpi-too-many-communicators","result_domain":"stackoverflow.com","result_domain_public_suffix":"com","result_wayback_url":"https:\/\/web.archive.org\/web\/20190301211314\/https:\/\/stackoverflow.com\/questions\/36531009\/mpi-too-many-communicators","result_wayback_raw_url":"https:\/\/web.archive.org\/web\/20190301211314id_\/https:\/\/stackoverflow.com\/questions\/36531009\/mpi-too-many-communicators","result_snippet_rank":13,"result_snippet_title":"MPI too many communicators?","result_snippet_text":"The idea of the code is to open a file in parallel and then each\ncore reads different part of that big file. ir_start and ir_stop are therefore different for each core. \n\nI have the following code (...","result_warc_relative_path":null,"result_warc_byte_offset":null,"serp_id":"fc783a54-8e48-58bd-a09f-1d74796e1c23","serp_url":"https:\/\/stackoverflow.com\/questions\/tagged\/communicator+mpi","serp_timestamp":1551471194000,"serp_wayback_url":"https:\/\/web.archive.org\/web\/20190301211314\/https:\/\/stackoverflow.com\/questions\/tagged\/communicator+mpi","serp_wayback_raw_url":"https:\/\/web.archive.org\/web\/20190301211314id_\/https:\/\/stackoverflow.com\/questions\/tagged\/communicator+mpi","serp_page":null,"serp_offset":null,"serp_query_text_url":"communicator+mpi","serp_query_text_url_language":null,"serp_query_text_html":"[communicator] [mpi]","serp_warc_relative_path":"focused\/archived-raw-serps\/stackoverflow\/stackoverflow.com%2Fquestions%2Ftagged\/0000000115\/0000000000.warc.gz","serp_warc_byte_offset":187520,"search_provider_name":"stackoverflow","search_provider_alexa_domain":"stackoverflow.com","search_provider_alexa_domain_public_suffix":"com","search_provider_alexa_rank":43,"search_provider_category":"question-and-answer"}
