{"serp_id":"46a1e680-9bfd-5c44-96a3-7f82d86481e2","serp_url":"https:\/\/www.google.com\/search?q=%22A+confian%C3%A7a+interorganizacional+nas+compras%22+%22Tacconi%2C+Marli+de+F%C3%A1tima+Ferraz+da+Silva%22+%22Lopes%2C+Fernando+Dias%22+%22M%C3%B3l%2C+Anderson+Luiz+Rezende%22+%22Tacconi+Neto%2C+Ernesto+Alexandre%22+%222014%22+%22Gest%C3%A3o+&+Produ%C3%A7%C3%A3o%22=","serp_timestamp":1658027334000,"serp_wayback_url":"https:\/\/web.archive.org\/web\/20220717050854\/https:\/\/www.google.com\/search?q=%22A+confian%C3%A7a+interorganizacional+nas+compras%22+%22Tacconi%2C+Marli+de+F%C3%A1tima+Ferraz+da+Silva%22+%22Lopes%2C+Fernando+Dias%22+%22M%C3%B3l%2C+Anderson+Luiz+Rezende%22+%22Tacconi+Neto%2C+Ernesto+Alexandre%22+%222014%22+%22Gest%C3%A3o+&+Produ%C3%A7%C3%A3o%22=","serp_wayback_raw_url":"https:\/\/web.archive.org\/web\/20220717050854id_\/https:\/\/www.google.com\/search?q=%22A+confian%C3%A7a+interorganizacional+nas+compras%22+%22Tacconi%2C+Marli+de+F%C3%A1tima+Ferraz+da+Silva%22+%22Lopes%2C+Fernando+Dias%22+%22M%C3%B3l%2C+Anderson+Luiz+Rezende%22+%22Tacconi+Neto%2C+Ernesto+Alexandre%22+%222014%22+%22Gest%C3%A3o+&+Produ%C3%A7%C3%A3o%22=","serp_page":null,"serp_offset":null,"serp_query_text_url":"\"A confian\u00e7a interorganizacional nas compras\" \"Tacconi, Marli de F\u00e1tima Ferraz da Silva\" \"Lopes, Fernando Dias\" \"M\u00f3l, Anderson Luiz Rezende\" \"Tacconi Neto, Ernesto Alexandre\" \"2014\" \"Gest\u00e3o","serp_query_text_url_language":"pt","serp_query_text_html":"\"A confian\u00e7a interorganizacional nas compras\" \"Tacconi, Marli de F\u00e1tima Ferraz da Silva\" \"Lopes, Fernando Dias\" \"M\u00f3l, Anderson Luiz Rezende\" \"Tacconi Neto, Ernesto Alexandre\" \"2014\" \"Gest\u00e3o","serp_warc_relative_path":"focused\/archived-raw-serps\/google\/google.com%2Fsearch%3F\/0000000092\/0000000000.warc.gz","serp_warc_byte_offset":842680,"serp_results":[{"result_id":"cbd5595e-5b37-518f-b6be-c9f3aadcfdac","result_url":"https:\/\/www.google.com\/url?q=https:\/\/lume.ufrgs.br\/handle\/10183\/104043&sa=U&ved=2ahUKEwiG97v7k__4AhWMD0QIHZUnAtQQFnoECAMQAg&usg=AOvVaw1V5IrKE1bUf0EWs37fQ0O_","result_domain":"www.google.com","result_domain_public_suffix":"com","result_wayback_url":"https:\/\/web.archive.org\/web\/20220717050854\/https:\/\/www.google.com\/url?q=https:\/\/lume.ufrgs.br\/handle\/10183\/104043&sa=U&ved=2ahUKEwiG97v7k__4AhWMD0QIHZUnAtQQFnoECAMQAg&usg=AOvVaw1V5IrKE1bUf0EWs37fQ0O_","result_wayback_raw_url":"https:\/\/web.archive.org\/web\/20220717050854id_\/https:\/\/www.google.com\/url?q=https:\/\/lume.ufrgs.br\/handle\/10183\/104043&sa=U&ved=2ahUKEwiG97v7k__4AhWMD0QIHZUnAtQQFnoECAMQAg&usg=AOvVaw1V5IrKE1bUf0EWs37fQ0O_","result_snippet_rank":2,"result_snippet_title":"A confian\u00e7a interorganizacional nas compras - Lume UFRGS","result_snippet_text":null,"result_warc_relative_path":null,"result_warc_byte_offset":null},{"result_id":"31d37daf-e773-5365-90c2-5d27f21ef2ac","result_url":"https:\/\/www.google.com\/url?q=https:\/\/www.lareferencia.info\/vufind\/Record\/BR_b000a1c84c716ca5a2f3dffbec10e1d0&sa=U&ved=2ahUKEwiG97v7k__4AhWMD0QIHZUnAtQQFnoECAQQAg&usg=AOvVaw02tENhlX_GkQrkwyxFtknA","result_domain":"www.google.com","result_domain_public_suffix":"com","result_wayback_url":"https:\/\/web.archive.org\/web\/20220717050854\/https:\/\/www.google.com\/url?q=https:\/\/www.lareferencia.info\/vufind\/Record\/BR_b000a1c84c716ca5a2f3dffbec10e1d0&sa=U&ved=2ahUKEwiG97v7k__4AhWMD0QIHZUnAtQQFnoECAQQAg&usg=AOvVaw02tENhlX_GkQrkwyxFtknA","result_wayback_raw_url":"https:\/\/web.archive.org\/web\/20220717050854id_\/https:\/\/www.google.com\/url?q=https:\/\/www.lareferencia.info\/vufind\/Record\/BR_b000a1c84c716ca5a2f3dffbec10e1d0&sa=U&ved=2ahUKEwiG97v7k__4AhWMD0QIHZUnAtQQFnoECAQQAg&usg=AOvVaw02tENhlX_GkQrkwyxFtknA","result_snippet_rank":3,"result_snippet_title":"Descripci\u00f3n: A confian\u00e7a interorganizacional nas compras","result_snippet_text":null,"result_warc_relative_path":null,"result_warc_byte_offset":null},{"result_id":"76e4d272-6b82-58d6-aaf4-c87787eef4f2","result_url":"https:\/\/www.google.com\/url?q=https:\/\/oasisbr.ibict.br\/vufind\/Record\/UFRGS-2_ae41bf8ea6ec3bcb175dc8124fcc6e93&sa=U&ved=2ahUKEwiG97v7k__4AhWMD0QIHZUnAtQQFnoECAEQAg&usg=AOvVaw2ufEmsvRGAMpNvYKS1H0in","result_domain":"www.google.com","result_domain_public_suffix":"com","result_wayback_url":"https:\/\/web.archive.org\/web\/20220717050854\/https:\/\/www.google.com\/url?q=https:\/\/oasisbr.ibict.br\/vufind\/Record\/UFRGS-2_ae41bf8ea6ec3bcb175dc8124fcc6e93&sa=U&ved=2ahUKEwiG97v7k__4AhWMD0QIHZUnAtQQFnoECAEQAg&usg=AOvVaw2ufEmsvRGAMpNvYKS1H0in","result_wayback_raw_url":"https:\/\/web.archive.org\/web\/20220717050854id_\/https:\/\/www.google.com\/url?q=https:\/\/oasisbr.ibict.br\/vufind\/Record\/UFRGS-2_ae41bf8ea6ec3bcb175dc8124fcc6e93&sa=U&ved=2ahUKEwiG97v7k__4AhWMD0QIHZUnAtQQFnoECAEQAg&usg=AOvVaw2ufEmsvRGAMpNvYKS1H0in","result_snippet_rank":4,"result_snippet_title":"Staff View: A confian\u00e7a interorganizacional nas compras - Oasisbr","result_snippet_text":null,"result_warc_relative_path":null,"result_warc_byte_offset":null},{"result_id":"76ecf2a5-a19f-5bed-80f0-be82c1332c80","result_url":"https:\/\/www.google.com\/url?q=https:\/\/www.escavador.com\/sobre\/6509333\/marli-de-fatima-ferraz-da-silva-tacconi&sa=U&ved=2ahUKEwiG97v7k__4AhWMD0QIHZUnAtQQFnoECAUQAg&usg=AOvVaw1_Kvuw1JBF7PBaLoI4udhC","result_domain":"www.google.com","result_domain_public_suffix":"com","result_wayback_url":"https:\/\/web.archive.org\/web\/20220717050854\/https:\/\/www.google.com\/url?q=https:\/\/www.escavador.com\/sobre\/6509333\/marli-de-fatima-ferraz-da-silva-tacconi&sa=U&ved=2ahUKEwiG97v7k__4AhWMD0QIHZUnAtQQFnoECAUQAg&usg=AOvVaw1_Kvuw1JBF7PBaLoI4udhC","result_wayback_raw_url":"https:\/\/web.archive.org\/web\/20220717050854id_\/https:\/\/www.google.com\/url?q=https:\/\/www.escavador.com\/sobre\/6509333\/marli-de-fatima-ferraz-da-silva-tacconi&sa=U&ved=2ahUKEwiG97v7k__4AhWMD0QIHZUnAtQQFnoECAUQAg&usg=AOvVaw1_Kvuw1JBF7PBaLoI4udhC","result_snippet_rank":5,"result_snippet_title":"MARLI DE F\u00c1TIMA FERRAZ DA SILVA TACCONI | Escavador","result_snippet_text":null,"result_warc_relative_path":null,"result_warc_byte_offset":null},{"result_id":"c0cb73d7-fa24-54c3-aadb-4f0a2f0b2b4f","result_url":"https:\/\/www.google.com\/url?q=https:\/\/www.escavador.com\/sobre\/1167060\/fernando-dias-lopes&sa=U&ved=2ahUKEwiG97v7k__4AhWMD0QIHZUnAtQQFnoECAIQAg&usg=AOvVaw2Uxg0gTm0ltfnLIfagmVkF","result_domain":"www.google.com","result_domain_public_suffix":"com","result_wayback_url":"https:\/\/web.archive.org\/web\/20220717050854\/https:\/\/www.google.com\/url?q=https:\/\/www.escavador.com\/sobre\/1167060\/fernando-dias-lopes&sa=U&ved=2ahUKEwiG97v7k__4AhWMD0QIHZUnAtQQFnoECAIQAg&usg=AOvVaw2Uxg0gTm0ltfnLIfagmVkF","result_wayback_raw_url":"https:\/\/web.archive.org\/web\/20220717050854id_\/https:\/\/www.google.com\/url?q=https:\/\/www.escavador.com\/sobre\/1167060\/fernando-dias-lopes&sa=U&ved=2ahUKEwiG97v7k__4AhWMD0QIHZUnAtQQFnoECAIQAg&usg=AOvVaw2Uxg0gTm0ltfnLIfagmVkF","result_snippet_rank":6,"result_snippet_title":"Fernando Dias Lopes | Escavador","result_snippet_text":null,"result_warc_relative_path":null,"result_warc_byte_offset":null}],"search_provider_name":"google","search_provider_alexa_domain":"google.com","search_provider_alexa_domain_public_suffix":"com","search_provider_alexa_rank":1,"search_provider_category":"search-engine"}
{"serp_id":"dea1138b-f077-56a0-aab3-eb7048e417ab","serp_url":"https:\/\/www.google.com\/search?tbs=bks:1&q=%22Mentira+(Karoll+M%C3%A1rquez+song)%22+-wikipedia","serp_timestamp":1657303148000,"serp_wayback_url":"https:\/\/web.archive.org\/web\/20220708195908\/https:\/\/www.google.com\/search?tbs=bks:1&q=%22Mentira+(Karoll+M%C3%A1rquez+song)%22+-wikipedia","serp_wayback_raw_url":"https:\/\/web.archive.org\/web\/20220708195908id_\/https:\/\/www.google.com\/search?tbs=bks:1&q=%22Mentira+(Karoll+M%C3%A1rquez+song)%22+-wikipedia","serp_page":null,"serp_offset":null,"serp_query_text_url":"\"Mentira (Karoll M\u00e1rquez song)\" -wikipedia","serp_query_text_url_language":null,"serp_query_text_html":"\"Mentira (Karoll M\u00e1rquez song)\" -wikipedia","serp_warc_relative_path":"focused\/archived-raw-serps\/google\/google.com%2Fsearch%3F\/0000002282\/0000000000.warc.gz","serp_warc_byte_offset":14941736,"serp_results":[{"result_id":"d7025214-d786-5fa4-b68c-cd6c1a7febd4","result_url":"https:\/\/books.google.com\/books?id=hdUrDAAAQBAJ&printsec=frontcover&dq=Mentira+(Karoll+M%C3%A1rquez+song)+-wikipedia&hl=en&sa=X&ved=2ahUKEwj-ovSUiur4AhUSD0QIHV0mAPYQ6AF6BAgEEAE","result_domain":"books.google.com","result_domain_public_suffix":"com","result_wayback_url":"https:\/\/web.archive.org\/web\/20220708195908\/https:\/\/books.google.com\/books?id=hdUrDAAAQBAJ&printsec=frontcover&dq=Mentira+(Karoll+M%C3%A1rquez+song)+-wikipedia&hl=en&sa=X&ved=2ahUKEwj-ovSUiur4AhUSD0QIHV0mAPYQ6AF6BAgEEAE","result_wayback_raw_url":"https:\/\/web.archive.org\/web\/20220708195908id_\/https:\/\/books.google.com\/books?id=hdUrDAAAQBAJ&printsec=frontcover&dq=Mentira+(Karoll+M%C3%A1rquez+song)+-wikipedia&hl=en&sa=X&ved=2ahUKEwj-ovSUiur4AhUSD0QIHV0mAPYQ6AF6BAgEEAE","result_snippet_rank":2,"result_snippet_title":"Act One","result_snippet_text":null,"result_warc_relative_path":null,"result_warc_byte_offset":null},{"result_id":"12c9ab55-2c91-5165-af16-460d7eb0dd5e","result_url":"https:\/\/books.google.com\/books?id=RODaDwAAQBAJ&printsec=frontcover&dq=Mentira+(Karoll+M%C3%A1rquez+song)+-wikipedia&hl=en&sa=X&ved=2ahUKEwj-ovSUiur4AhUSD0QIHV0mAPYQ6AF6BAgHEAE","result_domain":"books.google.com","result_domain_public_suffix":"com","result_wayback_url":"https:\/\/web.archive.org\/web\/20220708195908\/https:\/\/books.google.com\/books?id=RODaDwAAQBAJ&printsec=frontcover&dq=Mentira+(Karoll+M%C3%A1rquez+song)+-wikipedia&hl=en&sa=X&ved=2ahUKEwj-ovSUiur4AhUSD0QIHV0mAPYQ6AF6BAgHEAE","result_wayback_raw_url":"https:\/\/web.archive.org\/web\/20220708195908id_\/https:\/\/books.google.com\/books?id=RODaDwAAQBAJ&printsec=frontcover&dq=Mentira+(Karoll+M%C3%A1rquez+song)+-wikipedia&hl=en&sa=X&ved=2ahUKEwj-ovSUiur4AhUSD0QIHV0mAPYQ6AF6BAgHEAE","result_snippet_rank":3,"result_snippet_title":"Affective Health and Masculinities in South Africa: An ...","result_snippet_text":null,"result_warc_relative_path":null,"result_warc_byte_offset":null},{"result_id":"1c0ad918-3b64-50a8-a8e7-e407e00d6032","result_url":"https:\/\/books.google.com\/books?id=AJpSswEACAAJ&dq=Mentira+(Karoll+M%C3%A1rquez+song)+-wikipedia&hl=en&sa=X&ved=2ahUKEwj-ovSUiur4AhUSD0QIHV0mAPYQ6AF6BAgIEAE","result_domain":"books.google.com","result_domain_public_suffix":"com","result_wayback_url":"https:\/\/web.archive.org\/web\/20220708195908\/https:\/\/books.google.com\/books?id=AJpSswEACAAJ&dq=Mentira+(Karoll+M%C3%A1rquez+song)+-wikipedia&hl=en&sa=X&ved=2ahUKEwj-ovSUiur4AhUSD0QIHV0mAPYQ6AF6BAgIEAE","result_wayback_raw_url":"https:\/\/web.archive.org\/web\/20220708195908id_\/https:\/\/books.google.com\/books?id=AJpSswEACAAJ&dq=Mentira+(Karoll+M%C3%A1rquez+song)+-wikipedia&hl=en&sa=X&ved=2ahUKEwj-ovSUiur4AhUSD0QIHV0mAPYQ6AF6BAgIEAE","result_snippet_rank":4,"result_snippet_title":"The Blonde Woman","result_snippet_text":null,"result_warc_relative_path":null,"result_warc_byte_offset":null},{"result_id":"f3e240b5-fefb-51a5-b55b-dea79a09b8b6","result_url":"https:\/\/books.google.com\/books?id=flk_DQAAQBAJ&printsec=frontcover&dq=Mentira+(Karoll+M%C3%A1rquez+song)+-wikipedia&hl=en&sa=X&ved=2ahUKEwj-ovSUiur4AhUSD0QIHV0mAPYQ6AF6BAgJEAE","result_domain":"books.google.com","result_domain_public_suffix":"com","result_wayback_url":"https:\/\/web.archive.org\/web\/20220708195908\/https:\/\/books.google.com\/books?id=flk_DQAAQBAJ&printsec=frontcover&dq=Mentira+(Karoll+M%C3%A1rquez+song)+-wikipedia&hl=en&sa=X&ved=2ahUKEwj-ovSUiur4AhUSD0QIHV0mAPYQ6AF6BAgJEAE","result_wayback_raw_url":"https:\/\/web.archive.org\/web\/20220708195908id_\/https:\/\/books.google.com\/books?id=flk_DQAAQBAJ&printsec=frontcover&dq=Mentira+(Karoll+M%C3%A1rquez+song)+-wikipedia&hl=en&sa=X&ved=2ahUKEwj-ovSUiur4AhUSD0QIHV0mAPYQ6AF6BAgJEAE","result_snippet_rank":5,"result_snippet_title":"Prince Of Cats","result_snippet_text":null,"result_warc_relative_path":null,"result_warc_byte_offset":null},{"result_id":"67d6e7da-d45e-51ac-8753-3c8b3f861bbd","result_url":"https:\/\/books.google.com\/books?id=BQ0mGavqCQcC&printsec=frontcover&dq=Mentira+(Karoll+M%C3%A1rquez+song)+-wikipedia&hl=en&sa=X&ved=2ahUKEwj-ovSUiur4AhUSD0QIHV0mAPYQ6AF6BAgDEAE","result_domain":"books.google.com","result_domain_public_suffix":"com","result_wayback_url":"https:\/\/web.archive.org\/web\/20220708195908\/https:\/\/books.google.com\/books?id=BQ0mGavqCQcC&printsec=frontcover&dq=Mentira+(Karoll+M%C3%A1rquez+song)+-wikipedia&hl=en&sa=X&ved=2ahUKEwj-ovSUiur4AhUSD0QIHV0mAPYQ6AF6BAgDEAE","result_wayback_raw_url":"https:\/\/web.archive.org\/web\/20220708195908id_\/https:\/\/books.google.com\/books?id=BQ0mGavqCQcC&printsec=frontcover&dq=Mentira+(Karoll+M%C3%A1rquez+song)+-wikipedia&hl=en&sa=X&ved=2ahUKEwj-ovSUiur4AhUSD0QIHV0mAPYQ6AF6BAgDEAE","result_snippet_rank":6,"result_snippet_title":"Beauty Queens","result_snippet_text":null,"result_warc_relative_path":null,"result_warc_byte_offset":null},{"result_id":"b11640bb-34b1-5417-8473-d8626e66f1e2","result_url":"https:\/\/books.google.com\/books?id=M_VYAAAAYAAJ&printsec=frontcover&dq=Mentira+(Karoll+M%C3%A1rquez+song)+-wikipedia&hl=en&sa=X&ved=2ahUKEwj-ovSUiur4AhUSD0QIHV0mAPYQ6AF6BAgFEAE","result_domain":"books.google.com","result_domain_public_suffix":"com","result_wayback_url":"https:\/\/web.archive.org\/web\/20220708195908\/https:\/\/books.google.com\/books?id=M_VYAAAAYAAJ&printsec=frontcover&dq=Mentira+(Karoll+M%C3%A1rquez+song)+-wikipedia&hl=en&sa=X&ved=2ahUKEwj-ovSUiur4AhUSD0QIHV0mAPYQ6AF6BAgFEAE","result_wayback_raw_url":"https:\/\/web.archive.org\/web\/20220708195908id_\/https:\/\/books.google.com\/books?id=M_VYAAAAYAAJ&printsec=frontcover&dq=Mentira+(Karoll+M%C3%A1rquez+song)+-wikipedia&hl=en&sa=X&ved=2ahUKEwj-ovSUiur4AhUSD0QIHV0mAPYQ6AF6BAgFEAE","result_snippet_rank":7,"result_snippet_title":"A Study of the Gold &amp; Silver Mines of Colombia","result_snippet_text":null,"result_warc_relative_path":null,"result_warc_byte_offset":null},{"result_id":"7778816d-6389-54a7-b574-be3fb25350b9","result_url":"https:\/\/books.google.com\/books?id=T3WQAAAAMAAJ&q=Mentira+(Karoll+M%C3%A1rquez+song)+-wikipedia&dq=Mentira+(Karoll+M%C3%A1rquez+song)+-wikipedia&hl=en&sa=X&ved=2ahUKEwj-ovSUiur4AhUSD0QIHV0mAPYQ6AF6BAgAEAE","result_domain":"books.google.com","result_domain_public_suffix":"com","result_wayback_url":"https:\/\/web.archive.org\/web\/20220708195908\/https:\/\/books.google.com\/books?id=T3WQAAAAMAAJ&q=Mentira+(Karoll+M%C3%A1rquez+song)+-wikipedia&dq=Mentira+(Karoll+M%C3%A1rquez+song)+-wikipedia&hl=en&sa=X&ved=2ahUKEwj-ovSUiur4AhUSD0QIHV0mAPYQ6AF6BAgAEAE","result_wayback_raw_url":"https:\/\/web.archive.org\/web\/20220708195908id_\/https:\/\/books.google.com\/books?id=T3WQAAAAMAAJ&q=Mentira+(Karoll+M%C3%A1rquez+song)+-wikipedia&dq=Mentira+(Karoll+M%C3%A1rquez+song)+-wikipedia&hl=en&sa=X&ved=2ahUKEwj-ovSUiur4AhUSD0QIHV0mAPYQ6AF6BAgAEAE","result_snippet_rank":8,"result_snippet_title":"Copyright and Neighbouring Rights","result_snippet_text":null,"result_warc_relative_path":null,"result_warc_byte_offset":null},{"result_id":"c9b7ef51-23a5-5bab-9c42-111990f48761","result_url":"https:\/\/books.google.com\/books?id=SZKCQgAACAAJ&dq=Mentira+(Karoll+M%C3%A1rquez+song)+-wikipedia&hl=en&sa=X&ved=2ahUKEwj-ovSUiur4AhUSD0QIHV0mAPYQ6AF6BAgGEAE","result_domain":"books.google.com","result_domain_public_suffix":"com","result_wayback_url":"https:\/\/web.archive.org\/web\/20220708195908\/https:\/\/books.google.com\/books?id=SZKCQgAACAAJ&dq=Mentira+(Karoll+M%C3%A1rquez+song)+-wikipedia&hl=en&sa=X&ved=2ahUKEwj-ovSUiur4AhUSD0QIHV0mAPYQ6AF6BAgGEAE","result_wayback_raw_url":"https:\/\/web.archive.org\/web\/20220708195908id_\/https:\/\/books.google.com\/books?id=SZKCQgAACAAJ&dq=Mentira+(Karoll+M%C3%A1rquez+song)+-wikipedia&hl=en&sa=X&ved=2ahUKEwj-ovSUiur4AhUSD0QIHV0mAPYQ6AF6BAgGEAE","result_snippet_rank":9,"result_snippet_title":"Political Writings","result_snippet_text":null,"result_warc_relative_path":null,"result_warc_byte_offset":null},{"result_id":"2152f39f-9885-5237-ab40-588621e37cab","result_url":"https:\/\/books.google.com\/books?id=3NyHuAAACAAJ&dq=Mentira+(Karoll+M%C3%A1rquez+song)+-wikipedia&hl=en&sa=X&ved=2ahUKEwj-ovSUiur4AhUSD0QIHV0mAPYQ6AF6BAgBEAE","result_domain":"books.google.com","result_domain_public_suffix":"com","result_wayback_url":"https:\/\/web.archive.org\/web\/20220708195908\/https:\/\/books.google.com\/books?id=3NyHuAAACAAJ&dq=Mentira+(Karoll+M%C3%A1rquez+song)+-wikipedia&hl=en&sa=X&ved=2ahUKEwj-ovSUiur4AhUSD0QIHV0mAPYQ6AF6BAgBEAE","result_wayback_raw_url":"https:\/\/web.archive.org\/web\/20220708195908id_\/https:\/\/books.google.com\/books?id=3NyHuAAACAAJ&dq=Mentira+(Karoll+M%C3%A1rquez+song)+-wikipedia&hl=en&sa=X&ved=2ahUKEwj-ovSUiur4AhUSD0QIHV0mAPYQ6AF6BAgBEAE","result_snippet_rank":10,"result_snippet_title":"Electrocardiogram Interpretation","result_snippet_text":null,"result_warc_relative_path":null,"result_warc_byte_offset":null},{"result_id":"c18b776b-7c36-5db8-8664-58afced1ce62","result_url":"https:\/\/books.google.com\/books?id=Ksx1tAEACAAJ&dq=Mentira+(Karoll+M%C3%A1rquez+song)+-wikipedia&hl=en&sa=X&ved=2ahUKEwj-ovSUiur4AhUSD0QIHV0mAPYQ6AF6BAgCEAE","result_domain":"books.google.com","result_domain_public_suffix":"com","result_wayback_url":"https:\/\/web.archive.org\/web\/20220708195908\/https:\/\/books.google.com\/books?id=Ksx1tAEACAAJ&dq=Mentira+(Karoll+M%C3%A1rquez+song)+-wikipedia&hl=en&sa=X&ved=2ahUKEwj-ovSUiur4AhUSD0QIHV0mAPYQ6AF6BAgCEAE","result_wayback_raw_url":"https:\/\/web.archive.org\/web\/20220708195908id_\/https:\/\/books.google.com\/books?id=Ksx1tAEACAAJ&dq=Mentira+(Karoll+M%C3%A1rquez+song)+-wikipedia&hl=en&sa=X&ved=2ahUKEwj-ovSUiur4AhUSD0QIHV0mAPYQ6AF6BAgCEAE","result_snippet_rank":11,"result_snippet_title":"The Lady and the Lionheart","result_snippet_text":null,"result_warc_relative_path":null,"result_warc_byte_offset":null}],"search_provider_name":"google","search_provider_alexa_domain":"google.com","search_provider_alexa_domain_public_suffix":"com","search_provider_alexa_rank":1,"search_provider_category":"search-engine"}
