{"serp_id":"4b1737f6-1a5a-5915-9ec3-166ed6dad8f6","serp_url":"http:\/\/www.bing.com:80\/search?q=%2Bnelson+band+members+charges&FORM=RCRE","serp_timestamp":1271371368000,"serp_wayback_url":"https:\/\/web.archive.org\/web\/20100416004248\/http:\/\/www.bing.com:80\/search?q=%2Bnelson+band+members+charges&FORM=RCRE","serp_wayback_raw_url":"https:\/\/web.archive.org\/web\/20100416004248id_\/http:\/\/www.bing.com:80\/search?q=%2Bnelson+band+members+charges&FORM=RCRE","serp_page":null,"serp_offset":null,"serp_query_text_url":"+nelson band members charges","serp_query_text_url_language":"en","serp_query_text_html":"+nelson band members charges","serp_warc_relative_path":"focused\/archived-raw-serps\/bing\/bing.com%2Fsearch%3F\/0000000216\/0000000000.warc.gz","serp_warc_byte_offset":5295025,"serp_results":[{"result_id":"8763ccaf-8d5d-5559-9255-dbe0b20d51a3","result_url":"http:\/\/www.seattlepi.com\/pop\/1403ap_us_nelson_band_charges.html?source=mypi","result_domain":"www.seattlepi.com","result_domain_public_suffix":"com","result_wayback_url":"https:\/\/web.archive.org\/web\/20100416004248\/http:\/\/www.seattlepi.com\/pop\/1403ap_us_nelson_band_charges.html?source=mypi","result_wayback_raw_url":"https:\/\/web.archive.org\/web\/20100416004248id_\/http:\/\/www.seattlepi.com\/pop\/1403ap_us_nelson_band_charges.html?source=mypi","result_snippet_rank":1,"result_snippet_title":"NC prosecutor: <em>Nelson<\/em> <em>band<\/em> <em>member<\/em> <em>charges<\/em> pending","result_snippet_text":"KENANSVILLE, N.C. -- A North Carolina prosecutor says he still plans to prosecute six <em>members<\/em> of guitarist and singer Willie <em>Nelson<\/em>'s <em>band<\/em> on drug and alcohol <em>charges<\/em>.","result_warc_relative_path":null,"result_warc_byte_offset":null},{"result_id":"fddadea1-2882-5b1f-a590-d54a0475d82f","result_url":"http:\/\/seattletimes.nwsource.com\/html\/entertainment\/2011575490_apusnelsonbandcharges.html?prmid=head_main","result_domain":"seattletimes.nwsource.com","result_domain_public_suffix":"com","result_wayback_url":"https:\/\/web.archive.org\/web\/20100416004248\/http:\/\/seattletimes.nwsource.com\/html\/entertainment\/2011575490_apusnelsonbandcharges.html?prmid=head_main","result_wayback_raw_url":"https:\/\/web.archive.org\/web\/20100416004248id_\/http:\/\/seattletimes.nwsource.com\/html\/entertainment\/2011575490_apusnelsonbandcharges.html?prmid=head_main","result_snippet_rank":2,"result_snippet_title":"Entertainment | NC prosecutor: <em>Nelson<\/em> <em>band<\/em> <em>member<\/em> ...","result_snippet_text":"NC prosecutor: <em>Nelson<\/em> <em>band<\/em> <em>member<\/em> <em>charges<\/em> pending A North Carolina prosecutor says he still plans to prosecute six <em>members<\/em> of guitarist and singer Willie <em>Nelson<\/em>'s <em>band<\/em> on drug ...","result_warc_relative_path":null,"result_warc_byte_offset":null},{"result_id":"d539a49a-3259-5cb2-8b2f-c6b89f476fa7","result_url":"http:\/\/law.rightpundits.com\/?p=1443","result_domain":"law.rightpundits.com","result_domain_public_suffix":"com","result_wayback_url":"https:\/\/web.archive.org\/web\/20100416004248\/http:\/\/law.rightpundits.com\/?p=1443","result_wayback_raw_url":"https:\/\/web.archive.org\/web\/20100416004248id_\/http:\/\/law.rightpundits.com\/?p=1443","result_snippet_rank":3,"result_snippet_title":"<em>Nelson<\/em> <em>Band<\/em> <em>Members<\/em>: <em>Charges<\/em> of Drug &amp; Alcohol ...","result_snippet_text":"Willie <em>Nelson<\/em> <em>band<\/em> <em>members<\/em> face <em>charges<\/em> of drug &amp; alcohol possession in North Carolina. The Duplin County prosecutor says that the illegal substances were seized in the <em>band<\/em>\u2019s ...","result_warc_relative_path":null,"result_warc_byte_offset":null},{"result_id":"2cd9b892-0814-5b98-965f-032fcc37481c","result_url":"http:\/\/www.clintonnc.com\/pages\/full_story\/push?article-Charges+against+Nelson+band+members+pending%20&id=7034277&instance=home_news_lead","result_domain":"www.clintonnc.com","result_domain_public_suffix":"com","result_wayback_url":"https:\/\/web.archive.org\/web\/20100416004248\/http:\/\/www.clintonnc.com\/pages\/full_story\/push?article-Charges+against+Nelson+band+members+pending%20&id=7034277&instance=home_news_lead","result_wayback_raw_url":"https:\/\/web.archive.org\/web\/20100416004248id_\/http:\/\/www.clintonnc.com\/pages\/full_story\/push?article-Charges+against+Nelson+band+members+pending%20&id=7034277&instance=home_news_lead","result_snippet_rank":4,"result_snippet_title":"The Sampson Independent - <em>Charges<\/em> against <em>Nelson<\/em> <em>band<\/em> ...","result_snippet_text":"Sampson County's only newspaper since 1924, published daily. E-edition available. Sampson and Duplin County, NC, local news, sports, obituaries, community events, classifieds ...","result_warc_relative_path":null,"result_warc_byte_offset":null},{"result_id":"307dbe1a-8d5d-5109-8bd8-8baa4f420565","result_url":"http:\/\/www.postchronicle.com\/news\/original\/article_212294967.shtml","result_domain":"www.postchronicle.com","result_domain_public_suffix":"com","result_wayback_url":"https:\/\/web.archive.org\/web\/20100416004248\/http:\/\/www.postchronicle.com\/news\/original\/article_212294967.shtml","result_wayback_raw_url":"https:\/\/web.archive.org\/web\/20100416004248id_\/http:\/\/www.postchronicle.com\/news\/original\/article_212294967.shtml","result_snippet_rank":5,"result_snippet_title":"<em>Nelson<\/em> <em>Band<\/em> <em>Members<\/em>: <em>Charges<\/em> of Alcohol &amp; Drugs","result_snippet_text":"According to a North Carolina prosecutor, he still plans on prosecuting six <em>members<\/em> of Willie <em>Nelson<\/em>'s <em>band<\/em> on alcohol and drug related <em>charges<\/em>.","result_warc_relative_path":null,"result_warc_byte_offset":null},{"result_id":"00bea82f-bb2e-53ef-bb22-13f0584b1e72","result_url":"http:\/\/cbs3.com\/entertainment\/Willie.Nelson.band.2.1624622.html","result_domain":"cbs3.com","result_domain_public_suffix":"com","result_wayback_url":"https:\/\/web.archive.org\/web\/20100416004248\/http:\/\/cbs3.com\/entertainment\/Willie.Nelson.band.2.1624622.html","result_wayback_raw_url":"https:\/\/web.archive.org\/web\/20100416004248id_\/http:\/\/cbs3.com\/entertainment\/Willie.Nelson.band.2.1624622.html","result_snippet_rank":6,"result_snippet_title":"6 <em>Members<\/em> Of Willie <em>Nelson<\/em>'s <em>Band<\/em> Facing Drug And ...","result_snippet_text":"A North Carolina prosecutor says he still plans to prosecute six <em>members<\/em> of guitarist and singer Willie <em>Nelson<\/em>'s <em>band<\/em> on drug and alcohol <em>charges<\/em>.","result_warc_relative_path":null,"result_warc_byte_offset":null},{"result_id":"bab4fbee-3212-5b9e-a1b4-36212bb2a4fc","result_url":"http:\/\/abcnews.go.com\/Entertainment\/wireStory?id=10340417","result_domain":"abcnews.go.com","result_domain_public_suffix":"com","result_wayback_url":"https:\/\/web.archive.org\/web\/20100416004248\/http:\/\/abcnews.go.com\/Entertainment\/wireStory?id=10340417","result_wayback_raw_url":"https:\/\/web.archive.org\/web\/20100416004248id_\/http:\/\/abcnews.go.com\/Entertainment\/wireStory?id=10340417","result_snippet_rank":7,"result_snippet_title":"NC Prosecutor: <em>Nelson<\/em> <em>Band<\/em> <em>Member<\/em> <em>Charges<\/em> Pending - ABC ...","result_snippet_text":"NC prosecutor says he plans to pursue case against 6 <em>members<\/em> of Willie <em>Nelson<\/em>'s <em>band<\/em>","result_warc_relative_path":null,"result_warc_byte_offset":null},{"result_id":"1abc7de5-db01-50fe-b896-fcdd4c95deef","result_url":"http:\/\/www.news-record.com\/content\/2010\/04\/11\/article\/members_of_willie_nelsons_band_face_charges_in_nc","result_domain":"www.news-record.com","result_domain_public_suffix":"com","result_wayback_url":"https:\/\/web.archive.org\/web\/20100416004248\/http:\/\/www.news-record.com\/content\/2010\/04\/11\/article\/members_of_willie_nelsons_band_face_charges_in_nc","result_wayback_raw_url":"https:\/\/web.archive.org\/web\/20100416004248id_\/http:\/\/www.news-record.com\/content\/2010\/04\/11\/article\/members_of_willie_nelsons_band_face_charges_in_nc","result_snippet_rank":8,"result_snippet_title":"<em>Members<\/em> of Willie <em>Nelson<\/em>'s <em>band<\/em> face <em>charges<\/em> in N.C ...","result_snippet_text":"KENANSVILLE (AP) \u2014 Six <em>members<\/em> of guitarist and singer Willie <em>Nelson<\/em>'s <em>band<\/em> still face drug and alcohol <em>charges<\/em>, a North Carolina prosecutor said at a news conference Friday.","result_warc_relative_path":null,"result_warc_byte_offset":null},{"result_id":"02e416d4-ff22-531b-8a70-6450b12ccc76","result_url":"http:\/\/www.jdnews.com\/news\/nelson-72483-hudson-attorney.html","result_domain":"www.jdnews.com","result_domain_public_suffix":"com","result_wayback_url":"https:\/\/web.archive.org\/web\/20100416004248\/http:\/\/www.jdnews.com\/news\/nelson-72483-hudson-attorney.html","result_wayback_raw_url":"https:\/\/web.archive.org\/web\/20100416004248id_\/http:\/\/www.jdnews.com\/news\/nelson-72483-hudson-attorney.html","result_snippet_rank":9,"result_snippet_title":"DA investigates citations against Willie <em>Nelson<\/em>'s <em>band<\/em> ...","result_snippet_text":"News: DA investigates citations against Willie <em>Nelson<\/em>'s <em>band<\/em> <em>members<\/em> | <em>nelson<\/em>, hudson, attorney, says, investigates, <em>band<\/em>, sure, last, <em>charges<\/em>, wants","result_warc_relative_path":null,"result_warc_byte_offset":null},{"result_id":"e74f2b9a-4763-5b5d-9a33-ab70955c504d","result_url":"http:\/\/www.jdnews.com\/articles\/charges-76975-band-members.html","result_domain":"www.jdnews.com","result_domain_public_suffix":"com","result_wayback_url":"https:\/\/web.archive.org\/web\/20100416004248\/http:\/\/www.jdnews.com\/articles\/charges-76975-band-members.html","result_wayback_raw_url":"https:\/\/web.archive.org\/web\/20100416004248id_\/http:\/\/www.jdnews.com\/articles\/charges-76975-band-members.html","result_snippet_rank":10,"result_snippet_title":"DA: <em>Charges<\/em> still pending against <em>Nelson<\/em>'s <em>band<\/em> <em>members<\/em> ...","result_snippet_text":"News: DA: <em>Charges<\/em> still pending against <em>Nelson<\/em>'s <em>band<\/em> <em>members<\/em> | <em>charges<\/em>, <em>band<\/em>, <em>members<\/em>, <em>nelson<\/em>, pending","result_warc_relative_path":null,"result_warc_byte_offset":null}],"search_provider_name":"bing","search_provider_alexa_domain":"bing.com","search_provider_alexa_domain_public_suffix":"com","search_provider_alexa_rank":25,"search_provider_category":"search-engine"}
