{"serp_id":"454ad799-5138-5692-ba80-f09b2c48ffbc","serp_url":"https:\/\/www.youtube.com\/results?search_query=%D0%BC%D0%B5%D1%82%D0%B0%D0%BB%D0%BB%D0%BE%D0%B8%D1%81%D0%BA%D0%B0%D1%82%D0%B5%D0%BB%D1%8C+md+3010","serp_timestamp":1565792155000,"serp_wayback_url":"https:\/\/web.archive.org\/web\/20190814161555\/https:\/\/www.youtube.com\/results?search_query=%D0%BC%D0%B5%D1%82%D0%B0%D0%BB%D0%BB%D0%BE%D0%B8%D1%81%D0%BA%D0%B0%D1%82%D0%B5%D0%BB%D1%8C+md+3010","serp_wayback_raw_url":"https:\/\/web.archive.org\/web\/20190814161555id_\/https:\/\/www.youtube.com\/results?search_query=%D0%BC%D0%B5%D1%82%D0%B0%D0%BB%D0%BB%D0%BE%D0%B8%D1%81%D0%BA%D0%B0%D1%82%D0%B5%D0%BB%D1%8C+md+3010","serp_page":null,"serp_offset":null,"serp_query_text_url":"\u043c\u0435\u0442\u0430\u043b\u043b\u043e\u0438\u0441\u043a\u0430\u0442\u0435\u043b\u044c md 3010","serp_query_text_url_language":null,"serp_query_text_html":"\u043c\u0435\u0442\u0430\u043b\u043b\u043e\u0438\u0441\u043a\u0430\u0442\u0435\u043b\u044c md 3010","serp_warc_relative_path":"focused\/archived-raw-serps\/youtube\/youtube.com%2Fresults%3F\/0000000607\/0000000000.warc.gz","serp_warc_byte_offset":123103,"serp_results":[{"result_id":"0dc09184-2be7-52d9-9704-0e52bfaff8e2","result_url":"https:\/\/www.youtube.com\/watch?v=Zl2LGGiQKX0","result_domain":"www.youtube.com","result_domain_public_suffix":"com","result_wayback_url":"https:\/\/web.archive.org\/web\/20190814161555\/https:\/\/www.youtube.com\/watch?v=Zl2LGGiQKX0","result_wayback_raw_url":"https:\/\/web.archive.org\/web\/20190814161555id_\/https:\/\/www.youtube.com\/watch?v=Zl2LGGiQKX0","result_snippet_rank":1,"result_snippet_title":"\u0422\u0435\u0441\u0442 \u043c\u0435\u0442\u0430\u043b\u043b\u043e\u0438\u0441\u043a\u0430\u0442\u0435\u043b\u044f MD-3010II - \u041f\u0440\u043e\u0434\u043e\u043b\u0436\u0438\u0442\u0435\u043b\u044c\u043d\u043e\u0441\u0442\u044c: 5:21","result_snippet_text":"\u041f\u0440\u0438\u0432\u0435\u0442, \u0432 \u044d\u0442\u043e\u043c \u0432\u0438\u0434\u0435\u043e \u043c\u044b \u043f\u0440\u043e\u0442\u0435\u0441\u0442\u0438\u0440\u043e\u0432\u0430\u043b\u0438 \u0434\u0435\u0448\u0435\u0432\u044b\u0439 \u043a\u0438\u0442\u0430\u0439\u0441\u043a\u0438\u0439 <em>\u043c\u0435\u0442\u0430\u043b\u043b\u043e\u0438\u0441\u043a\u0430\u0442\u0435\u043b\u044c MD<\/em>-<em>3010II<\/em>. \u0420\u0435\u0437\u0443\u043b\u044c\u0442\u0430\u0442\u044b \u043d\u0435 \u0432\u043f\u0435\u0447\u0430...","result_warc_relative_path":null,"result_warc_byte_offset":null},{"result_id":"e55f29b1-05a2-5b68-bcd2-868b68d95f0d","result_url":"https:\/\/www.youtube.com\/watch?v=1buiGmc0OI0","result_domain":"www.youtube.com","result_domain_public_suffix":"com","result_wayback_url":"https:\/\/web.archive.org\/web\/20190814161555\/https:\/\/www.youtube.com\/watch?v=1buiGmc0OI0","result_wayback_raw_url":"https:\/\/web.archive.org\/web\/20190814161555id_\/https:\/\/www.youtube.com\/watch?v=1buiGmc0OI0","result_snippet_rank":2,"result_snippet_title":"\u041a\u0438\u0442\u0430\u0439\u0441\u043a\u0438\u0439 \u043c\u0435\u0442\u0430\u043b\u043b\u043e\u0438\u0441\u043a\u0430\u0442\u0435\u043b\u044c md-3010 - \u041f\u0440\u043e\u0434\u043e\u043b\u0436\u0438\u0442\u0435\u043b\u044c\u043d\u043e\u0441\u0442\u044c: 15:03","result_snippet_text":"\u0414\u043b\u044f \u0432\u0441\u0435\u0445 \u043a\u043b\u0430\u0434\u043e\u0438\u0441\u043a\u0430\u0442\u0435\u043b\u0435\u0439 \u0438 \u043b\u044e\u0431\u0438\u0442\u0435\u043b\u0435\u0439 \u043f\u043e\u0438\u0441\u043a\u0430 \u043c\u043e\u043d\u0435\u0442, \u043c\u044b \u0441\u0434\u0435\u043b\u0430\u043b\u0438 \u0432\u0438\u0434\u0435\u043e \u043e\u0431\u0437\u043e\u0440, \u0432\u0435\u0440\u0448\u0438\u043d\u044b \u043a\u0438\u0442\u0430\u0439\u0441\u043a\u043e\u0439 \u0438\u043d\u0436\u0435\u043d\u0435\u0440\u043d\u043e\u0439...","result_warc_relative_path":null,"result_warc_byte_offset":null},{"result_id":"3a3392bb-ef7b-5f3d-acf0-0d6627c88d52","result_url":"https:\/\/www.youtube.com\/watch?v=2YUPCMq4DII","result_domain":"www.youtube.com","result_domain_public_suffix":"com","result_wayback_url":"https:\/\/web.archive.org\/web\/20190814161555\/https:\/\/www.youtube.com\/watch?v=2YUPCMq4DII","result_wayback_raw_url":"https:\/\/web.archive.org\/web\/20190814161555id_\/https:\/\/www.youtube.com\/watch?v=2YUPCMq4DII","result_snippet_rank":3,"result_snippet_title":"\u041a\u0438\u0442\u0430\u0439\u0441\u043a\u0438\u0439 \u043c\u0435\u0442\u0430\u043b\u043b\u043e\u0438\u0441\u043a\u0430\u0442\u0435\u043b\u044c md-3010 \u0447. 2 - \u041f\u0440\u043e\u0434\u043e\u043b\u0436\u0438\u0442\u0435\u043b\u044c\u043d\u043e\u0441\u0442\u044c: 8:36","result_snippet_text":"\u041a\u0438\u0442\u0430\u0439\u0441\u043a\u0438\u0439 \u043c\u0435\u0442\u0430\u043b\u043b\u043e\u0438\u0441\u043a\u0430\u0442\u0435\u043b\u044c md 3010, \u043e\u0434\u0438\u043d \u0438\u0437 \u0441\u0430\u043c\u044b\u0445 \u0434\u0435\u0448\u0435\u0432\u044b\u0445 \u043c\u0435\u0442\u0430\u043b\u043b\u043e\u0438\u0441\u043a\u0430\u0442\u0435\u043b\u0435\u0439 \u043f\u0440\u043e\u0434\u0435\u0432\u0430\u0435\u043c\u044b\u0445 \u0432 \u0420\u043e\u0441\u0441\u0438\u0438. \u042d\u0442\u043e \u0432\u0442\u043e\u0440\u043e\u0435...","result_warc_relative_path":null,"result_warc_byte_offset":null},{"result_id":"a23e7d41-bb5e-555a-9e94-897d1cf9b0e1","result_url":"https:\/\/www.youtube.com\/watch?v=6BXJNTcYaxk","result_domain":"www.youtube.com","result_domain_public_suffix":"com","result_wayback_url":"https:\/\/web.archive.org\/web\/20190814161555\/https:\/\/www.youtube.com\/watch?v=6BXJNTcYaxk","result_wayback_raw_url":"https:\/\/web.archive.org\/web\/20190814161555id_\/https:\/\/www.youtube.com\/watch?v=6BXJNTcYaxk","result_snippet_rank":4,"result_snippet_title":"MD-9020C \u043e\u0431\u043d\u043e\u0432\u043b\u0451\u043d\u043d\u044b\u0439 MD-3010ii.MD-9020C updated MD-3010ii - \u041f\u0440\u043e\u0434\u043e\u043b\u0436\u0438\u0442\u0435\u043b\u044c\u043d\u043e\u0441\u0442\u044c: 10:16","result_snippet_text":"\u0412 \u044d\u0442\u043e\u043c \u0432\u0438\u0434\u0435\u043e \u044f \u0440\u0430\u0441\u0441\u043a\u0430\u0436\u0443 \u043e\u0431\u043e \u0434\u043d\u043e\u043c \u0438\u0437 \u041a\u0438\u0442\u0430\u0439\u0441\u043a\u0438\u0445 \u043f\u0440\u0438\u0431\u043e\u0440\u043e\u0432 \u043f\u043e\u0434 \u043d\u0430\u0437\u0432\u0430\u043d\u0438\u0435\u043c MD-9020C,\u0438\u043c\u0435\u043d\u043d\u043e \u0418 \u0437\u0430 \u0442\u0430\u043a\u0438\u0445 \u043f\u0440\u0438\u0431\u043e\u0440\u043e\u0432 \u0441\u0444\u043e\u0440\u043c\u0438...","result_warc_relative_path":null,"result_warc_byte_offset":null},{"result_id":"7be3c959-f302-5eed-9ca4-fd5095ba188e","result_url":"https:\/\/www.youtube.com\/watch?v=5pNzBIeGrGw","result_domain":"www.youtube.com","result_domain_public_suffix":"com","result_wayback_url":"https:\/\/web.archive.org\/web\/20190814161555\/https:\/\/www.youtube.com\/watch?v=5pNzBIeGrGw","result_wayback_raw_url":"https:\/\/web.archive.org\/web\/20190814161555id_\/https:\/\/www.youtube.com\/watch?v=5pNzBIeGrGw","result_snippet_rank":5,"result_snippet_title":"\u0442\u0435\u0441\u0442 \u043c\u0435\u0442\u0430\u043b\u043b\u043e\u0438\u0441\u043a\u0430\u0442\u0435\u043b\u044f md 3010ii - \u041f\u0440\u043e\u0434\u043e\u043b\u0436\u0438\u0442\u0435\u043b\u044c\u043d\u043e\u0441\u0442\u044c: 12:15","result_snippet_text":"\u0437\u0434\u0440\u0430\u0432\u0441\u0442\u0432\u0443\u0439\u0442\u0435,\u043a\u0443\u043f\u0438\u043b\u0438 \u043d\u0430 ebay  \u043c\u0435\u0442\u0430\u043b\u043b\u043e\u0438\u0441\u043a\u0430\u0442\u0435\u043b\u044c MD 3010II (\u041d\u0415 \u0414\u041e\u0420\u041e\u0413\u041e\u0419) \u0438 \u0440\u0435\u0448\u0438\u043b\u0438 \u0435\u0433\u043e \u043f\u0440\u043e\u0442\u0435\u0441\u0442\u0438\u0440\u043e\u0432\u0430\u0442\u044c .\u0420\u0435\u0437\u0443\u043b\u044c\u0442\u0430\u0442\u044b \u043d\u0435...","result_warc_relative_path":null,"result_warc_byte_offset":null},{"result_id":"1bc3d5ed-a511-57cb-9513-89a3ac9a4006","result_url":"https:\/\/www.youtube.com\/watch?v=EA94WvKHF2w","result_domain":"www.youtube.com","result_domain_public_suffix":"com","result_wayback_url":"https:\/\/web.archive.org\/web\/20190814161555\/https:\/\/www.youtube.com\/watch?v=EA94WvKHF2w","result_wayback_raw_url":"https:\/\/web.archive.org\/web\/20190814161555id_\/https:\/\/www.youtube.com\/watch?v=EA94WvKHF2w","result_snippet_rank":6,"result_snippet_title":"\u041c\u0414-3010II \u041e\u0411\u0417\u041e\u0420 - \u041f\u0440\u043e\u0434\u043e\u043b\u0436\u0438\u0442\u0435\u043b\u044c\u043d\u043e\u0441\u0442\u044c: 4:59","result_snippet_text":"\u041f\u0440\u0438\u0432\u0435\u0442 \u0434\u0440\u0443\u0437\u044c\u044f. \u0421\u0435\u0433\u043e\u0434\u043d\u044f \u0445\u043e\u0447\u0443 \u0440\u0430\u0441\u0441\u043a\u0430\u0437\u0430\u0442\u044c \u043e \u043a\u0438\u0442\u0430\u0439\u0441\u043a\u043e\u043c <em>\u043c\u0435\u0442\u0430\u043b\u043b\u043e\u0438\u0441\u043a\u0430\u0442\u0435\u043b\u0435<\/em> \u043c\u0434 <em>3010<\/em> . \u042d\u0442\u043e \u0432\u0438\u0434\u0435\u043e \u0443\u0436\u0435 \u0441 \u0437\u0430\u0433\u0440\u0443\u0437\u043a\u0438...","result_warc_relative_path":null,"result_warc_byte_offset":null},{"result_id":"8f6116de-4788-52cd-8184-f29c8a1ff4b6","result_url":"https:\/\/www.youtube.com\/watch?v=P3Vr8zNGAbk","result_domain":"www.youtube.com","result_domain_public_suffix":"com","result_wayback_url":"https:\/\/web.archive.org\/web\/20190814161555\/https:\/\/www.youtube.com\/watch?v=P3Vr8zNGAbk","result_wayback_raw_url":"https:\/\/web.archive.org\/web\/20190814161555id_\/https:\/\/www.youtube.com\/watch?v=P3Vr8zNGAbk","result_snippet_rank":7,"result_snippet_title":"\u041f\u043e\u0438\u0441\u043a \u0441 MD3010II \u0414\u0435\u043d\u044c \u041f\u044f\u0442\u0430\u043a\u0430 - \u041f\u0440\u043e\u0434\u043e\u043b\u0436\u0438\u0442\u0435\u043b\u044c\u043d\u043e\u0441\u0442\u044c: 17:00","result_snippet_text":"\u041f\u043e\u043b\u0435\u0432\u044b\u0435 \u0438\u0441\u043f\u044b\u0442\u0430\u043d\u0438\u044f \u043c\u043e\u0434\u0435\u0440\u043d\u0438\u0437\u0438\u0440\u043e\u0432\u0430\u043d\u043d\u043e\u0433\u043e \u043a\u0438\u0442\u0430\u0439\u0446\u0430 MD3010II. \u0425\u043e\u0434\u044f\u0447\u043a\u0430 \u0438 \u043f\u0443\u043b\u0438. \u041f\u044f\u0442\u0430\u043a\u0438 \u0442\u0430\u043a \u0438 \u043f\u0435\u0440\u043b\u0438)\u0432\u0438\u0434\u0435\u043e \u043f\u0440\u043e \u043f\u0438\u043d\u043f\u043e\u0439\u0442\u0435\u0440:...","result_warc_relative_path":null,"result_warc_byte_offset":null},{"result_id":"7abdb01a-51a3-5b41-a7bc-b56501b18762","result_url":"https:\/\/www.youtube.com\/watch?v=kZRUWo6d3jA","result_domain":"www.youtube.com","result_domain_public_suffix":"com","result_wayback_url":"https:\/\/web.archive.org\/web\/20190814161555\/https:\/\/www.youtube.com\/watch?v=kZRUWo6d3jA","result_wayback_raw_url":"https:\/\/web.archive.org\/web\/20190814161555id_\/https:\/\/www.youtube.com\/watch?v=kZRUWo6d3jA","result_snippet_rank":8,"result_snippet_title":"\u043c\u0435\u0442\u0430\u043b\u043b\u043e\u0438\u0441\u043a\u0430\u0442\u0435\u043b\u044c \u043c\u0434 3010 ii - \u041f\u0440\u043e\u0434\u043e\u043b\u0436\u0438\u0442\u0435\u043b\u044c\u043d\u043e\u0441\u0442\u044c: 15:58","result_snippet_text":"\u0441\u0430\u043c\u044b\u0439 \u043f\u0440\u043e\u0441\u0442\u043e\u0439 \u043a\u0438\u0442\u0430\u0439\u0441\u043a\u0438\u0439 <em>\u043c\u0435\u0442\u0430\u043b\u043b\u043e\u0438\u0441\u043a\u0430\u0442\u0435\u043b\u044c<\/em> MD3010II.","result_warc_relative_path":null,"result_warc_byte_offset":null},{"result_id":"e6482d4c-8637-5613-b595-e10ab4cf8ec6","result_url":"https:\/\/www.youtube.com\/watch?v=oIotmdvE6-Y","result_domain":"www.youtube.com","result_domain_public_suffix":"com","result_wayback_url":"https:\/\/web.archive.org\/web\/20190814161555\/https:\/\/www.youtube.com\/watch?v=oIotmdvE6-Y","result_wayback_raw_url":"https:\/\/web.archive.org\/web\/20190814161555id_\/https:\/\/www.youtube.com\/watch?v=oIotmdvE6-Y","result_snippet_rank":9,"result_snippet_title":"\u041a\u043e\u043f \u0441 MD 3010i \u0436\u0435\u043b\u0435\u0437\u043e, \u0445\u043e\u0434\u044f\u0447\u043a\u0430, \u0441\u043e\u0432\u0435\u0442\u044b - \u041f\u0440\u043e\u0434\u043e\u043b\u0436\u0438\u0442\u0435\u043b\u044c\u043d\u043e\u0441\u0442\u044c: 7:32","result_snippet_text":"\u041a\u043e\u043f \u0441 <em>MD<\/em> 3010i.","result_warc_relative_path":null,"result_warc_byte_offset":null},{"result_id":"712fa145-261d-553c-8c7a-07f88756e376","result_url":"https:\/\/www.youtube.com\/watch?v=nB01T9zABPM","result_domain":"www.youtube.com","result_domain_public_suffix":"com","result_wayback_url":"https:\/\/web.archive.org\/web\/20190814161555\/https:\/\/www.youtube.com\/watch?v=nB01T9zABPM","result_wayback_raw_url":"https:\/\/web.archive.org\/web\/20190814161555id_\/https:\/\/www.youtube.com\/watch?v=nB01T9zABPM","result_snippet_rank":10,"result_snippet_title":"\u041f\u043e\u0438\u0441\u043a \u0441 MD 3010 - \u041f\u0440\u043e\u0434\u043e\u043b\u0436\u0438\u0442\u0435\u043b\u044c\u043d\u043e\u0441\u0442\u044c: 17:28","result_snippet_text":null,"result_warc_relative_path":null,"result_warc_byte_offset":null},{"result_id":"105e85ff-b625-540e-9976-92d7a6642b6c","result_url":"https:\/\/www.youtube.com\/watch?v=gWOxnPn4P-Q","result_domain":"www.youtube.com","result_domain_public_suffix":"com","result_wayback_url":"https:\/\/web.archive.org\/web\/20190814161555\/https:\/\/www.youtube.com\/watch?v=gWOxnPn4P-Q","result_wayback_raw_url":"https:\/\/web.archive.org\/web\/20190814161555id_\/https:\/\/www.youtube.com\/watch?v=gWOxnPn4P-Q","result_snippet_rank":11,"result_snippet_title":"\u041c\u0430\u0440\u0448-\u0431\u0440\u043e\u0441\u043e\u043a \u0441 MD3010ii \u0432 \u043f\u043e\u043b\u044f - \u041f\u0440\u043e\u0434\u043e\u043b\u0436\u0438\u0442\u0435\u043b\u044c\u043d\u043e\u0441\u0442\u044c: 13:23","result_snippet_text":"\u0412\u044b\u0445\u043e\u0434\u043d\u043e\u0439 \u043c\u0430\u0440\u0448-\u0431\u0440\u043e\u0441\u043e\u043a \u0437\u0430 \u043e\u043a\u0440\u0443\u0436\u043d\u0443\u044e \u0434\u043e\u0440\u043e\u0433\u0443. \u041a\u0440\u0430\u0442\u043a\u043e \u0440\u0430\u0441\u0441\u043a\u0430\u0437\u0430\u043b \u043e \u043d\u0430\u0441\u0442\u0440\u043e\u0439\u043a\u0435 \u0434\u0435\u0442\u0435\u043a\u0442\u043e\u0440\u0430, \u043d\u0430\u0448\u0435\u043b \u043b\u0438\u0441\u0438\u0447\u043a\u0438 \u043a\u0443\u0441\u043e\u043a, \u0440\u043e\u0441....","result_warc_relative_path":null,"result_warc_byte_offset":null},{"result_id":"ac7902be-ad73-5dd1-9ba5-bff68a1e1f03","result_url":"https:\/\/www.youtube.com\/watch?v=o1c6rUl-nnY","result_domain":"www.youtube.com","result_domain_public_suffix":"com","result_wayback_url":"https:\/\/web.archive.org\/web\/20190814161555\/https:\/\/www.youtube.com\/watch?v=o1c6rUl-nnY","result_wayback_raw_url":"https:\/\/web.archive.org\/web\/20190814161555id_\/https:\/\/www.youtube.com\/watch?v=o1c6rUl-nnY","result_snippet_rank":12,"result_snippet_title":"\u041c\u0435\u0442\u0430\u043b\u043b\u043e\u0438\u0441\u043a\u0430\u0442\u0435\u043b\u044c \u0438\u0437 Banggood \u0438 \u043e\u0431\u043c\u0430\u043d \u0432 \u043a\u0438\u0442\u0430\u0439\u0441\u043a\u043e\u043c \u043c\u0430\u0433\u0430\u0437\u0438\u043d\u0435 - \u041f\u0440\u043e\u0434\u043e\u043b\u0436\u0438\u0442\u0435\u043b\u044c\u043d\u043e\u0441\u0442\u044c: 7:26","result_snippet_text":"<em>\u041c\u0435\u0442\u0430\u043b\u043b\u043e\u0438\u0441\u043a\u0430\u0442\u0435\u043b\u044c<\/em> \u043f\u043e\u0437\u0432\u043e\u043b\u044f\u0435\u0442 \u043d\u0430\u0439\u0442\u0438 \u043c\u0435\u0442\u0430\u043b\u043b\u044b \u0440\u0430\u0437\u043b\u0438\u0447\u043d\u044b\u0445 \u0442\u0438\u043f\u043e\u0432 \u0438 \u043f\u0440\u0438\u0431\u043b\u0438\u0437\u0438\u0442\u0435\u043b\u044c\u043d\u043e \u043e\u043f\u0440\u0435\u0434\u0435\u043b\u0438\u0442\u044c \u0438\u0445 \u0441\u043e\u0441\u0442\u0430\u0432\u00a0...","result_warc_relative_path":null,"result_warc_byte_offset":null},{"result_id":"c7efcf16-5c42-5c6e-9da2-b791aa41eeb1","result_url":"https:\/\/www.youtube.com\/watch?v=d0Y0_sAWdPE","result_domain":"www.youtube.com","result_domain_public_suffix":"com","result_wayback_url":"https:\/\/web.archive.org\/web\/20190814161555\/https:\/\/www.youtube.com\/watch?v=d0Y0_sAWdPE","result_wayback_raw_url":"https:\/\/web.archive.org\/web\/20190814161555id_\/https:\/\/www.youtube.com\/watch?v=d0Y0_sAWdPE","result_snippet_rank":13,"result_snippet_title":"\u043d\u043e\u0432\u044b\u0439 \u0442\u0435\u0441\u0442 \u043c\u04343010 \u0438\u0438 - \u041f\u0440\u043e\u0434\u043e\u043b\u0436\u0438\u0442\u0435\u043b\u044c\u043d\u043e\u0441\u0442\u044c: 6:37","result_snippet_text":"\u0434\u043e\u0431\u0430\u0432\u0438\u043b \u0432\u043e\u043b\u044c\u0442\u044b \u0438\u0437\u043c\u0435\u043d\u0435\u043d\u0438\u044f \u043d\u0435 \u0442\u0435 \u0447\u0442\u043e \u0445\u043e\u0442\u0435\u043b\u043e\u0441\u044c.))))))))","result_warc_relative_path":null,"result_warc_byte_offset":null},{"result_id":"e00da515-0ed1-53bf-a4db-a49130f07017","result_url":"https:\/\/www.youtube.com\/watch?v=0vxdNBUui6k","result_domain":"www.youtube.com","result_domain_public_suffix":"com","result_wayback_url":"https:\/\/web.archive.org\/web\/20190814161555\/https:\/\/www.youtube.com\/watch?v=0vxdNBUui6k","result_wayback_raw_url":"https:\/\/web.archive.org\/web\/20190814161555id_\/https:\/\/www.youtube.com\/watch?v=0vxdNBUui6k","result_snippet_rank":14,"result_snippet_title":"\u041e\u0431\u0437\u043e\u0440 \u041a\u0438\u0442\u0430\u0439\u0441\u043a\u043e\u0433\u043e \u043c\u0435\u0442\u0430\u043b\u043b\u043e\u0438\u0441\u043a\u0430\u0442\u0435\u043b\u044f MD-3010ii Overview of the Chinese metal detector MD-3010 - \u041f\u0440\u043e\u0434\u043e\u043b\u0436\u0438\u0442\u0435\u043b\u044c\u043d\u043e\u0441\u0442\u044c: 12:31","result_snippet_text":"Overview of the Chinese metal detector MD-3010ii\u041e\u0431\u0437\u043e\u0440 \u041a\u0438\u0442\u0430\u0439\u0441\u043a\u043e\u0433\u043e \u043c\u0435\u0442\u0430\u043b\u043b\u043e\u0438\u0441\u043a\u0430\u0442\u0435\u043b\u044f MD-3010ii\u0418\u0449\u0435\u0448\u044c \u043c\u0435\u0442\u0430\u043b\u043b\u043e\u0438\u0441\u043a\u0430\u0442\u0435\u043b\u0435\u0439, \u0441\u043e\u0437\u0434\u0430\u043d\u043d\u044b\u0445 ...","result_warc_relative_path":null,"result_warc_byte_offset":null},{"result_id":"62739c98-628b-5d23-a169-e356ca08d879","result_url":"https:\/\/www.youtube.com\/watch?v=Xk8py5s597A","result_domain":"www.youtube.com","result_domain_public_suffix":"com","result_wayback_url":"https:\/\/web.archive.org\/web\/20190814161555\/https:\/\/www.youtube.com\/watch?v=Xk8py5s597A","result_wayback_raw_url":"https:\/\/web.archive.org\/web\/20190814161555id_\/https:\/\/www.youtube.com\/watch?v=Xk8py5s597A","result_snippet_rank":15,"result_snippet_title":"MD3010 \u041a\u0438\u0442\u0430\u0439\u0441\u043a\u0438\u0439 \u043c\u0435\u0442\u0430\u043b\u043b\u043e\u0438\u0441\u043a\u0430\u0442\u0435\u043b\u044c - \u041f\u0440\u043e\u0434\u043e\u043b\u0436\u0438\u0442\u0435\u043b\u044c\u043d\u043e\u0441\u0442\u044c: 13:07","result_snippet_text":"<em>MD 3010<\/em> \u043a\u0438\u0442\u0430\u0439\u0441\u043a\u0438\u0439 <em>\u043c\u0435\u0442\u0430\u043b\u043b\u043e\u0438\u0441\u043a\u0430\u0442\u0435\u043b\u044c<\/em>, \u0440\u0430\u0441\u043f\u0430\u043a\u043e\u0432\u043a\u0430 \u0438 \u043a\u0440\u0430\u0442\u043a\u0438\u0439 \u043e\u0431\u0437\u043e\u0440. \u041f\u043e\u043a\u0443\u043f\u0430\u043b \u0437\u0434\u0435\u0441\u044c http:\/\/ali.pub\/izau5 \u0417\u0430\u043a\u0430\u0437\u0430\u0442\u044c \u0442\u043e\u0432\u0430...","result_warc_relative_path":null,"result_warc_byte_offset":null},{"result_id":"2874c1fd-05b3-53c7-8696-c0d688e9c408","result_url":"https:\/\/www.youtube.com\/watch?v=Ohj4Z-J5dfs","result_domain":"www.youtube.com","result_domain_public_suffix":"com","result_wayback_url":"https:\/\/web.archive.org\/web\/20190814161555\/https:\/\/www.youtube.com\/watch?v=Ohj4Z-J5dfs","result_wayback_raw_url":"https:\/\/web.archive.org\/web\/20190814161555id_\/https:\/\/www.youtube.com\/watch?v=Ohj4Z-J5dfs","result_snippet_rank":16,"result_snippet_title":"\u041d\u0430\u0441\u0442\u0440\u043e\u0439\u043a\u0430 MD 3010 PiP \u041f\u0438\u043d\u041f\u043e\u0438\u043d\u0442 tuning - \u041f\u0440\u043e\u0434\u043e\u043b\u0436\u0438\u0442\u0435\u043b\u044c\u043d\u043e\u0441\u0442\u044c: 2:33","result_snippet_text":"\u0427\u0442\u043e\u0431\u044b \u043d\u0430\u0441\u0442\u0440\u043e\u0438\u0442\u044c \u0442\u043e\u0447\u043d\u043e \u044d\u0442\u043e\u0442 <em>\u043c\u0435\u0442\u0430\u043b\u043b\u043e\u0438\u0441\u043a\u0430\u0442\u0435\u043b\u044c<\/em> \u043d\u0430 \u043e\u043f\u0440\u0435\u0434\u0435\u043b\u0435\u043d\u0438\u0435 \u0446\u0435\u043b\u0438, \u043d\u0443\u0436\u043d\u043e \u0441\u043d\u044f\u0442\u044c \u0432\u0435\u0440\u0445\u043d\u044e\u044e \u043a\u0440\u044b\u0448\u043a\u0443 \u0431\u0430\u0442\u0430\u0440\u0435\u0439\u043d\u043e\u0433...","result_warc_relative_path":null,"result_warc_byte_offset":null},{"result_id":"e334886c-879a-53c8-acef-d92e377d2514","result_url":"https:\/\/www.youtube.com\/watch?v=awKKMFwr0CQ","result_domain":"www.youtube.com","result_domain_public_suffix":"com","result_wayback_url":"https:\/\/web.archive.org\/web\/20190814161555\/https:\/\/www.youtube.com\/watch?v=awKKMFwr0CQ","result_wayback_raw_url":"https:\/\/web.archive.org\/web\/20190814161555id_\/https:\/\/www.youtube.com\/watch?v=awKKMFwr0CQ","result_snippet_rank":17,"result_snippet_title":"MD 3010 ii - \u041f\u0440\u043e\u0434\u043e\u043b\u0436\u0438\u0442\u0435\u043b\u044c\u043d\u043e\u0441\u0442\u044c: 1:46","result_snippet_text":"<em>MD 3010<\/em> ii.","result_warc_relative_path":null,"result_warc_byte_offset":null},{"result_id":"b9e7407e-863b-535c-b9b9-7cd580f7266e","result_url":"https:\/\/www.youtube.com\/watch?v=Touimy5GshI","result_domain":"www.youtube.com","result_domain_public_suffix":"com","result_wayback_url":"https:\/\/web.archive.org\/web\/20190814161555\/https:\/\/www.youtube.com\/watch?v=Touimy5GshI","result_wayback_raw_url":"https:\/\/web.archive.org\/web\/20190814161555id_\/https:\/\/www.youtube.com\/watch?v=Touimy5GshI","result_snippet_rank":18,"result_snippet_title":"\u041e\u0431\u0437\u043e\u0440 \u043c\u0435\u0442\u0430\u043b\u043b\u043e\u0438\u0441\u043a\u0430\u0442\u0435\u043b\u044f MD 3010 II, \u043f\u0440\u0438\u043d\u0446\u0438\u043f\u044b \u0440\u0430\u0431\u043e\u0442\u044b \u043f\u0440\u0438\u0431\u043e\u0440\u043e\u043c \u0438 \u0438\u0441\u043a\u043b\u044e\u0447\u0435\u043d\u0438\u0435 \u0433\u043b\u044e\u043a\u043e\u0432 - \u041f\u0440\u043e\u0434\u043e\u043b\u0436\u0438\u0442\u0435\u043b\u044c\u043d\u043e\u0441\u0442\u044c: 6:58","result_snippet_text":"\u041f\u0440\u0438 \u0432\u043e\u0437\u043d\u0438\u043a\u043d\u043e\u0432\u0435\u043d\u0438\u0438 \u043b\u043e\u0436\u043d\u044b\u0445 (\u0444\u0430\u043d\u0442\u043e\u043c\u043d\u044b\u0445) \u0441\u0438\u0433\u043d\u0430\u043b\u043e\u0432, \u0443\u043c\u0435\u043d\u044c\u0448\u0430\u0435\u043c \u0447\u0443\u0432\u0441\u0442\u0432\u0438\u0442\u0435\u043b\u044c\u043d\u043e\u0441\u0442\u044c \u0432 \u043d\u0430\u0441\u0442\u0440\u043e\u0439\u043a\u0430\u0445! \u041c\u043e\u0436\u043d\u043e \u0434\u0430\u0436\u0435 \u0434\u043e \u0435\u0434\u0438\u043d...","result_warc_relative_path":null,"result_warc_byte_offset":null},{"result_id":"946e8fbd-7556-5b94-93e8-4b1ec9a48ea3","result_url":"https:\/\/www.youtube.com\/watch?v=-luPxIHEBgs","result_domain":"www.youtube.com","result_domain_public_suffix":"com","result_wayback_url":"https:\/\/web.archive.org\/web\/20190814161555\/https:\/\/www.youtube.com\/watch?v=-luPxIHEBgs","result_wayback_raw_url":"https:\/\/web.archive.org\/web\/20190814161555id_\/https:\/\/www.youtube.com\/watch?v=-luPxIHEBgs","result_snippet_rank":19,"result_snippet_title":"\u041c\u0435\u0442\u0430\u043b\u043b\u043e\u0438\u0441\u043a\u0430\u0442\u0435\u043b\u044c MD3010ii,\u043e\u0431\u0437\u043e\u0440  \u0441 \u0447\u0443\u0432\u0441\u0442\u0432\u0438\u0442\u0435\u043b\u044c\u043d\u043e\u0441\u0442\u044c\u044e - \u041f\u0440\u043e\u0434\u043e\u043b\u0436\u0438\u0442\u0435\u043b\u044c\u043d\u043e\u0441\u0442\u044c: 5:10","result_snippet_text":"\u043f\u0440\u043e\u0434\u043e\u043b\u0436\u0435\u043d\u0438\u044f ,2 \u0447\u0430\u0441\u0442\u044c, \u0438\u043d\u0444\u043e \u043e\u0431 \u0430\u043a\u043a\u0443\u043c\u0443\u043b\u044f\u0442\u043e\u0440\u0430\u0445 \u0441 \u043d\u043e\u0443\u0442\u0431\u0443\u043a\u0430 ,\u0438 \u043c\u043e\u043d\u0438\u0442\u043e\u0440\u0438\u043d\u0433 \u0447\u0443\u0432\u0441\u0442\u0432\u0438\u0442\u0435\u043b\u044c\u043d\u043e\u0441\u0442\u0438 \u043a \u0440\u0430\u0437\u043d\u044b\u043c \u043c\u0435\u0442\u0430\u043b\u043b\u0430\u043c...","result_warc_relative_path":null,"result_warc_byte_offset":null},{"result_id":"08b7c94a-37e1-5a01-aac7-212b892001d4","result_url":"https:\/\/www.youtube.com\/watch?v=nGLef53jn14","result_domain":"www.youtube.com","result_domain_public_suffix":"com","result_wayback_url":"https:\/\/web.archive.org\/web\/20190814161555\/https:\/\/www.youtube.com\/watch?v=nGLef53jn14","result_wayback_raw_url":"https:\/\/web.archive.org\/web\/20190814161555id_\/https:\/\/www.youtube.com\/watch?v=nGLef53jn14","result_snippet_rank":20,"result_snippet_title":"MD3010ii \u0434\u043e\u0440\u0430\u0431\u043e\u0442\u043a\u0430 \u043f\u043e \u043c\u0435\u043b\u043e\u0447\u0430\u043c (\u0447\u0430\u0441\u0442\u044c1) - \u041f\u0440\u043e\u0434\u043e\u043b\u0436\u0438\u0442\u0435\u043b\u044c\u043d\u043e\u0441\u0442\u044c: 3:52","result_snippet_text":"\u0414\u043e\u0440\u0430\u0431\u043e\u0442\u043a\u0430 <em>\u043c\u0435\u0442\u0430\u043b\u043b\u043e\u0438\u0441\u043a\u0430\u0442\u0435\u043b\u044f<\/em> MD3010ii. \u0427\u0430\u0441\u0442\u044c 1. \u0412\u0441\u043a\u0440\u044b\u0442\u0438\u0435 \u043a\u0430\u0442\u0443\u0448\u043a\u0438, \u043f\u043e\u0434\u0431\u043e\u0440 \u0431\u0430\u043b\u0430\u043d\u0441\u0430 \u043f\u0435\u0440\u0435\u043c\u0435\u043d\u043d\u0438\u043a\u043e\u043c \u043d\u0430 \u043a\u0430\u0442\u0443\u0448\u043a\u0435 \u0438...","result_warc_relative_path":null,"result_warc_byte_offset":null}],"search_provider_name":"youtube","search_provider_alexa_domain":"youtube.com","search_provider_alexa_domain_public_suffix":"com","search_provider_alexa_rank":2,"search_provider_category":"media-sharing"}
{"serp_id":"4a40e910-85d3-5ad1-92aa-b417a9df4aa4","serp_url":"https:\/\/www.youtube.com\/results?search_query=%D0%B4%D1%8B%D0%BC%D0%BE%D0%B3%D0%B5%D0%BD%D0%B5%D1%80%D0%B0%D1%82%D0%BE%D1%80+g-smoke","serp_timestamp":1566818855000,"serp_wayback_url":"https:\/\/web.archive.org\/web\/20190826132735\/https:\/\/www.youtube.com\/results?search_query=%D0%B4%D1%8B%D0%BC%D0%BE%D0%B3%D0%B5%D0%BD%D0%B5%D1%80%D0%B0%D1%82%D0%BE%D1%80+g-smoke","serp_wayback_raw_url":"https:\/\/web.archive.org\/web\/20190826132735id_\/https:\/\/www.youtube.com\/results?search_query=%D0%B4%D1%8B%D0%BC%D0%BE%D0%B3%D0%B5%D0%BD%D0%B5%D1%80%D0%B0%D1%82%D0%BE%D1%80+g-smoke","serp_page":null,"serp_offset":null,"serp_query_text_url":"\u0434\u044b\u043c\u043e\u0433\u0435\u043d\u0435\u0440\u0430\u0442\u043e\u0440 g-smoke","serp_query_text_url_language":"kk","serp_query_text_html":"\u0434\u044b\u043c\u043e\u0433\u0435\u043d\u0435\u0440\u0430\u0442\u043e\u0440 g-smoke","serp_warc_relative_path":"focused\/archived-raw-serps\/youtube\/youtube.com%2Fresults%3F\/0000000413\/0000000000.warc.gz","serp_warc_byte_offset":147192,"serp_results":[{"result_id":"0e6decd2-0e4a-58c7-89f5-4e89f1402a63","result_url":"https:\/\/www.youtube.com\/watch?v=ael_X8V58_I","result_domain":"www.youtube.com","result_domain_public_suffix":"com","result_wayback_url":"https:\/\/web.archive.org\/web\/20190826132735\/https:\/\/www.youtube.com\/watch?v=ael_X8V58_I","result_wayback_raw_url":"https:\/\/web.archive.org\/web\/20190826132735id_\/https:\/\/www.youtube.com\/watch?v=ael_X8V58_I","result_snippet_rank":1,"result_snippet_title":"\u0420\u0430\u0431\u043e\u0442\u0430 \u0434\u044b\u043c\u043e\u0433\u0435\u043d\u0435\u0440\u0430\u0442\u043e\u0440\u0430 G-SMOKE - \u041f\u0440\u043e\u0434\u043e\u043b\u0436\u0438\u0442\u0435\u043b\u044c\u043d\u043e\u0441\u0442\u044c: 3:40","result_snippet_text":"\u041f\u043e\u0434\u0433\u043e\u0442\u043e\u0432\u043a\u0430 \u043a \u0440\u0430\u0431\u043e\u0442\u0435 \u0438 \u0437\u0430\u043f\u0443\u0441\u043a \u0430\u0432\u0442\u043e\u043c\u043e\u0431\u0438\u043b\u044c\u043d\u043e\u0433\u043e <em>\u0434\u044b\u043c\u043e\u0433\u0435\u043d\u0435\u0440\u0430\u0442\u043e\u0440\u0430 G-SMOKE<\/em>.","result_warc_relative_path":null,"result_warc_byte_offset":null},{"result_id":"da6a079b-e8b8-504c-938b-b3e38a795678","result_url":"https:\/\/www.youtube.com\/watch?v=jpuvnmEI8E4","result_domain":"www.youtube.com","result_domain_public_suffix":"com","result_wayback_url":"https:\/\/web.archive.org\/web\/20190826132735\/https:\/\/www.youtube.com\/watch?v=jpuvnmEI8E4","result_wayback_raw_url":"https:\/\/web.archive.org\/web\/20190826132735id_\/https:\/\/www.youtube.com\/watch?v=jpuvnmEI8E4","result_snippet_rank":2,"result_snippet_title":"\u0441\u0440\u0430\u0432\u043d\u0435\u043d\u0438\u0435 \u0430\u0432\u0442\u043e\u043c\u043e\u0431\u0438\u043b\u044c\u043d\u044b\u0445 \u0434\u044b\u043c\u043e\u0433\u0435\u043d\u0435\u0440\u0430\u0442\u043e\u0440\u043e\u0432 \u0413\u04141,  G Smoke, \u041c\u0430\u043b\u043e\u0433\u0430\u0431\u0430\u0440\u0438\u0442\u043d\u044b\u0439 \u0430\u0432\u0442\u043e\u043c\u043e\u0431\u0438\u043b\u044c\u043d\u044b\u0439 \u0433\u0435\u043d\u0435\u0440\u0430\u0442\u043e\u0440 \u0434\u044b\u043c\u0430. - \u041f\u0440\u043e\u0434\u043e\u043b\u0436\u0438\u0442\u0435\u043b\u044c\u043d\u043e\u0441\u0442\u044c: 9:36","result_snippet_text":"\u041f\u043e\u0441\u043c\u043e\u0442\u0440\u0435\u0442\u044c \u0432\u0441\u0435 \u0442\u043e\u0432\u0430\u0440\u044b \u043d\u0430 \u0441\u0430\u0439\u0442\u0435 http:\/\/xn--327-qdd4ag.xn--p1ai\/drugoe-oborudovanie \u041d\u0430 \u0432\u0438\u0434\u0435\u043e \u043f\u0440\u0435\u0434\u0441\u0442\u0430\u0432\u043b\u0435\u043d\u043e \u043a\u0440\u0430\u0442\u043a\u043e\u0435\u00a0...","result_warc_relative_path":null,"result_warc_byte_offset":null},{"result_id":"b461dc54-5aeb-588b-a7ab-8546afae329e","result_url":"https:\/\/www.youtube.com\/watch?v=ZwNa65_QiIg","result_domain":"www.youtube.com","result_domain_public_suffix":"com","result_wayback_url":"https:\/\/web.archive.org\/web\/20190826132735\/https:\/\/www.youtube.com\/watch?v=ZwNa65_QiIg","result_wayback_raw_url":"https:\/\/web.archive.org\/web\/20190826132735id_\/https:\/\/www.youtube.com\/watch?v=ZwNa65_QiIg","result_snippet_rank":3,"result_snippet_title":"\u0434\u044b\u043c\u043e\u0433\u0435\u043d\u0435\u0440\u0430\u0442\u043e\u0440 G Smoke - \u041f\u0440\u043e\u0434\u043e\u043b\u0436\u0438\u0442\u0435\u043b\u044c\u043d\u043e\u0441\u0442\u044c: 7:11","result_snippet_text":"\u0422\u0435\u0441\u0442\u0435\u0440 \u0443\u0442\u0435\u0447\u0435\u043a \u0441\u0438\u0441\u0442\u0435\u043c \u0432\u043f\u0443\u0441\u043a\u0430 \u0438 \u0432\u044b\u043f\u0443\u0441\u043a\u0430 \u043e\u0442\u0440\u0430\u0431\u043e\u0442\u0430\u0432\u0448\u0438\u0445 \u0433\u0430\u0437\u043e\u0432, \u0432\u0430\u043a\u0443\u0443\u043c\u043d\u044b\u0445 \u0441\u0438\u0441\u0442\u0435\u043c \u0438 \u0434\u0440\u0443\u0433\u0438\u0445 \u044d\u043b\u0435\u043c\u0435\u043d\u0442\u043e\u0432 \u0430\u0432\u0442\u043e\u043c\u043e\u0431\u0438\u043b\u044f-...","result_warc_relative_path":null,"result_warc_byte_offset":null},{"result_id":"021633c9-d889-5ebf-95a1-45ecb94c7221","result_url":"https:\/\/www.youtube.com\/watch?v=OeTHAWLTan4","result_domain":"www.youtube.com","result_domain_public_suffix":"com","result_wayback_url":"https:\/\/web.archive.org\/web\/20190826132735\/https:\/\/www.youtube.com\/watch?v=OeTHAWLTan4","result_wayback_raw_url":"https:\/\/web.archive.org\/web\/20190826132735id_\/https:\/\/www.youtube.com\/watch?v=OeTHAWLTan4","result_snippet_rank":4,"result_snippet_title":"\u041f\u0440\u0438\u043c\u0435\u043d\u0435\u043d\u0438\u0435 \u0434\u044b\u043c\u043e\u0433\u0435\u043d\u0435\u0440\u0430\u0442\u043e\u0440\u0430 G Smoke \u043d\u0430 \u0430\u0432\u0442\u043e\u043c\u043e\u0431\u0438\u043b\u0435 - \u041f\u0440\u043e\u0434\u043e\u043b\u0436\u0438\u0442\u0435\u043b\u044c\u043d\u043e\u0441\u0442\u044c: 3:14","result_snippet_text":"\u0422\u043e\u0432\u0430\u0440 \u043d\u0430 \u0441\u0430\u0439\u0442\u0435 https:\/\/\u0435\u043b\u043c327.\u0440\u0444\/drugoe-oborudovanie\/dimogenerator-smc-<em>smoke<\/em>.html \u041d\u0430\u0448 \u043f\u043e\u0441\u0442\u043e\u044f\u043d\u043d\u044b\u0439 \u043f\u043e\u043a\u0443\u043f\u0430\u0442\u0435\u043b\u044c \u043f\u0440\u0438\u0441\u043b\u0430\u043b\u00a0...","result_warc_relative_path":null,"result_warc_byte_offset":null},{"result_id":"931473d9-dd41-5a36-902b-2ee11cf59d23","result_url":"https:\/\/www.youtube.com\/watch?v=7s8s2RNExVA","result_domain":"www.youtube.com","result_domain_public_suffix":"com","result_wayback_url":"https:\/\/web.archive.org\/web\/20190826132735\/https:\/\/www.youtube.com\/watch?v=7s8s2RNExVA","result_wayback_raw_url":"https:\/\/web.archive.org\/web\/20190826132735id_\/https:\/\/www.youtube.com\/watch?v=7s8s2RNExVA","result_snippet_rank":5,"result_snippet_title":"\u0414\u044b\u043c\u043e\u0433\u0435\u043d\u0435\u0440\u0430\u0442\u043e\u0440 G Smoke \u0438 \u0435\u0433\u043e \u043a\u043e\u043c\u043f\u043b\u0435\u043a\u0442\u0443\u044e\u0449\u0438\u0435 - \u041f\u0440\u043e\u0434\u043e\u043b\u0436\u0438\u0442\u0435\u043b\u044c\u043d\u043e\u0441\u0442\u044c: 3:40","result_snippet_text":"\u041e\u043f\u0438\u0441\u0430\u043d\u0438\u0435 \u043a\u043e\u043c\u043f\u043b\u0435\u043a\u0442\u043d\u043e\u0441\u0442\u0438 \u0430\u0432\u0442\u043e\u043c\u043e\u0431\u0438\u043b\u044c\u043d\u043e\u0433\u043e <em>\u0434\u044b\u043c\u043e\u0433\u0435\u043d\u0435\u0440\u0430\u0442\u043e\u0440\u0430 G-SMOKE<\/em>, \u043e\u0441\u043d\u043e\u0432\u043d\u044b\u0445 \u0443\u0437\u043b\u043e\u0432 \u0438 \u043e\u043f\u0446\u0438\u0439.","result_warc_relative_path":null,"result_warc_byte_offset":null},{"result_id":"39cc1f4f-fd67-5c47-a657-b54cd7853268","result_url":"https:\/\/www.youtube.com\/watch?v=zizFchcikDQ","result_domain":"www.youtube.com","result_domain_public_suffix":"com","result_wayback_url":"https:\/\/web.archive.org\/web\/20190826132735\/https:\/\/www.youtube.com\/watch?v=zizFchcikDQ","result_wayback_raw_url":"https:\/\/web.archive.org\/web\/20190826132735id_\/https:\/\/www.youtube.com\/watch?v=zizFchcikDQ","result_snippet_rank":6,"result_snippet_title":"\u041c\u043e\u0442\u043e\u0440-\u041c\u0430\u0441\u0442\u0435\u0440: \u0414\u044b\u043c\u043e\u0433\u0435\u043d\u0435\u0440\u0430\u0442\u043e\u0440 \u0413\u0414-02 - \u041f\u0440\u043e\u0434\u043e\u043b\u0436\u0438\u0442\u0435\u043b\u044c\u043d\u043e\u0441\u0442\u044c: 15:54","result_snippet_text":"\u041e\u0431\u0437\u043e\u0440 \u043d\u043e\u0432\u043e\u0433\u043e \u0433\u0435\u043d\u0435\u0440\u0430\u0442\u043e\u0440\u0430 \u0434\u044b\u043c\u0430 \u043e\u0442 \u043a\u043e\u043c\u043f\u0430\u043d\u0438\u0438 \u041c\u043e\u0442\u043e\u0440-\u041c\u0430\u0441\u0442\u0435\u0440.","result_warc_relative_path":null,"result_warc_byte_offset":null},{"result_id":"a0e192c2-db94-591d-92de-85cc2f850e9c","result_url":"https:\/\/www.youtube.com\/watch?v=rgqmnMCgcPI","result_domain":"www.youtube.com","result_domain_public_suffix":"com","result_wayback_url":"https:\/\/web.archive.org\/web\/20190826132735\/https:\/\/www.youtube.com\/watch?v=rgqmnMCgcPI","result_wayback_raw_url":"https:\/\/web.archive.org\/web\/20190826132735id_\/https:\/\/www.youtube.com\/watch?v=rgqmnMCgcPI","result_snippet_rank":7,"result_snippet_title":"\u0414\u044b\u043c\u043e\u0433\u0435\u043d\u0435\u0440\u0430\u0442\u043e\u0440 G-Smoke! \u041b\u0443\u0447\u0448\u0438\u0439 \u043f\u043e\u043c\u043e\u0449\u043d\u0438\u043a \u0434\u0438\u0430\u0433\u043d\u043e\u0441\u0442\u0430 \u0430\u0432\u0442\u043e\u043c\u043e\u0431\u0438\u043b\u044f! - \u041f\u0440\u043e\u0434\u043e\u043b\u0436\u0438\u0442\u0435\u043b\u044c\u043d\u043e\u0441\u0442\u044c: 1:24","result_snippet_text":"https:\/\/motorstate.com.ua\/product-44402-motorstate\u041a\u0443\u043f\u0438\u0442\u044c \u043f\u043e \u0432\u044b\u0433\u043e\u0434\u043d\u043e\u0439 \u0446\u0435\u043d\u0435 \u0434\u044b\u043c\u043e\u0433\u0435\u043d\u0435\u0440\u0430\u0442\u043e\u0440 G-Smoke - \u041b\u0443\u0447\u0448\u0438\u0439 \u043f\u043e\u043c\u043e\u0449\u043d\u0438\u043a \u0434\u0438\u0430\u0433\u043d\u043e\u0441\u0442\u0430 ...","result_warc_relative_path":null,"result_warc_byte_offset":null},{"result_id":"9bc58a21-8d1d-5ac3-8091-ecf8c955b779","result_url":"https:\/\/www.youtube.com\/watch?v=McVJLiUhUpU","result_domain":"www.youtube.com","result_domain_public_suffix":"com","result_wayback_url":"https:\/\/web.archive.org\/web\/20190826132735\/https:\/\/www.youtube.com\/watch?v=McVJLiUhUpU","result_wayback_raw_url":"https:\/\/web.archive.org\/web\/20190826132735id_\/https:\/\/www.youtube.com\/watch?v=McVJLiUhUpU","result_snippet_rank":8,"result_snippet_title":"\u041e\u0442\u0437\u044b\u0432 Motorstate - G-Smoke \u0414\u044b\u043c\u043e\u0433\u0435\u043d\u0435\u0440\u0430\u0442\u043e\u0440 \u0410\u0432\u0442\u043e\u043c\u043e\u0431\u0438\u043b\u044c\u043d\u044b\u0439 - \u041f\u0440\u043e\u0434\u043e\u043b\u0436\u0438\u0442\u0435\u043b\u044c\u043d\u043e\u0441\u0442\u044c: 5:08","result_snippet_text":"\u041a\u0443\u043f\u0438\u0442\u044c \u043f\u043e \u0432\u044b\u0433\u043e\u0434\u043d\u043e\u0439 \u0446\u0435\u043d\u0435 \u0414\u044b\u043c\u043e\u0433\u0435\u043d\u0435\u0440\u0430\u0442\u043e\u0440 \u0430\u0432\u0442\u043e\u043c\u043e\u0431\u0438\u043b\u044c\u043d\u044b\u0439https:\/\/motorstate.com.ua\/product-44402-motorstate\u0414\u044b\u043c\u043e\u0433\u0435\u043d\u0435\u0440\u0430\u0442\u043e\u0440 G-Smoke ...","result_warc_relative_path":null,"result_warc_byte_offset":null},{"result_id":"35ac6448-c0d0-588c-8cdc-1d63906c96d9","result_url":"https:\/\/www.youtube.com\/watch?v=SBE-29vTWsw","result_domain":"www.youtube.com","result_domain_public_suffix":"com","result_wayback_url":"https:\/\/web.archive.org\/web\/20190826132735\/https:\/\/www.youtube.com\/watch?v=SBE-29vTWsw","result_wayback_raw_url":"https:\/\/web.archive.org\/web\/20190826132735id_\/https:\/\/www.youtube.com\/watch?v=SBE-29vTWsw","result_snippet_rank":9,"result_snippet_title":"\u0414\u044b\u043c\u043e\u0433\u0435\u043d\u0435\u0440\u0430\u0442\u043e\u0440 - \u041f\u0440\u043e\u0434\u043e\u043b\u0436\u0438\u0442\u0435\u043b\u044c\u043d\u043e\u0441\u0442\u044c: 2:29","result_snippet_text":"\u0413\u0435\u043d\u0435\u0440\u0430\u0442\u043e\u0440 \u0434\u044b\u043c\u0430 \u00ab<em>G<\/em>-<em>Smoke<\/em>\u201d","result_warc_relative_path":null,"result_warc_byte_offset":null},{"result_id":"08dc9dc5-cbf0-506c-958d-aa7ad8e0afa6","result_url":"https:\/\/www.youtube.com\/watch?v=0E2Bz7qNkUc","result_domain":"www.youtube.com","result_domain_public_suffix":"com","result_wayback_url":"https:\/\/web.archive.org\/web\/20190826132735\/https:\/\/www.youtube.com\/watch?v=0E2Bz7qNkUc","result_wayback_raw_url":"https:\/\/web.archive.org\/web\/20190826132735id_\/https:\/\/www.youtube.com\/watch?v=0E2Bz7qNkUc","result_snippet_rank":10,"result_snippet_title":"\u041e\u0431\u0437\u043e\u0440 \u0434\u044b\u043c\u043e\u0433\u0435\u043d\u0435\u0440\u0430\u0442\u043e\u0440\u0430 G-Smoke - \u041f\u0440\u043e\u0434\u043e\u043b\u0436\u0438\u0442\u0435\u043b\u044c\u043d\u043e\u0441\u0442\u044c: 1:40","result_snippet_text":"\u041e\u0431\u0437\u043e\u0440 <em>\u0434\u044b\u043c\u043e\u0433\u0435\u043d\u0435\u0440\u0430\u0442\u043e\u0440\u0430 G-Smoke<\/em>. G-Smoke - \u0434\u044b\u043c\u043e\u0433\u0435\u043d\u0435\u0440\u0430\u0442\u043e\u0440 \u0434\u043b\u044f \u043f\u0440\u043e\u0432\u0435\u0440\u043a\u0438 \u0433\u0435\u0440\u043c\u0435\u0442\u0438\u0447\u043d\u043e\u0441\u0442\u0438 \u0443\u0437\u043b\u043e\u0432 \u0438 \u0441\u0438\u0441\u0442\u0435\u043c, \u0432\u043b\u0438\u044f\u044e\u0449\u0438\u0445 \u043d\u0430\u00a0...","result_warc_relative_path":null,"result_warc_byte_offset":null},{"result_id":"f8dc6b79-e591-561f-a832-6fc0b88ff9ec","result_url":"https:\/\/www.youtube.com\/watch?v=9ZfqaTbpqhU","result_domain":"www.youtube.com","result_domain_public_suffix":"com","result_wayback_url":"https:\/\/web.archive.org\/web\/20190826132735\/https:\/\/www.youtube.com\/watch?v=9ZfqaTbpqhU","result_wayback_raw_url":"https:\/\/web.archive.org\/web\/20190826132735id_\/https:\/\/www.youtube.com\/watch?v=9ZfqaTbpqhU","result_snippet_rank":11,"result_snippet_title":"G Smoke \u0410\u0432\u0442\u043e\u043c\u043e\u0431\u0438\u043b\u044c\u043d\u044b\u0439 \u0433\u0435\u043d\u0435\u0440\u0430\u0442\u043e\u0440 \u0434\u044b\u043c\u0430 - \u041f\u0440\u043e\u0434\u043e\u043b\u0436\u0438\u0442\u0435\u043b\u044c\u043d\u043e\u0441\u0442\u044c: 2:41","result_snippet_text":"<em>\u0414\u044b\u043c\u043e\u0433\u0435\u043d\u0435\u0440\u0430\u0442\u043e\u0440<\/em> \u0434\u043b\u044f \u043f\u043e\u0438\u0441\u043a\u0430 \u0443\u0442\u0435\u0447\u0435\u043a. \u041f\u0440\u043e\u0438\u0437\u0432\u043e\u0434\u0441\u0442\u0432\u043e \u0420\u043e\u0441\u0441\u0438\u044f. \u0413\u0430\u0440\u0430\u043d\u0442\u0438\u044f 1 \u0433\u043e\u0434. \u041d\u0430\u0434\u0435\u0436\u043d\u044b\u0439 \u043f\u0440\u043e\u0432\u0435\u0440\u0435\u043d\u043d\u044b\u0439 \u0433\u0435\u043d\u0435\u0440\u0430\u0442\u043e\u0440...","result_warc_relative_path":null,"result_warc_byte_offset":null},{"result_id":"102b7d07-37e1-571a-b3b6-c6051a88fa43","result_url":"https:\/\/www.youtube.com\/watch?v=Tk8E0vL_FyI","result_domain":"www.youtube.com","result_domain_public_suffix":"com","result_wayback_url":"https:\/\/web.archive.org\/web\/20190826132735\/https:\/\/www.youtube.com\/watch?v=Tk8E0vL_FyI","result_wayback_raw_url":"https:\/\/web.archive.org\/web\/20190826132735id_\/https:\/\/www.youtube.com\/watch?v=Tk8E0vL_FyI","result_snippet_rank":12,"result_snippet_title":"\u0414\u044b\u043c\u043e\u0433\u0435\u043d\u0435\u0440\u0430\u0442\u043e\u0440 2 - \u041f\u0440\u043e\u0434\u043e\u043b\u0436\u0438\u0442\u0435\u043b\u044c\u043d\u043e\u0441\u0442\u044c: 7:57","result_snippet_text":"<em>\u0414\u044b\u043c\u043e\u0433\u0435\u043d\u0435\u0440\u0430\u0442\u043e\u0440<\/em> 2.","result_warc_relative_path":null,"result_warc_byte_offset":null},{"result_id":"e1b1579b-d417-5be5-a8d7-a8d32da3a2ba","result_url":"https:\/\/www.youtube.com\/watch?v=UkZJKGY725s","result_domain":"www.youtube.com","result_domain_public_suffix":"com","result_wayback_url":"https:\/\/web.archive.org\/web\/20190826132735\/https:\/\/www.youtube.com\/watch?v=UkZJKGY725s","result_wayback_raw_url":"https:\/\/web.archive.org\/web\/20190826132735id_\/https:\/\/www.youtube.com\/watch?v=UkZJKGY725s","result_snippet_rank":13,"result_snippet_title":"\u0420\u0435\u043c\u0437\u043e\u043d\u0430. \u0413\u0435\u043d\u0435\u0440\u0430\u0442\u043e\u0440 \u0434\u044b\u043c\u0430. \u041f\u043e\u0438\u0441\u043a \u043f\u043e\u0434\u0441\u043e\u0441\u043e\u0432 \u0432\u043e\u0437\u0434\u0443\u0445\u0430 \u0432\u043e \u0432\u043f\u0443\u0441\u043a\u0435. - \u041f\u0440\u043e\u0434\u043e\u043b\u0436\u0438\u0442\u0435\u043b\u044c\u043d\u043e\u0441\u0442\u044c: 5:17","result_snippet_text":null,"result_warc_relative_path":null,"result_warc_byte_offset":null},{"result_id":"007ff529-97fd-5dcd-ab11-e8025e8f35e6","result_url":"https:\/\/www.youtube.com\/watch?v=izWBe01m7Vo","result_domain":"www.youtube.com","result_domain_public_suffix":"com","result_wayback_url":"https:\/\/web.archive.org\/web\/20190826132735\/https:\/\/www.youtube.com\/watch?v=izWBe01m7Vo","result_wayback_raw_url":"https:\/\/web.archive.org\/web\/20190826132735id_\/https:\/\/www.youtube.com\/watch?v=izWBe01m7Vo","result_snippet_rank":14,"result_snippet_title":"\u0421\u043e\u0431\u0438\u0440\u0430\u0435\u043c \u0433\u0435\u043d\u0435\u0440\u0430\u0442\u043e\u0440 \u0434\u044b\u043c\u0430 \u0434\u043b\u044f \u0434\u0438\u0430\u0433\u043d\u043e\u0441\u0442\u0438\u043a\u0438 \u0438\u043d\u0436\u0435\u043a\u0442\u043e\u0440\u043d\u044b\u0445 \u0430\u0432\u0442\u043e\u043c\u043e\u0431\u0438\u043b\u0435\u0439 - \u041f\u0440\u043e\u0434\u043e\u043b\u0436\u0438\u0442\u0435\u043b\u044c\u043d\u043e\u0441\u0442\u044c: 11:52","result_snippet_text":null,"result_warc_relative_path":null,"result_warc_byte_offset":null},{"result_id":"35c58eb0-9d19-5f27-86d6-d8c9f5e92e4c","result_url":"https:\/\/www.youtube.com\/watch?v=3-xKJMSibZw","result_domain":"www.youtube.com","result_domain_public_suffix":"com","result_wayback_url":"https:\/\/web.archive.org\/web\/20190826132735\/https:\/\/www.youtube.com\/watch?v=3-xKJMSibZw","result_wayback_raw_url":"https:\/\/web.archive.org\/web\/20190826132735id_\/https:\/\/www.youtube.com\/watch?v=3-xKJMSibZw","result_snippet_rank":15,"result_snippet_title":"\u0410\u0432\u0442\u043e - \u0434\u044b\u043c\u043e\u0433\u0435\u043d\u0435\u0440\u0430\u0442\u043e\u0440 - \u041f\u0440\u043e\u0434\u043e\u043b\u0436\u0438\u0442\u0435\u043b\u044c\u043d\u043e\u0441\u0442\u044c: 6:56","result_snippet_text":"\u041e\u0434\u0438\u043d \u0438\u0437 \u0432\u0430\u0440\u0438\u0430\u043d\u0442\u043e\u0432 \u0441\u0430\u043c\u043e\u0441\u0442\u043e\u044f\u0442\u0435\u043b\u044c\u043d\u043e\u0433\u043e \u0438\u0437\u0433\u043e\u0442\u043e\u0432\u043b\u0435\u043d\u0438\u044f <em>\u0434\u044b\u043c\u043e\u0433\u0435\u043d\u0435\u0440\u0430\u0442\u043e\u0440\u0430<\/em> \u0441 \u0438\u0441\u043f\u043e\u043b\u044c\u0437\u043e\u0432\u0430\u043d\u0438\u0435\u043c \u0448\u043f\u0440\u0438\u0446\u0430 \u0434\u043b\u044f \u0441\u043c\u0430\u0437\u043a\u0438....","result_warc_relative_path":null,"result_warc_byte_offset":null},{"result_id":"5f482f88-7a51-5d36-b9ed-3dfb78e4690c","result_url":"https:\/\/www.youtube.com\/watch?v=GikC3POfNUA","result_domain":"www.youtube.com","result_domain_public_suffix":"com","result_wayback_url":"https:\/\/web.archive.org\/web\/20190826132735\/https:\/\/www.youtube.com\/watch?v=GikC3POfNUA","result_wayback_raw_url":"https:\/\/web.archive.org\/web\/20190826132735id_\/https:\/\/www.youtube.com\/watch?v=GikC3POfNUA","result_snippet_rank":16,"result_snippet_title":"\u0413\u0435\u043d\u0435\u0440\u0430\u0442\u043e\u0440 \u0434\u044b\u043c\u0430 \"G-Smoke\" \u0441 \u043a\u043e\u043c\u043f\u043b\u0435\u043a\u0442\u043e\u043c \u043f\u0440\u043e\u0431\u043e\u043a - \u041f\u0440\u043e\u0434\u043e\u043b\u0436\u0438\u0442\u0435\u043b\u044c\u043d\u043e\u0441\u0442\u044c: 1:02","result_snippet_text":"\u0421\u0441\u044b\u043b\u043a\u0430 \u043d\u0430 \u0442\u043e\u0432\u0430\u0440 \u0432 \u043d\u0430\u0448\u0435\u043c \u043c\u0430\u0433\u0430\u0437\u0438\u043d\u0435: http:\/\/eobd.ru\/generator-dyma-<em>g<\/em>-<em>smoke<\/em>-s-komplektom-probok.","result_warc_relative_path":null,"result_warc_byte_offset":null},{"result_id":"a0842186-369b-5677-bd58-88d49131dcf6","result_url":"https:\/\/www.youtube.com\/watch?v=PkV3UzGDN6o","result_domain":"www.youtube.com","result_domain_public_suffix":"com","result_wayback_url":"https:\/\/web.archive.org\/web\/20190826132735\/https:\/\/www.youtube.com\/watch?v=PkV3UzGDN6o","result_wayback_raw_url":"https:\/\/web.archive.org\/web\/20190826132735id_\/https:\/\/www.youtube.com\/watch?v=PkV3UzGDN6o","result_snippet_rank":17,"result_snippet_title":"\u041e\u0431\u0437\u043e\u0440 \u0438 \u0440\u0430\u0441\u043f\u0430\u043a\u043e\u0432\u043a\u0430 \u0434\u044b\u043c\u043e\u0433\u0435\u043d\u0435\u0440\u0430\u0442\u043e\u0440\u0430 g-smoke \u0433\u0435\u043d\u0435\u0440\u0430\u0442\u043e\u0440 \u0434\u044b\u043c\u0430 - \u041f\u0440\u043e\u0434\u043e\u043b\u0436\u0438\u0442\u0435\u043b\u044c\u043d\u043e\u0441\u0442\u044c: 1:51","result_snippet_text":"\u041e\u0431\u0437\u043e\u0440 <em>\u0434\u044b\u043c\u043e\u0433\u0435\u043d\u0435\u0440\u0430\u0442\u043e\u0440\u0430 g-smoke<\/em> \u0440\u0430\u0441\u043f\u0430\u043a\u043e\u0432\u043a\u0430 \u0438 \u043e\u0431\u0437\u043e\u0440 \u043a\u043e\u043c\u043f\u043b\u0435\u043a\u0442\u0430\u0446\u0438\u0438 \u043f\u0440\u0438\u0431\u043e\u0440\u0430. \u0410\u0437\u0431\u0443\u043a\u0430-\u0430\u0432\u0442\u043e\u0441\u0435\u0440\u0432\u0438\u0441\u0430.\u0440\u0444 \u0430\u0432\u0442\u043e\u0441\u0435\u0440\u0432\u0438\u0441\u043d\u043e...","result_warc_relative_path":null,"result_warc_byte_offset":null},{"result_id":"7c6f855e-7e5a-5af1-bdfb-e0f390f19e9d","result_url":"https:\/\/www.youtube.com\/watch?v=qAXS9PlYEL4","result_domain":"www.youtube.com","result_domain_public_suffix":"com","result_wayback_url":"https:\/\/web.archive.org\/web\/20190826132735\/https:\/\/www.youtube.com\/watch?v=qAXS9PlYEL4","result_wayback_raw_url":"https:\/\/web.archive.org\/web\/20190826132735id_\/https:\/\/www.youtube.com\/watch?v=qAXS9PlYEL4","result_snippet_rank":18,"result_snippet_title":"\u041c\u0435\u0433\u0430 \u0434\u044b\u043c\u043e\u0433\u0435\u043d\u0435\u0440\u0430\u0442\u043e\u0440 \u043e\u0431\u0437\u043e\u0440 \u0434\u0435\u0442\u0430\u043b\u0435\u0439!Mega Smoke generator. - \u041f\u0440\u043e\u0434\u043e\u043b\u0436\u0438\u0442\u0435\u043b\u044c\u043d\u043e\u0441\u0442\u044c: 5:39","result_snippet_text":"\u0420\u0430\u0437\u0431\u043e\u0440\u043a\u0430 \u043d\u0430 \u0447\u0430\u0441\u0442\u0438.","result_warc_relative_path":null,"result_warc_byte_offset":null},{"result_id":"0663dc65-26d6-5959-b942-0c8d993341a3","result_url":"https:\/\/www.youtube.com\/watch?v=IMEfeHRrbQo","result_domain":"www.youtube.com","result_domain_public_suffix":"com","result_wayback_url":"https:\/\/web.archive.org\/web\/20190826132735\/https:\/\/www.youtube.com\/watch?v=IMEfeHRrbQo","result_wayback_raw_url":"https:\/\/web.archive.org\/web\/20190826132735id_\/https:\/\/www.youtube.com\/watch?v=IMEfeHRrbQo","result_snippet_rank":19,"result_snippet_title":"\u041f\u0420\u0410\u0412\u0418\u041b\u042c\u041d\u042b\u0419 \u0414\u042b\u041c\u041e\u0413\u0415\u041d\u0415\u0420\u0410\u0422\u041e\u0420 \u0421\u0412\u041e\u0418\u041c\u0418 \u0420\u0423\u041a\u0410\u041c\u0418. \u0427.1. \u041e\u0427\u0418\u0421\u0422\u041a\u0410 \u0414\u042b\u041c\u0410.Proper smoke generator - \u041f\u0440\u043e\u0434\u043e\u043b\u0436\u0438\u0442\u0435\u043b\u044c\u043d\u043e\u0441\u0442\u044c: 25:29","result_snippet_text":"\u0412 \u0432\u0438\u0434\u0435\u043e \u043f\u043e\u043a\u0430\u0437\u044b\u0432\u0430\u044e \u0440\u0430\u0431\u043e\u0442\u0443 <em>\u0434\u044b\u043c\u043e\u0433\u0435\u043d\u0435\u0440\u0430\u0442\u043e\u0440\u0430<\/em> \u0434\u043b\u044f \u043a\u043e\u043f\u0447\u0435\u043d\u0438\u044f, \u0441\u0434\u0435\u043b\u0430\u043d\u043d\u043e\u0433\u043e \u0441\u0432\u043e\u0438\u043c\u0438 \u0440\u0443\u043a\u0430\u043c\u0438 \u0438\u0437 \u043e\u0431\u044b\u0447\u043d\u044b\u0445 \u0431\u0430\u043d\u043e\u043a. \u041f\u0440\u0438\u0432\u043e...","result_warc_relative_path":null,"result_warc_byte_offset":null},{"result_id":"0832fa92-5a48-5c4c-a218-554e9f2bc599","result_url":"https:\/\/www.youtube.com\/watch?v=do_oZ3vgquU","result_domain":"www.youtube.com","result_domain_public_suffix":"com","result_wayback_url":"https:\/\/web.archive.org\/web\/20190826132735\/https:\/\/www.youtube.com\/watch?v=do_oZ3vgquU","result_wayback_raw_url":"https:\/\/web.archive.org\/web\/20190826132735id_\/https:\/\/www.youtube.com\/watch?v=do_oZ3vgquU","result_snippet_rank":20,"result_snippet_title":"\u0414\u044b\u043c\u043e\u0433\u0435\u043d\u0435\u0440\u0430\u0442\u043e\u0440 (\u0422\u0443\u0440\u0431\u043e\u043d\u0430\u0434\u0443\u0432)\u0421\u0432\u043e\u0438\u043c\u0438 \u0440\u0443\u043a\u0430\u043c\u0438.Smoke generator. - \u041f\u0440\u043e\u0434\u043e\u043b\u0436\u0438\u0442\u0435\u043b\u044c\u043d\u043e\u0441\u0442\u044c: 5:09","result_snippet_text":"\u0425\u043e\u0440\u043e\u0448\u0430\u044f \u0432\u0435\u0449\u044c!","result_warc_relative_path":null,"result_warc_byte_offset":null},{"result_id":"442f1cfb-b0ac-5fe2-b86d-60fe6a10eaa1","result_url":"https:\/\/www.youtube.com\/watch?v=ycfrmx5OAKU","result_domain":"www.youtube.com","result_domain_public_suffix":"com","result_wayback_url":"https:\/\/web.archive.org\/web\/20190826132735\/https:\/\/www.youtube.com\/watch?v=ycfrmx5OAKU","result_wayback_raw_url":"https:\/\/web.archive.org\/web\/20190826132735id_\/https:\/\/www.youtube.com\/watch?v=ycfrmx5OAKU","result_snippet_rank":21,"result_snippet_title":"USB \u041a\u041e\u041c\u041f\u0420\u0415\u0421\u0421\u041e\u0420 (\u0412\u0415\u041d\u0422\u0418\u041b\u042f\u0422\u041e\u0420) \u0414\u041b\u042f \u0414\u042b\u041c\u041e\u0413\u0415\u041d\u0415\u0420\u0410\u0422\u041e\u0420\u0410.USB Fan Smoke generator - \u041f\u0440\u043e\u0434\u043e\u043b\u0436\u0438\u0442\u0435\u043b\u044c\u043d\u043e\u0441\u0442\u044c: 9:37","result_snippet_text":"\u0412 \u0432\u0438\u0434\u0435\u043e \u043f\u043e\u043a\u0430\u0437\u0430\u043d \u043f\u043e\u0448\u0430\u0433\u043e\u0432\u044b\u0439 \u043f\u0440\u043e\u0446\u0435\u0441\u0441 \u0441\u0431\u043e\u0440\u043a\u0438 \u0441\u0432\u043e\u0438\u043c\u0438 \u0440\u0443\u043a\u0430\u043c\u0438 \u043a\u043e\u043c\u043f\u0430\u043a\u0442\u043d\u043e\u0433\u043e (\u0441 \u043f\u0438\u0442\u0430\u043d\u0438\u0435\u043c \u043e\u0442 USB 5 \u0432\u043e\u043b\u044c\u0442) \u0432\u0435\u043d\u0442\u0438\u043b\u044f\u0442\u043e\u0440\u0430...","result_warc_relative_path":null,"result_warc_byte_offset":null},{"result_id":"4a484b59-8d57-53f2-ac03-46e70fd2981b","result_url":"https:\/\/www.youtube.com\/watch?v=DDhAwkzcInA","result_domain":"www.youtube.com","result_domain_public_suffix":"com","result_wayback_url":"https:\/\/web.archive.org\/web\/20190826132735\/https:\/\/www.youtube.com\/watch?v=DDhAwkzcInA","result_wayback_raw_url":"https:\/\/web.archive.org\/web\/20190826132735id_\/https:\/\/www.youtube.com\/watch?v=DDhAwkzcInA","result_snippet_rank":22,"result_snippet_title":"\u0413\u0435\u043d\u0435\u0440\u0430\u0442\u043e\u0440 \u0434\u044b\u043c\u0430 G-Smoke(\u0438\u0449\u0435\u043c \u043f\u043e\u0434\u0441\u043e\u0441 \u0432\u043e\u0437\u0434\u0443\u0445\u0430 \u043d\u0430 \u0428\u043d\u0438\u0432\u0435) - \u041f\u0440\u043e\u0434\u043e\u043b\u0436\u0438\u0442\u0435\u043b\u044c\u043d\u043e\u0441\u0442\u044c: 1:00","result_snippet_text":null,"result_warc_relative_path":null,"result_warc_byte_offset":null},{"result_id":"196f4cb6-6ea6-5b20-a0eb-02a8272b0090","result_url":"https:\/\/www.youtube.com\/watch?v=uk5_s-t4Bjw","result_domain":"www.youtube.com","result_domain_public_suffix":"com","result_wayback_url":"https:\/\/web.archive.org\/web\/20190826132735\/https:\/\/www.youtube.com\/watch?v=uk5_s-t4Bjw","result_wayback_raw_url":"https:\/\/web.archive.org\/web\/20190826132735id_\/https:\/\/www.youtube.com\/watch?v=uk5_s-t4Bjw","result_snippet_rank":23,"result_snippet_title":"Smoke generator Test!\u0433\u0435\u043d\u0435\u0440\u0430\u0442\u043e\u0440 \u0434\u044b\u043c\u0430 \u0434\u043b\u044f \u0445\u043e\u043b\u043e\u0434\u043d\u043e\u0433\u043e English subtitles - \u041f\u0440\u043e\u0434\u043e\u043b\u0436\u0438\u0442\u0435\u043b\u044c\u043d\u043e\u0441\u0442\u044c: 7:20","result_snippet_text":"English subtitles \u0433\u0435\u043d\u0435\u0440\u0430\u0442\u043e\u0440 \u0434\u044b\u043c\u0430 \u0434\u043b\u044f \u0445\u043e\u043b\u043e\u0434\u043d\u043e\u0433\u043e \u043a\u043e\u043f\u0447\u0435\u043d\u0438\u044f \u043f\u0440\u043e\u0431\u043d\u044b\u0439 \u0437\u0430\u043f\u0443\u0441\u043a.\u043d\u0435 \u0441\u043e\u0432\u0441\u0435\u043c \u0443\u0434\u0430\u0447\u043d\u044b\u0439.... Gruppo\u00a0...","result_warc_relative_path":null,"result_warc_byte_offset":null}],"search_provider_name":"youtube","search_provider_alexa_domain":"youtube.com","search_provider_alexa_domain_public_suffix":"com","search_provider_alexa_rank":2,"search_provider_category":"media-sharing"}
