{"serp_id":"c7d12165-1b24-5644-a95a-2af066e18996","serp_url":"https:\/\/scholar.google.com\/scholar?q=author:%22van%20der%20Wouden%20Johannes%20C%22","serp_timestamp":1593172134000,"serp_wayback_url":"https:\/\/web.archive.org\/web\/20200626134854\/https:\/\/scholar.google.com\/scholar?q=author:%22van%20der%20Wouden%20Johannes%20C%22","serp_wayback_raw_url":"https:\/\/web.archive.org\/web\/20200626134854id_\/https:\/\/scholar.google.com\/scholar?q=author:%22van%20der%20Wouden%20Johannes%20C%22","serp_page":null,"serp_offset":null,"serp_query_text_url":"author:\"van der Wouden Johannes C\"","serp_query_text_url_language":"nl","serp_query_text_html":"author:\"van der Wouden Johannes C\"","serp_warc_relative_path":"focused\/archived-raw-serps\/google\/scholar.google.com%2Fscholar%3F\/0000001076\/0000000000.warc.gz","serp_warc_byte_offset":108466,"serp_results":[],"search_provider_name":"google","search_provider_alexa_domain":"google.com","search_provider_alexa_domain_public_suffix":"com","search_provider_alexa_rank":1,"search_provider_category":"search-engine"}
