{"result_id":"e556ac4e-7137-5c35-8367-bb0d611d2e2f","result_url":"https:\/\/www.youtube.com\/watch?v=vjYxQ-v_q-8","result_domain":"www.youtube.com","result_domain_public_suffix":"com","result_wayback_url":"https:\/\/web.archive.org\/web\/20200114111916\/https:\/\/www.youtube.com\/watch?v=vjYxQ-v_q-8","result_wayback_raw_url":"https:\/\/web.archive.org\/web\/20200114111916id_\/https:\/\/www.youtube.com\/watch?v=vjYxQ-v_q-8","result_snippet_rank":21,"result_snippet_title":"\u041e\u0441\u043d\u043e\u0432\u043d\u044b\u0435 \u043e\u0448\u0438\u0431\u043a\u0438 \u0431\u0430\u0440\u0438\u0441\u0442\u0430 \u0432 \u0440\u0430\u0431\u043e\u0442\u0435 \u0441 \u043a\u043e\u0444\u0435\u043c\u0430\u0448\u0438\u043d\u043e\u0439 - \u041f\u0440\u043e\u0434\u043e\u043b\u0436\u0438\u0442\u0435\u043b\u044c\u043d\u043e\u0441\u0442\u044c: 17:04","result_snippet_text":"\u041d\u0430\u0448 \u043d\u043e\u0432\u044b\u0439 \u0440\u043e\u043b\u0438\u043a \u043f\u043e\u0441\u0432\u044f\u0449\u0435\u043d \u043e\u0441\u043d\u043e\u0432\u043d\u044b\u043c \u043e\u0448\u0438\u0431\u043a\u0430\u043c \u0431\u0430\u0440\u0438\u0441\u0442\u0430 \u0432 \u0440\u0430\u0431\u043e\u0442\u0435 \u0441 \u043a\u043e\u0444\u0435\u043c\u0430\u0448\u0438\u043d\u043e\u0439.\u041c\u044b \u043f\u043e\u0433\u043e\u0432\u043e\u0440\u0438\u043c \u043f\u0440\u043e \u043d\u0430\u043c\u0430\u043b\u044b\u0432\u0430\u043d\u0438\u0435...","result_warc_relative_path":null,"result_warc_byte_offset":null,"serp_id":"1f13fef1-5b3e-5393-82aa-12be08a49105","serp_url":"https:\/\/www.youtube.com\/results?search_query=%D0%B2%D0%B8%D0%B4%D1%8B+%D0%BF%D1%80%D0%B8%D0%B3%D0%BE%D1%82%D0%BE%D0%B2%D0%BB%D0%B5%D0%BD%D0%B8%D1%8F+%D0%BA%D0%BE%D1%84%D0%B5","serp_timestamp":1578997156000,"serp_wayback_url":"https:\/\/web.archive.org\/web\/20200114111916\/https:\/\/www.youtube.com\/results?search_query=%D0%B2%D0%B8%D0%B4%D1%8B+%D0%BF%D1%80%D0%B8%D0%B3%D0%BE%D1%82%D0%BE%D0%B2%D0%BB%D0%B5%D0%BD%D0%B8%D1%8F+%D0%BA%D0%BE%D1%84%D0%B5","serp_wayback_raw_url":"https:\/\/web.archive.org\/web\/20200114111916id_\/https:\/\/www.youtube.com\/results?search_query=%D0%B2%D0%B8%D0%B4%D1%8B+%D0%BF%D1%80%D0%B8%D0%B3%D0%BE%D1%82%D0%BE%D0%B2%D0%BB%D0%B5%D0%BD%D0%B8%D1%8F+%D0%BA%D0%BE%D1%84%D0%B5","serp_page":null,"serp_offset":null,"serp_query_text_url":"\u0432\u0438\u0434\u044b \u043f\u0440\u0438\u0433\u043e\u0442\u043e\u0432\u043b\u0435\u043d\u0438\u044f \u043a\u043e\u0444\u0435","serp_query_text_url_language":"ru","serp_query_text_html":"\u0432\u0438\u0434\u044b \u043f\u0440\u0438\u0433\u043e\u0442\u043e\u0432\u043b\u0435\u043d\u0438\u044f \u043a\u043e\u0444\u0435","serp_warc_relative_path":"focused\/archived-raw-serps\/youtube\/youtube.com%2Fresults%3F\/0000000341\/0000000000.warc.gz","serp_warc_byte_offset":152074,"search_provider_name":"youtube","search_provider_alexa_domain":"youtube.com","search_provider_alexa_domain_public_suffix":"com","search_provider_alexa_rank":2,"search_provider_category":"media-sharing"}
{"result_id":"57b8ba6b-5d07-50c9-92a4-871d4a40ab3f","result_url":"https:\/\/www.youtube.com\/watch?v=e0F6QWYwFd0","result_domain":"www.youtube.com","result_domain_public_suffix":"com","result_wayback_url":"https:\/\/web.archive.org\/web\/20200123212513\/https:\/\/www.youtube.com\/watch?v=e0F6QWYwFd0","result_wayback_raw_url":"https:\/\/web.archive.org\/web\/20200123212513id_\/https:\/\/www.youtube.com\/watch?v=e0F6QWYwFd0","result_snippet_rank":22,"result_snippet_title":"\uc81c1\ud68c \uae40\ucc9c \uc804\uad6d\ub3d9\ud638\uc778\ud14c\ub2c8\uc2a4\ub300\ud68c \uc9c0\ub3c4\uc790\ubd80 \uacb0\uc2b9 \uae40\ucc3d\ubbfc \ud55c\uc8fc\ud638\/\ucd5c\ud658\uc6a9 \uc815\uc131\ud6c8 - \u041f\u0440\u043e\u0434\u043e\u043b\u0436\u0438\u0442\u0435\u043b\u044c\u043d\u043e\u0441\u0442\u044c: 11:41","result_snippet_text":null,"result_warc_relative_path":null,"result_warc_byte_offset":null,"serp_id":"82f75e43-98cc-5dad-8838-2e11c881c658","serp_url":"https:\/\/www.youtube.com\/results?search_query=%EA%B9%80%EB%8F%99%EC%99%84+%ED%85%8C%EB%8B%88%EC%8A%A4","serp_timestamp":1579811113000,"serp_wayback_url":"https:\/\/web.archive.org\/web\/20200123212513\/https:\/\/www.youtube.com\/results?search_query=%EA%B9%80%EB%8F%99%EC%99%84+%ED%85%8C%EB%8B%88%EC%8A%A4","serp_wayback_raw_url":"https:\/\/web.archive.org\/web\/20200123212513id_\/https:\/\/www.youtube.com\/results?search_query=%EA%B9%80%EB%8F%99%EC%99%84+%ED%85%8C%EB%8B%88%EC%8A%A4","serp_page":null,"serp_offset":null,"serp_query_text_url":"\uae40\ub3d9\uc644 \ud14c\ub2c8\uc2a4","serp_query_text_url_language":"ko","serp_query_text_html":"\uae40\ub3d9\uc644 \ud14c\ub2c8\uc2a4","serp_warc_relative_path":"focused\/archived-raw-serps\/youtube\/youtube.com%2Fresults%3F\/0000000990\/0000000000.warc.gz","serp_warc_byte_offset":1476054,"search_provider_name":"youtube","search_provider_alexa_domain":"youtube.com","search_provider_alexa_domain_public_suffix":"com","search_provider_alexa_rank":2,"search_provider_category":"media-sharing"}
{"result_id":"78e52c80-ee17-5531-8585-4caf71fdd8ef","result_url":"https:\/\/www.youtube.com\/watch?v=26k1-uttqbA","result_domain":"www.youtube.com","result_domain_public_suffix":"com","result_wayback_url":"https:\/\/web.archive.org\/web\/20200122162818\/https:\/\/www.youtube.com\/watch?v=26k1-uttqbA","result_wayback_raw_url":"https:\/\/web.archive.org\/web\/20200122162818id_\/https:\/\/www.youtube.com\/watch?v=26k1-uttqbA","result_snippet_rank":22,"result_snippet_title":"Johnny Cash - Wanted Man - Duration: 2:53.","result_snippet_text":"I do not own or claim any of this copyrighted material posted.","result_warc_relative_path":null,"result_warc_byte_offset":null,"serp_id":"7b603919-c678-5676-937b-43e757bda4ef","serp_url":"https:\/\/www.youtube.com\/results?search_query=Johnny+Cash+Get+Rhythm","serp_timestamp":1579706898000,"serp_wayback_url":"https:\/\/web.archive.org\/web\/20200122162818\/https:\/\/www.youtube.com\/results?search_query=Johnny+Cash+Get+Rhythm","serp_wayback_raw_url":"https:\/\/web.archive.org\/web\/20200122162818id_\/https:\/\/www.youtube.com\/results?search_query=Johnny+Cash+Get+Rhythm","serp_page":null,"serp_offset":null,"serp_query_text_url":"Johnny Cash Get Rhythm","serp_query_text_url_language":"cy","serp_query_text_html":"Johnny Cash Get Rhythm","serp_warc_relative_path":"focused\/archived-raw-serps\/youtube\/youtube.com%2Fresults%3F\/0000001285\/0000000000.warc.gz","serp_warc_byte_offset":33352158,"search_provider_name":"youtube","search_provider_alexa_domain":"youtube.com","search_provider_alexa_domain_public_suffix":"com","search_provider_alexa_rank":2,"search_provider_category":"media-sharing"}
{"result_id":"b0ec792a-7b58-574b-af5c-6a84cae5270c","result_url":"https:\/\/www.youtube.com\/watch?v=ykb_4-Dckdc","result_domain":"www.youtube.com","result_domain_public_suffix":"com","result_wayback_url":"https:\/\/web.archive.org\/web\/20200131213730\/https:\/\/www.youtube.com\/watch?v=ykb_4-Dckdc","result_wayback_raw_url":"https:\/\/web.archive.org\/web\/20200131213730id_\/https:\/\/www.youtube.com\/watch?v=ykb_4-Dckdc","result_snippet_rank":10,"result_snippet_title":"Batman Arkham | 1 \u0441\u0435\u0437\u043e\u043d | 1 \u0441\u0435\u0440\u0438\u044f - \u041f\u0440\u043e\u0434\u043e\u043b\u0436\u0438\u0442\u0435\u043b\u044c\u043d\u043e\u0441\u0442\u044c: 48:29","result_snippet_text":null,"result_warc_relative_path":null,"result_warc_byte_offset":null,"serp_id":"255917f7-c56b-594b-82df-beeacd0a8075","serp_url":"https:\/\/www.youtube.com\/results?search_query=%D0%B1%D1%8D%D1%82%D0%BC%D0%B5%D0%BD+%D0%BF%D0%BE%D1%81%D0%BB%D0%B5%D0%B4%D0%BD%D1%8F%D1%8F+%D1%87%D0%B0%D1%81%D1%82%D1%8C+%D1%84%D0%B8%D0%BB%D1%8C%D0%BC","serp_timestamp":1580503050000,"serp_wayback_url":"https:\/\/web.archive.org\/web\/20200131213730\/https:\/\/www.youtube.com\/results?search_query=%D0%B1%D1%8D%D1%82%D0%BC%D0%B5%D0%BD+%D0%BF%D0%BE%D1%81%D0%BB%D0%B5%D0%B4%D0%BD%D1%8F%D1%8F+%D1%87%D0%B0%D1%81%D1%82%D1%8C+%D1%84%D0%B8%D0%BB%D1%8C%D0%BC","serp_wayback_raw_url":"https:\/\/web.archive.org\/web\/20200131213730id_\/https:\/\/www.youtube.com\/results?search_query=%D0%B1%D1%8D%D1%82%D0%BC%D0%B5%D0%BD+%D0%BF%D0%BE%D1%81%D0%BB%D0%B5%D0%B4%D0%BD%D1%8F%D1%8F+%D1%87%D0%B0%D1%81%D1%82%D1%8C+%D1%84%D0%B8%D0%BB%D1%8C%D0%BC","serp_page":null,"serp_offset":null,"serp_query_text_url":"\u0431\u044d\u0442\u043c\u0435\u043d \u043f\u043e\u0441\u043b\u0435\u0434\u043d\u044f\u044f \u0447\u0430\u0441\u0442\u044c \u0444\u0438\u043b\u044c\u043c","serp_query_text_url_language":"ru","serp_query_text_html":"\u0431\u044d\u0442\u043c\u0435\u043d \u043f\u043e\u0441\u043b\u0435\u0434\u043d\u044f\u044f \u0447\u0430\u0441\u0442\u044c \u0444\u0438\u043b\u044c\u043c","serp_warc_relative_path":"focused\/archived-raw-serps\/youtube\/youtube.com%2Fresults%3F\/0000000328\/0000000000.warc.gz","serp_warc_byte_offset":915447,"search_provider_name":"youtube","search_provider_alexa_domain":"youtube.com","search_provider_alexa_domain_public_suffix":"com","search_provider_alexa_rank":2,"search_provider_category":"media-sharing"}
