serp_id,serp_url,serp_timestamp,serp_wayback_url,serp_wayback_raw_url,serp_page,serp_offset,serp_query_text_url,serp_query_text_url_language,serp_query_text_html,serp_warc_relative_path,serp_warc_byte_offset,serp_results,search_provider_name,search_provider_alexa_domain,search_provider_alexa_domain_public_suffix,search_provider_alexa_rank,search_provider_category
8bf699d9-5d05-589d-a1b2-8654c3fd9757,https://twitter.com/search?q=%23%D0%A3%D0%BA%D1%80%D0%A2%D0%B2%D1%96&mode=news,2014-05-17 17:13:39,https://web.archive.org/web/20140517191339/https://twitter.com/search?q=%23%D0%A3%D0%BA%D1%80%D0%A2%D0%B2%D1%96&mode=news,https://web.archive.org/web/20140517191339id_/https://twitter.com/search?q=%23%D0%A3%D0%BA%D1%80%D0%A2%D0%B2%D1%96&mode=news,,,#УкрТві,,,focused/archived-raw-serps/twitter/twitter.com%2Fsearch%3F/0000001137/0000000000.warc.gz,45208,"[{'result_id': 'a4e1b7e6-ebcf-59bf-8d93-b41183a06e0f', 'result_url': 'https://twitter.com/Sasha91kyiv/status/466655249877323776', 'result_domain': 'twitter.com', 'result_domain_public_suffix': 'com', 'result_wayback_url': 'https://web.archive.org/web/20140517191339/https://twitter.com/Sasha91kyiv/status/466655249877323776', 'result_wayback_raw_url': 'https://web.archive.org/web/20140517191339id_/https://twitter.com/Sasha91kyiv/status/466655249877323776', 'result_snippet_rank': 1, 'result_snippet_title': '<em>Olexandr Zagrebelny</em>\n\u200f@<em>Sasha91kyiv</em>', 'result_snippet_text': 'Дістали... | Українська правда http://www.pravda.com.ua/columns/2014/05/13/7025258/\xa0… с помощью @<em>ukrpravda_news</em>\n#<em><em>укртві</em></em> #<em>Україна</em> #<em>Крым</em> #<em>Украина</em> #<em>раджу</em> #<em>Евромайдан</em> #<em>ДНР</em>', 'result_warc_relative_path': None, 'result_warc_byte_offset': None}
 {'result_id': '03f4d480-6c3c-5bf7-a61c-1e73371c6528', 'result_url': 'https://twitter.com/Cause_The_Night/status/458286295765512192', 'result_domain': 'twitter.com', 'result_domain_public_suffix': 'com', 'result_wayback_url': 'https://web.archive.org/web/20140517191339/https://twitter.com/Cause_The_Night/status/458286295765512192', 'result_wayback_raw_url': 'https://web.archive.org/web/20140517191339id_/https://twitter.com/Cause_The_Night/status/458286295765512192', 'result_snippet_rank': 2, 'result_snippet_title': '<em>Malva</em>\n\u200f@<em>Cause_The_Night</em>', 'result_snippet_text': 'Наша відповідь росіянам: з\'явився сайт знайомств ""Хочу бандерівця""\n#<em>Україна</em>\nhttp://life.pravda.com.ua/society/2014/04/18/164316/\xa0… #<em><em>УкрТві</em></em> pic.twitter.com/MHSJMmPtho', 'result_warc_relative_path': None, 'result_warc_byte_offset': None}
 {'result_id': 'e2a229ab-8673-5c2c-a252-43540fc99649', 'result_url': 'https://twitter.com/kovalskaolya/status/454725694451646464', 'result_domain': 'twitter.com', 'result_domain_public_suffix': 'com', 'result_wayback_url': 'https://web.archive.org/web/20140517191339/https://twitter.com/kovalskaolya/status/454725694451646464', 'result_wayback_raw_url': 'https://web.archive.org/web/20140517191339id_/https://twitter.com/kovalskaolya/status/454725694451646464', 'result_snippet_rank': 3, 'result_snippet_title': '<em>ПатрикейПравдомыслов</em>\n\u200f@<em>kovalskaolya</em>', 'result_snippet_text': 'Великолепная аналогия http://www.kp.ru/daily/26218.4/3101517/?from=igpr\xa0… #<em>Путин</em> #<em>ИграПрестолов</em> #<em>Путін</em> #<em>руссофашисто</em> #<em>сериалы</em> #<em>новостиполитика</em> #<em>weua</em> #<em><em>укртві</em></em>', 'result_warc_relative_path': None, 'result_warc_byte_offset': None}
 {'result_id': '8020ed49-47e5-5b09-9d28-01fe649c12d0', 'result_url': 'https://twitter.com/V_Galinka/status/433633340856340480', 'result_domain': 'twitter.com', 'result_domain_public_suffix': 'com', 'result_wayback_url': 'https://web.archive.org/web/20140517191339/https://twitter.com/V_Galinka/status/433633340856340480', 'result_wayback_raw_url': 'https://web.archive.org/web/20140517191339id_/https://twitter.com/V_Galinka/status/433633340856340480', 'result_snippet_rank': 4, 'result_snippet_title': '<em>Galyna</em>\n\u200f@<em>V_Galinka</em>', 'result_snippet_text': '""Учитель творить Людину"" В.О. Сухомлинський. Вона таке чула? Сором такому педагогу. http://www.pravda.com.ua/news/2014/02/12/7013626/\xa0… #<em>євромайдан</em> #<em><em>укртві</em></em>', 'result_warc_relative_path': None, 'result_warc_byte_offset': None}]",twitter,twitter.com,com,26,social-media
