{"result_id":"327756ec-8c3a-5564-bd85-76e79cbb656c","result_url":"https:\/\/www.amazon.in\/Skybags-BPFUS27EMGT-FUSE-BACKPACK-MAGNET\/dp\/B0B3XYM2VG\/ref=sr_1_9?crid=1L72SZI90QXX1&keywords=skybags+backpack&linkCode=sl2&qid=1662219363&refinements=p_n_pct-off-with-tax%3A2665401031%2Cp_89%3ASkybags%2Cp_85%3A10440599031&rnid=10440598031&rps=1&s=luggage&sprefix=Skybags+backp%2Caps%2C330&sr=1-9","result_domain":"www.amazon.in","result_domain_public_suffix":"in","result_wayback_url":"https:\/\/web.archive.org\/web\/20220903153603\/https:\/\/www.amazon.in\/Skybags-BPFUS27EMGT-FUSE-BACKPACK-MAGNET\/dp\/B0B3XYM2VG\/ref=sr_1_9?crid=1L72SZI90QXX1&keywords=skybags+backpack&linkCode=sl2&qid=1662219363&refinements=p_n_pct-off-with-tax%3A2665401031%2Cp_89%3ASkybags%2Cp_85%3A10440599031&rnid=10440598031&rps=1&s=luggage&sprefix=Skybags+backp%2Caps%2C330&sr=1-9","result_wayback_raw_url":"https:\/\/web.archive.org\/web\/20220903153603id_\/https:\/\/www.amazon.in\/Skybags-BPFUS27EMGT-FUSE-BACKPACK-MAGNET\/dp\/B0B3XYM2VG\/ref=sr_1_9?crid=1L72SZI90QXX1&keywords=skybags+backpack&linkCode=sl2&qid=1662219363&refinements=p_n_pct-off-with-tax%3A2665401031%2Cp_89%3ASkybags%2Cp_85%3A10440599031&rnid=10440598031&rps=1&s=luggage&sprefix=Skybags+backp%2Caps%2C330&sr=1-9","result_snippet_rank":11,"result_snippet_title":"FUSE 27L BACKPACK MAGNET","result_snippet_text":null,"result_warc_relative_path":null,"result_warc_byte_offset":null,"serp_id":"3107bc8c-5da8-5aec-ba27-666624092ce2","serp_url":"https:\/\/www.amazon.in\/s?k=skybags+backpack&bbn=2454169031&rh=n:2454169031,p_n_pct-off-with-tax:2665401031,p_89:Skybags,p_85:10440599031&dc&crid=1L72SZI90QXX1&qid=1619176506&rnid=10440598031&sprefix=Skybags+backp,aps,330&linkCode=sl2&tag=dealsalert13-21","serp_timestamp":1662212163000,"serp_wayback_url":"https:\/\/web.archive.org\/web\/20220903153603\/https:\/\/www.amazon.in\/s?k=skybags+backpack&bbn=2454169031&rh=n:2454169031,p_n_pct-off-with-tax:2665401031,p_89:Skybags,p_85:10440599031&dc&crid=1L72SZI90QXX1&qid=1619176506&rnid=10440598031&sprefix=Skybags+backp,aps,330&linkCode=sl2&tag=dealsalert13-21","serp_wayback_raw_url":"https:\/\/web.archive.org\/web\/20220903153603id_\/https:\/\/www.amazon.in\/s?k=skybags+backpack&bbn=2454169031&rh=n:2454169031,p_n_pct-off-with-tax:2665401031,p_89:Skybags,p_85:10440599031&dc&crid=1L72SZI90QXX1&qid=1619176506&rnid=10440598031&sprefix=Skybags+backp,aps,330&linkCode=sl2&tag=dealsalert13-21","serp_page":null,"serp_offset":null,"serp_query_text_url":"skybags backpack","serp_query_text_url_language":"en","serp_query_text_html":"skybags backpack","serp_warc_relative_path":"focused\/archived-raw-serps\/amazon\/amazon.in%2Fs%3F\/0000000042\/0000000000.warc.gz","serp_warc_byte_offset":9108121,"search_provider_name":"amazon","search_provider_alexa_domain":"amazon.com","search_provider_alexa_domain_public_suffix":"com","search_provider_alexa_rank":10,"search_provider_category":"e-commerce"}
