{"result_id":"c0cd23e0-ae49-5b6e-a551-dbbf8fc8b9c2","result_url":"https:\/\/www.ebay.com.au\/itm\/DIY-LED-Dash-Cluster-Light-Bulbs-VT-VX-VU-WHCommodore-Berlina-Calais-Bright-BLUE\/264073406844?hash=item3d7c00697c:g:h3cAAOxylk1Redcz","result_domain":"www.ebay.com.au","result_domain_public_suffix":"com.au","result_wayback_url":"https:\/\/web.archive.org\/web\/20200108102227\/https:\/\/www.ebay.com.au\/itm\/DIY-LED-Dash-Cluster-Light-Bulbs-VT-VX-VU-WHCommodore-Berlina-Calais-Bright-BLUE\/264073406844?hash=item3d7c00697c:g:h3cAAOxylk1Redcz","result_wayback_raw_url":"https:\/\/web.archive.org\/web\/20200108102227id_\/https:\/\/www.ebay.com.au\/itm\/DIY-LED-Dash-Cluster-Light-Bulbs-VT-VX-VU-WHCommodore-Berlina-Calais-Bright-BLUE\/264073406844?hash=item3d7c00697c:g:h3cAAOxylk1Redcz","result_snippet_rank":28,"result_snippet_title":"DIY LED Dash Cluster Light Bulbs VT VX VU WHCommodore Berlina Calais Bright BLUE","result_snippet_text":null,"result_warc_relative_path":null,"result_warc_byte_offset":null,"serp_id":"1b234766-5568-50d3-9b69-7b31a3d9c517","serp_url":"https:\/\/www.ebay.com.au\/sch\/i.html?_odkw=vt+cluster+bubs&_sop=15&_osacat=0&_from=R40&_trksid=m570.l1313&_nkw=vt+cluster+bulbs&_sacat=0","serp_timestamp":1578475347000,"serp_wayback_url":"https:\/\/web.archive.org\/web\/20200108102227\/https:\/\/www.ebay.com.au\/sch\/i.html?_odkw=vt+cluster+bubs&_sop=15&_osacat=0&_from=R40&_trksid=m570.l1313&_nkw=vt+cluster+bulbs&_sacat=0","serp_wayback_raw_url":"https:\/\/web.archive.org\/web\/20200108102227id_\/https:\/\/www.ebay.com.au\/sch\/i.html?_odkw=vt+cluster+bubs&_sop=15&_osacat=0&_from=R40&_trksid=m570.l1313&_nkw=vt+cluster+bulbs&_sacat=0","serp_page":null,"serp_offset":null,"serp_query_text_url":"vt cluster bulbs","serp_query_text_url_language":"ga","serp_query_text_html":"vt cluster bulbs","serp_warc_relative_path":"focused\/archived-raw-serps\/ebay\/ebay.com.au%2Fsch%2Fi.html%3F\/0000000011\/0000000000.warc.gz","serp_warc_byte_offset":60569302,"search_provider_name":"ebay","search_provider_alexa_domain":"ebay.com","search_provider_alexa_domain_public_suffix":"com","search_provider_alexa_rank":31,"search_provider_category":"e-commerce"}
