{"result_id":"b28b94d7-6144-5254-ab82-63c2142efca8","result_url":"http:\/\/stackoverflow.com\/questions\/6849738\/update-gridview-in-realtime","result_domain":"stackoverflow.com","result_domain_public_suffix":"com","result_wayback_url":"https:\/\/web.archive.org\/web\/20140922114935\/http:\/\/stackoverflow.com\/questions\/6849738\/update-gridview-in-realtime","result_wayback_raw_url":"https:\/\/web.archive.org\/web\/20140922114935id_\/http:\/\/stackoverflow.com\/questions\/6849738\/update-gridview-in-realtime","result_snippet_rank":31,"result_snippet_title":"Update Gridview in realtime","result_snippet_text":"I'm developing application WinForms .net 4.0 using C# and the backend is SQL Server 2008\nthe nature of the data for this app is to be displayed to the user in real time manner, whenever the data is ...","result_warc_relative_path":null,"result_warc_byte_offset":null,"serp_id":"98eb03c6-0430-5819-9cdd-92c4c2a964f7","serp_url":"http:\/\/stackoverflow.com\/questions\/tagged\/c%23-4.0+sql-server-2008+sql","serp_timestamp":1411379375000,"serp_wayback_url":"https:\/\/web.archive.org\/web\/20140922114935\/http:\/\/stackoverflow.com\/questions\/tagged\/c%23-4.0+sql-server-2008+sql","serp_wayback_raw_url":"https:\/\/web.archive.org\/web\/20140922114935id_\/http:\/\/stackoverflow.com\/questions\/tagged\/c%23-4.0+sql-server-2008+sql","serp_page":null,"serp_offset":null,"serp_query_text_url":"c#-4.0+sql-server-2008+sql","serp_query_text_url_language":"sl","serp_query_text_html":"[c#-4.0] [sql-server-2008] [sql]","serp_warc_relative_path":"focused\/archived-raw-serps\/stackoverflow\/stackoverflow.com%2Fquestions%2Ftagged\/0000000088\/0000000000.warc.gz","serp_warc_byte_offset":36018,"search_provider_name":"stackoverflow","search_provider_alexa_domain":"stackoverflow.com","search_provider_alexa_domain_public_suffix":"com","search_provider_alexa_rank":43,"search_provider_category":"question-and-answer"}
