{"result_id":"61971128-cb59-5fb8-a8a2-25fcd6563f2f","result_url":"https:\/\/www.youtube.com\/watch?v=wOWbuiOfCtA","result_domain":"www.youtube.com","result_domain_public_suffix":"com","result_wayback_url":"https:\/\/web.archive.org\/web\/20190728133048\/https:\/\/www.youtube.com\/watch?v=wOWbuiOfCtA","result_wayback_raw_url":"https:\/\/web.archive.org\/web\/20190728133048id_\/https:\/\/www.youtube.com\/watch?v=wOWbuiOfCtA","result_snippet_rank":15,"result_snippet_title":"wild rose - \ub108\ub97c \uae30\uc5b5\ud558\uba70.mp4 - \u041f\u0440\u043e\u0434\u043e\u043b\u0436\u0438\u0442\u0435\u043b\u044c\u043d\u043e\u0441\u0442\u044c: 4:29","result_snippet_text":"\u61d0\u304b\u3057\u3044\u97f3\u697d\u4ffa\u3068\u540c\u6642\u4ee3\u3092\u751f\u304d\u3066\u6765\u305f\u4eba\u306b\u306f\u61d0\u304b\u3057\u3044\u97f3\u697d\u3060\u3068\u304a\u3082\u3046\u308f.","result_warc_relative_path":null,"result_warc_byte_offset":null,"serp_id":"b40d84ae-faa8-5668-80e7-dc441b64c4c2","serp_url":"https:\/\/www.youtube.com\/results?search_query=%EB%84%88%EB%A5%BC%EA%B8%B0%EC%96%B5%ED%95%98%EB%8A%94%EB%82%A0","serp_timestamp":1564313448000,"serp_wayback_url":"https:\/\/web.archive.org\/web\/20190728133048\/https:\/\/www.youtube.com\/results?search_query=%EB%84%88%EB%A5%BC%EA%B8%B0%EC%96%B5%ED%95%98%EB%8A%94%EB%82%A0","serp_wayback_raw_url":"https:\/\/web.archive.org\/web\/20190728133048id_\/https:\/\/www.youtube.com\/results?search_query=%EB%84%88%EB%A5%BC%EA%B8%B0%EC%96%B5%ED%95%98%EB%8A%94%EB%82%A0","serp_page":null,"serp_offset":null,"serp_query_text_url":"\ub108\ub97c\uae30\uc5b5\ud558\ub294\ub0a0","serp_query_text_url_language":"ko","serp_query_text_html":"\ub108\ub97c\uae30\uc5b5\ud558\ub294\ub0a0","serp_warc_relative_path":"focused\/archived-raw-serps\/youtube\/youtube.com%2Fresults%3F\/0000000996\/0000000000.warc.gz","serp_warc_byte_offset":624968,"search_provider_name":"youtube","search_provider_alexa_domain":"youtube.com","search_provider_alexa_domain_public_suffix":"com","search_provider_alexa_rank":2,"search_provider_category":"media-sharing"}
{"result_id":"2f1ec044-fe63-5110-90a2-91df80ecbf4f","result_url":"https:\/\/www.youtube.com\/watch?v=urcV8pBfyGE","result_domain":"www.youtube.com","result_domain_public_suffix":"com","result_wayback_url":"https:\/\/web.archive.org\/web\/20190709063118\/https:\/\/www.youtube.com\/watch?v=urcV8pBfyGE","result_wayback_raw_url":"https:\/\/web.archive.org\/web\/20190709063118id_\/https:\/\/www.youtube.com\/watch?v=urcV8pBfyGE","result_snippet_rank":4,"result_snippet_title":"ASL \uc2dc\uc98c4 \uacb0\uc2b9\uc804 \uc544\ud504\ub9ac\uce74 \uc2a4\ud0c0 \ub9ac\uadf8, \uc774\uc601\ud638 VS \uc870\uc77c\uc7a5 FINALS MATCH1 [\uc774\uc601\ud638 \uc2a4\ud0c0\ud06c\ub798\ud504\ud2b8 \ub9e4\uce58] - \u041f\u0440\u043e\u0434\u043e\u043b\u0436\u0438\u0442\u0435\u043b\u044c\u043d\u043e\u0441\u0442\u044c: 43:06","result_snippet_text":"\uc774\uc601\ud638\uc758 \uc544\ud504\ub9ac\uce74 \ubc29\uc1a1\uad6d \ubc14\ub85c\uac00\uae30! : http:\/\/www.afreeca.com\/byflash.","result_warc_relative_path":null,"result_warc_byte_offset":null,"serp_id":"e4c3e43b-df30-5a86-95f3-05e3bcf71969","serp_url":"https:\/\/www.youtube.com\/results?search_query=asl+%EC%8B%9C%EC%A6%8C+%EA%B2%B0%EC%8A%B9","serp_timestamp":1562646678000,"serp_wayback_url":"https:\/\/web.archive.org\/web\/20190709063118\/https:\/\/www.youtube.com\/results?search_query=asl+%EC%8B%9C%EC%A6%8C+%EA%B2%B0%EC%8A%B9","serp_wayback_raw_url":"https:\/\/web.archive.org\/web\/20190709063118id_\/https:\/\/www.youtube.com\/results?search_query=asl+%EC%8B%9C%EC%A6%8C+%EA%B2%B0%EC%8A%B9","serp_page":null,"serp_offset":null,"serp_query_text_url":"asl \uc2dc\uc98c \uacb0\uc2b9","serp_query_text_url_language":"mr","serp_query_text_html":"asl \uc2dc\uc98c \uacb0\uc2b9","serp_warc_relative_path":"focused\/archived-raw-serps\/youtube\/youtube.com%2Fresults%3F\/0000001144\/0000000000.warc.gz","serp_warc_byte_offset":161835557,"search_provider_name":"youtube","search_provider_alexa_domain":"youtube.com","search_provider_alexa_domain_public_suffix":"com","search_provider_alexa_rank":2,"search_provider_category":"media-sharing"}
