{"result_id":"ef8ee7c9-73d2-50cb-a1ed-0dac327eaf7f","result_url":"https:\/\/twitter.com\/nailartbd\/status\/1382027470229082118?lang=bg","result_domain":"twitter.com","result_domain_public_suffix":"com","result_wayback_url":"https:\/\/web.archive.org\/web\/20210909025649\/https:\/\/twitter.com\/nailartbd\/status\/1382027470229082118?lang=bg","result_wayback_raw_url":"https:\/\/web.archive.org\/web\/20210909025649id_\/https:\/\/twitter.com\/nailartbd\/status\/1382027470229082118?lang=bg","result_snippet_rank":6,"result_snippet_title":"Nail Art Express \u0432 Twitter: \"Just posted a video @ Nail Art ...","result_snippet_text":"<em>Nail Art Express<\/em> \u00b7 @NailartBd. First ever Nail Studio in <em>Bangladesh<\/em>, connecting <em>nail art<\/em> and technology together - the future of <em>nail art<\/em>.","result_warc_relative_path":null,"result_warc_byte_offset":null,"serp_id":"06d3ad54-22d3-5c89-8d67-2b6734a16b75","serp_url":"https:\/\/www.google.dk\/search?q=Nail+Art+Express+Bangladesh&ludocid=8378346943034912525&lpsid=8876282542013415340&source=sh\/x\/localposts&lsig=AB86z5X-rEPOiWZZc1OzkdkUZ-Du","serp_timestamp":1631149009000,"serp_wayback_url":"https:\/\/web.archive.org\/web\/20210909025649\/https:\/\/www.google.dk\/search?q=Nail+Art+Express+Bangladesh&ludocid=8378346943034912525&lpsid=8876282542013415340&source=sh\/x\/localposts&lsig=AB86z5X-rEPOiWZZc1OzkdkUZ-Du","serp_wayback_raw_url":"https:\/\/web.archive.org\/web\/20210909025649id_\/https:\/\/www.google.dk\/search?q=Nail+Art+Express+Bangladesh&ludocid=8378346943034912525&lpsid=8876282542013415340&source=sh\/x\/localposts&lsig=AB86z5X-rEPOiWZZc1OzkdkUZ-Du","serp_page":null,"serp_offset":null,"serp_query_text_url":"Nail Art Express Bangladesh","serp_query_text_url_language":"fil","serp_query_text_html":"Nail Art Express Bangladesh","serp_warc_relative_path":"focused\/archived-raw-serps\/google\/google.dk%2Fsearch%3F\/0000000002\/0000000000.warc.gz","serp_warc_byte_offset":923796,"search_provider_name":"google","search_provider_alexa_domain":"google.com","search_provider_alexa_domain_public_suffix":"com","search_provider_alexa_rank":1,"search_provider_category":"search-engine"}
