result_id,result_url,result_domain,result_domain_public_suffix,result_wayback_url,result_wayback_raw_url,result_snippet_rank,result_snippet_title,result_snippet_text,result_warc_relative_path,result_warc_byte_offset,serp_id,serp_url,serp_timestamp,serp_wayback_url,serp_wayback_raw_url,serp_page,serp_offset,serp_query_text_url,serp_query_text_url_language,serp_query_text_html,serp_warc_relative_path,serp_warc_byte_offset,search_provider_name,search_provider_alexa_domain,search_provider_alexa_domain_public_suffix,search_provider_alexa_rank,search_provider_category
464b0b69-20e4-5c87-b02e-d53f424765ae,https://stackoverflow.com/questions/36531009/mpi-too-many-communicators,stackoverflow.com,com,https://web.archive.org/web/20190301211314/https://stackoverflow.com/questions/36531009/mpi-too-many-communicators,https://web.archive.org/web/20190301211314id_/https://stackoverflow.com/questions/36531009/mpi-too-many-communicators,13,MPI too many communicators?,"The idea of the code is to open a file in parallel and then each
core reads different part of that big file. ir_start and ir_stop are therefore different for each core. 

I have the following code (...",,,fc783a54-8e48-58bd-a09f-1d74796e1c23,https://stackoverflow.com/questions/tagged/communicator+mpi,2019-03-01 20:13:14,https://web.archive.org/web/20190301211314/https://stackoverflow.com/questions/tagged/communicator+mpi,https://web.archive.org/web/20190301211314id_/https://stackoverflow.com/questions/tagged/communicator+mpi,,,communicator+mpi,,[communicator] [mpi],focused/archived-raw-serps/stackoverflow/stackoverflow.com%2Fquestions%2Ftagged/0000000115/0000000000.warc.gz,187520,stackoverflow,stackoverflow.com,com,43,question-and-answer
