{"serp_id":"4b85d6d1-2b64-5a97-bf20-b7bf63d5691f","serp_url":"http:\/\/stackoverflow.com\/questions\/tagged\/autoplay+jquery+slidesjs","serp_timestamp":1412651576000,"serp_wayback_url":"https:\/\/web.archive.org\/web\/20141007051256\/http:\/\/stackoverflow.com\/questions\/tagged\/autoplay+jquery+slidesjs","serp_wayback_raw_url":"https:\/\/web.archive.org\/web\/20141007051256id_\/http:\/\/stackoverflow.com\/questions\/tagged\/autoplay+jquery+slidesjs","serp_page":null,"serp_offset":null,"serp_query_text_url":"autoplay+jquery+slidesjs","serp_query_text_url_language":"lv","serp_query_text_html":"[autoplay] [jquery] [slidesjs]","serp_warc_relative_path":"focused\/archived-raw-serps\/stackoverflow\/stackoverflow.com%2Fquestions%2Ftagged\/0000000063\/0000000000.warc.gz","serp_warc_byte_offset":674278,"serp_results":[{"result_id":"26f5a6ef-9955-55b1-beae-1932d3d1a77a","result_url":"http:\/\/stackoverflow.com\/questions\/21226158\/slidesjs-autoplay-not-working","result_domain":"stackoverflow.com","result_domain_public_suffix":"com","result_wayback_url":"https:\/\/web.archive.org\/web\/20141007051256\/http:\/\/stackoverflow.com\/questions\/21226158\/slidesjs-autoplay-not-working","result_wayback_raw_url":"https:\/\/web.archive.org\/web\/20141007051256id_\/http:\/\/stackoverflow.com\/questions\/21226158\/slidesjs-autoplay-not-working","result_snippet_rank":1,"result_snippet_title":"SlidesJS Autoplay not working","result_snippet_text":"I am trying to make autoplay work on a simple SlidesJS carousel:\nhttp:\/\/www.cycle22x.com\/\n\nI checked out some other threads that answer similar problems but the solutions provided aren't working? Here ...","result_warc_relative_path":null,"result_warc_byte_offset":null},{"result_id":"c4983e27-88ea-578a-955f-670ebbd92cd7","result_url":"http:\/\/stackoverflow.com\/questions\/13047405\/play-option-not-working-in-slidesjs","result_domain":"stackoverflow.com","result_domain_public_suffix":"com","result_wayback_url":"https:\/\/web.archive.org\/web\/20141007051256\/http:\/\/stackoverflow.com\/questions\/13047405\/play-option-not-working-in-slidesjs","result_wayback_raw_url":"https:\/\/web.archive.org\/web\/20141007051256id_\/http:\/\/stackoverflow.com\/questions\/13047405\/play-option-not-working-in-slidesjs","result_snippet_rank":2,"result_snippet_title":"Play option not working in SlidesJS?","result_snippet_text":"According to the SlidesJS docs, you should be able to set the autoplay speed by setting the \"play\" option, like this:\n\n$(document).ready(function() {\n    $('#header-slideshow').slides({\n        effect ...","result_warc_relative_path":null,"result_warc_byte_offset":null}],"search_provider_name":"stackoverflow","search_provider_alexa_domain":"stackoverflow.com","search_provider_alexa_domain_public_suffix":"com","search_provider_alexa_rank":43,"search_provider_category":"question-and-answer"}
{"serp_id":"70925025-6801-5d44-92ed-1bd9dcb9affa","serp_url":"http:\/\/stackoverflow.com\/questions\/tagged\/ecm+dms+filenet","serp_timestamp":1412216934000,"serp_wayback_url":"https:\/\/web.archive.org\/web\/20141002042854\/http:\/\/stackoverflow.com\/questions\/tagged\/ecm+dms+filenet","serp_wayback_raw_url":"https:\/\/web.archive.org\/web\/20141002042854id_\/http:\/\/stackoverflow.com\/questions\/tagged\/ecm+dms+filenet","serp_page":null,"serp_offset":null,"serp_query_text_url":"ecm+dms+filenet","serp_query_text_url_language":null,"serp_query_text_html":"[ecm] [dms] [filenet]","serp_warc_relative_path":"focused\/archived-raw-serps\/stackoverflow\/stackoverflow.com%2Fquestions%2Ftagged\/0000000170\/0000000000.warc.gz","serp_warc_byte_offset":256672,"serp_results":[{"result_id":"b144c8d9-4fbf-5e23-9115-a70b9b73aa31","result_url":"http:\/\/stackoverflow.com\/questions\/20581030\/failed-to-clone-object-0-error-in-ibm-filenet-5-2-how-to-solve-this","result_domain":"stackoverflow.com","result_domain_public_suffix":"com","result_wayback_url":"https:\/\/web.archive.org\/web\/20141002042854\/http:\/\/stackoverflow.com\/questions\/20581030\/failed-to-clone-object-0-error-in-ibm-filenet-5-2-how-to-solve-this","result_wayback_raw_url":"https:\/\/web.archive.org\/web\/20141002042854id_\/http:\/\/stackoverflow.com\/questions\/20581030\/failed-to-clone-object-0-error-in-ibm-filenet-5-2-how-to-solve-this","result_snippet_rank":1,"result_snippet_title":"Failed to Clone Object {0}. Error in IBM FileNET 5.2 How to Solve this?","result_snippet_text":"The Following Code display Failed to Clone Object {0} error. While uploading a document from a local system via C#.NET Code.\n\nActually I tested this in 7 systems 5 systems showing error. But on other ...","result_warc_relative_path":null,"result_warc_byte_offset":null}],"search_provider_name":"stackoverflow","search_provider_alexa_domain":"stackoverflow.com","search_provider_alexa_domain_public_suffix":"com","search_provider_alexa_rank":43,"search_provider_category":"question-and-answer"}
