serp_id,serp_url,serp_timestamp,serp_wayback_url,serp_wayback_raw_url,serp_page,serp_offset,serp_query_text_url,serp_query_text_url_language,serp_query_text_html,serp_warc_relative_path,serp_warc_byte_offset,serp_results,search_provider_name,search_provider_alexa_domain,search_provider_alexa_domain_public_suffix,search_provider_alexa_rank,search_provider_category
0aaf6f80-208d-5db3-888d-9f61454e6bc3,https://www.youtube.com/results?search_query=%D0%B3%D0%B8%D0%BC%D0%B0%D0%BB%D0%B0%D0%B9%D1%81%D0%BA%D0%B0%D1%8F+%D1%81%D0%BE%D0%BB%D1%8C+%D0%BC%D0%BE%D0%BD%D1%82%D0%B0%D0%B6,2019-07-08 23:16:47,https://web.archive.org/web/20190709011647/https://www.youtube.com/results?search_query=%D0%B3%D0%B8%D0%BC%D0%B0%D0%BB%D0%B0%D0%B9%D1%81%D0%BA%D0%B0%D1%8F+%D1%81%D0%BE%D0%BB%D1%8C+%D0%BC%D0%BE%D0%BD%D1%82%D0%B0%D0%B6,https://web.archive.org/web/20190709011647id_/https://www.youtube.com/results?search_query=%D0%B3%D0%B8%D0%BC%D0%B0%D0%BB%D0%B0%D0%B9%D1%81%D0%BA%D0%B0%D1%8F+%D1%81%D0%BE%D0%BB%D1%8C+%D0%BC%D0%BE%D0%BD%D1%82%D0%B0%D0%B6,,,гималайская соль монтаж,ru,гималайская соль монтаж,focused/archived-raw-serps/youtube/youtube.com%2Fresults%3F/0000000370/0000000000.warc.gz,227583,"[{'result_id': 'ca379346-affb-59da-ae2e-5f10324e6561', 'result_url': 'https://www.youtube.com/watch?v=Rh5NNZbDYco', 'result_domain': 'www.youtube.com', 'result_domain_public_suffix': 'com', 'result_wayback_url': 'https://web.archive.org/web/20190709011647/https://www.youtube.com/watch?v=Rh5NNZbDYco', 'result_wayback_raw_url': 'https://web.archive.org/web/20190709011647id_/https://www.youtube.com/watch?v=Rh5NNZbDYco', 'result_snippet_rank': 1, 'result_snippet_title': 'Отделка парилки  Цвето соле освещение . Fihish  the steam room .  Color sale  lighting . - Продолжительность: 30:02', 'result_snippet_text': 'https://www.youtube.com/editor)', 'result_warc_relative_path': None, 'result_warc_byte_offset': None}
 {'result_id': '094d84d5-599c-5143-a69e-7f5ae7a0698d', 'result_url': 'https://www.youtube.com/watch?v=q17l-kpbQEE', 'result_domain': 'www.youtube.com', 'result_domain_public_suffix': 'com', 'result_wayback_url': 'https://web.archive.org/web/20190709011647/https://www.youtube.com/watch?v=q17l-kpbQEE', 'result_wayback_raw_url': 'https://web.archive.org/web/20190709011647id_/https://www.youtube.com/watch?v=q17l-kpbQEE', 'result_snippet_rank': 2, 'result_snippet_title': 'Соляная стена в бане. Бесклеевой монтаж плитки. - Продолжительность: 12:02', 'result_snippet_text': 'Бесклеевой <em>монтаж</em> соляной стены в бане. Светодиодная подсветка.Эффективная площадь взаимодействия...', 'result_warc_relative_path': None, 'result_warc_byte_offset': None}
 {'result_id': '80c7e1e5-565f-54d3-8ca5-b8d444e28062', 'result_url': 'https://www.youtube.com/watch?v=PsTFX2KcL5A', 'result_domain': 'www.youtube.com', 'result_domain_public_suffix': 'com', 'result_wayback_url': 'https://web.archive.org/web/20190709011647/https://www.youtube.com/watch?v=PsTFX2KcL5A', 'result_wayback_raw_url': 'https://web.archive.org/web/20190709011647id_/https://www.youtube.com/watch?v=PsTFX2KcL5A', 'result_snippet_rank': 3, 'result_snippet_title': 'как нельзя клеить соль в парилке - Продолжительность: 6:13', 'result_snippet_text': None, 'result_warc_relative_path': None, 'result_warc_byte_offset': None}
 {'result_id': '4ee4cccf-e2c5-5909-a390-c17521806114', 'result_url': 'https://www.youtube.com/watch?v=DzuRiyDUktw', 'result_domain': 'www.youtube.com', 'result_domain_public_suffix': 'com', 'result_wayback_url': 'https://web.archive.org/web/20190709011647/https://www.youtube.com/watch?v=DzuRiyDUktw', 'result_wayback_raw_url': 'https://web.archive.org/web/20190709011647id_/https://www.youtube.com/watch?v=DzuRiyDUktw', 'result_snippet_rank': 4, 'result_snippet_title': 'Гималайская соль. 5 ключевых ошибок при строительстве соляной комнаты - Продолжительность: 8:34', 'result_snippet_text': 'Не допускайте ошибок при выборе материалов и <em>монтажа</em> соляной комнаты, а также многое другое.', 'result_warc_relative_path': None, 'result_warc_byte_offset': None}
 {'result_id': '7e44dd39-70d8-5d24-aa45-a61c9467cbe5', 'result_url': 'https://www.youtube.com/watch?v=-6vBtxGvyKc', 'result_domain': 'www.youtube.com', 'result_domain_public_suffix': 'com', 'result_wayback_url': 'https://web.archive.org/web/20190709011647/https://www.youtube.com/watch?v=-6vBtxGvyKc', 'result_wayback_raw_url': 'https://web.archive.org/web/20190709011647id_/https://www.youtube.com/watch?v=-6vBtxGvyKc', 'result_snippet_rank': 5, 'result_snippet_title': 'Гималайская соль в моей бане. Инструкция. Учимся на моих ошибках. - Продолжительность: 13:47', 'result_snippet_text': 'Стена из <em>гималайской соли</em>. Клеим на минерит.', 'result_warc_relative_path': None, 'result_warc_byte_offset': None}
 {'result_id': '83eb5b17-058a-5852-9a7d-fb721fe2e875', 'result_url': 'https://www.youtube.com/watch?v=6uZJkvyZ7jM', 'result_domain': 'www.youtube.com', 'result_domain_public_suffix': 'com', 'result_wayback_url': 'https://web.archive.org/web/20190709011647/https://www.youtube.com/watch?v=6uZJkvyZ7jM', 'result_wayback_raw_url': 'https://web.archive.org/web/20190709011647id_/https://www.youtube.com/watch?v=6uZJkvyZ7jM', 'result_snippet_rank': 6, 'result_snippet_title': 'Панно из гималайской соли. Этапы строительства. - Продолжительность: 2:26', 'result_snippet_text': 'Панно из <em>гималайской соли</em> можно устанавливать в банях, саунах, а также в любых других помещениях. Гимала...', 'result_warc_relative_path': None, 'result_warc_byte_offset': None}
 {'result_id': '5c58662a-b978-5d7a-8949-5df06ea86dd9', 'result_url': 'https://www.youtube.com/watch?v=VZ7ueX0Z8XE', 'result_domain': 'www.youtube.com', 'result_domain_public_suffix': 'com', 'result_wayback_url': 'https://web.archive.org/web/20190709011647/https://www.youtube.com/watch?v=VZ7ueX0Z8XE', 'result_wayback_raw_url': 'https://web.archive.org/web/20190709011647id_/https://www.youtube.com/watch?v=VZ7ueX0Z8XE', 'result_snippet_rank': 7, 'result_snippet_title': 'ГИМАЛАЙСКАЯ СОЛЬ в БАНЕ/САУНЕ. БЕРЕЖЕМ СВОЕ ЗДОРОВЬЕ - Продолжительность: 16:01', 'result_snippet_text': 'ЦЕЛЕБНАЯ КОМНАТА из <em>ГИМАЛАЙСКОЙ соли</em>. БЕРЕЖЕМ СВОЕ ЗДОРОВЬЕ В этом видео, Я - Юля или YuLianka1981,\xa0...', 'result_warc_relative_path': None, 'result_warc_byte_offset': None}
 {'result_id': '97618c19-243c-5393-9836-713d5d84c50e', 'result_url': 'https://www.youtube.com/watch?v=PzFm8ls2pqY', 'result_domain': 'www.youtube.com', 'result_domain_public_suffix': 'com', 'result_wayback_url': 'https://web.archive.org/web/20190709011647/https://www.youtube.com/watch?v=PzFm8ls2pqY', 'result_wayback_raw_url': 'https://web.archive.org/web/20190709011647id_/https://www.youtube.com/watch?v=PzFm8ls2pqY', 'result_snippet_rank': 8, 'result_snippet_title': 'Бесклеевой монтаж соляной стены! - Продолжительность: 1:28', 'result_snippet_text': 'Эффективная площадь взаимодействия с воздухом больше в 2,45 раза по сравнению с монтажом на клей. Простота...', 'result_warc_relative_path': None, 'result_warc_byte_offset': None}
 {'result_id': 'c116a9ee-8384-5556-82cc-73229fac869a', 'result_url': 'https://www.youtube.com/watch?v=7M3njC4KnoI', 'result_domain': 'www.youtube.com', 'result_domain_public_suffix': 'com', 'result_wayback_url': 'https://web.archive.org/web/20190709011647/https://www.youtube.com/watch?v=7M3njC4KnoI', 'result_wayback_raw_url': 'https://web.archive.org/web/20190709011647id_/https://www.youtube.com/watch?v=7M3njC4KnoI', 'result_snippet_rank': 9, 'result_snippet_title': 'Гималайская соль. Польза и виды гималайской соли - Продолжительность: 12:53', 'result_snippet_text': '<em>Гималайская соль</em>. Польза и виды <em>гималайской соли</em> ___ Приблизительно 200-250 млн. лет назад встретились...', 'result_warc_relative_path': None, 'result_warc_byte_offset': None}
 {'result_id': 'a05d9026-9a2a-5a04-bb4b-b78b43c83d26', 'result_url': 'https://www.youtube.com/watch?v=LX5r2EQ2Ek8', 'result_domain': 'www.youtube.com', 'result_domain_public_suffix': 'com', 'result_wayback_url': 'https://web.archive.org/web/20190709011647/https://www.youtube.com/watch?v=LX5r2EQ2Ek8', 'result_wayback_raw_url': 'https://web.archive.org/web/20190709011647id_/https://www.youtube.com/watch?v=LX5r2EQ2Ek8', 'result_snippet_rank': 10, 'result_snippet_title': 'ГИМАЛАЙСКАЯ СОЛЬ вариант крепления - Продолжительность: 3:17', 'result_snippet_text': '<em>Гималайская соль</em>-продукт древних морских отложений времен Юрского периода (более 200 000 млн. лет назад)....', 'result_warc_relative_path': None, 'result_warc_byte_offset': None}
 {'result_id': 'ca7a53d0-425b-550d-aaba-c800d386dacc', 'result_url': 'https://www.youtube.com/watch?v=LWK_Jit3rR4', 'result_domain': 'www.youtube.com', 'result_domain_public_suffix': 'com', 'result_wayback_url': 'https://web.archive.org/web/20190709011647/https://www.youtube.com/watch?v=LWK_Jit3rR4', 'result_wayback_raw_url': 'https://web.archive.org/web/20190709011647id_/https://www.youtube.com/watch?v=LWK_Jit3rR4', 'result_snippet_rank': 11, 'result_snippet_title': 'Гималайская соль. На что её приклеить? И как с ней работать? - Продолжительность: 3:25', 'result_snippet_text': None, 'result_warc_relative_path': None, 'result_warc_byte_offset': None}
 {'result_id': 'fbda624c-3343-5149-b944-c026eda1f5c7', 'result_url': 'https://www.youtube.com/watch?v=TMdDLLX3qJw', 'result_domain': 'www.youtube.com', 'result_domain_public_suffix': 'com', 'result_wayback_url': 'https://web.archive.org/web/20190709011647/https://www.youtube.com/watch?v=TMdDLLX3qJw', 'result_wayback_raw_url': 'https://web.archive.org/web/20190709011647id_/https://www.youtube.com/watch?v=TMdDLLX3qJw', 'result_snippet_rank': 12, 'result_snippet_title': 'Гималайская соль с RGB подсветкой в парной!!! - Продолжительность: 4:22', 'result_snippet_text': 'В этом виде я вам покажу <em>Гималайскую соль</em> с RGB подсветкой. Панно сделано моими мастерами на производстве...', 'result_warc_relative_path': None, 'result_warc_byte_offset': None}
 {'result_id': '49c00070-4216-5489-863e-9a3395aa67ed', 'result_url': 'https://www.youtube.com/watch?v=d8hV8UH_k0g', 'result_domain': 'www.youtube.com', 'result_domain_public_suffix': 'com', 'result_wayback_url': 'https://web.archive.org/web/20190709011647/https://www.youtube.com/watch?v=d8hV8UH_k0g', 'result_wayback_raw_url': 'https://web.archive.org/web/20190709011647id_/https://www.youtube.com/watch?v=d8hV8UH_k0g', 'result_snippet_rank': 13, 'result_snippet_title': '02 - Эксклюзивная парная, отделка бани высшего уровня и многое другое... - Продолжительность: 13:27', 'result_snippet_text': 'Абсолютно новые технологии строительства. Эксклюзивные и не стандартные решения. В этом ролике мы установ...', 'result_warc_relative_path': None, 'result_warc_byte_offset': None}
 {'result_id': '4117da9f-3ae2-5f0e-ae37-cc72ba2025b0', 'result_url': 'https://www.youtube.com/watch?v=ZevePEc2kOY', 'result_domain': 'www.youtube.com', 'result_domain_public_suffix': 'com', 'result_wayback_url': 'https://web.archive.org/web/20190709011647/https://www.youtube.com/watch?v=ZevePEc2kOY', 'result_wayback_raw_url': 'https://web.archive.org/web/20190709011647id_/https://www.youtube.com/watch?v=ZevePEc2kOY', 'result_snippet_rank': 14, 'result_snippet_title': 'Пять ошибок любителей бани от победителя международного чемпионата по парению Василия Ляхова - Продолжительность: 4:54', 'result_snippet_text': 'Основатель Школы Банного Мастерства, победитель международного чемпионата по парению, потомственный трав...', 'result_warc_relative_path': None, 'result_warc_byte_offset': None}
 {'result_id': 'f1b77e51-e41b-533a-b654-1eaa269652bb', 'result_url': 'https://www.youtube.com/watch?v=hqqzgjx3mKg', 'result_domain': 'www.youtube.com', 'result_domain_public_suffix': 'com', 'result_wayback_url': 'https://web.archive.org/web/20190709011647/https://www.youtube.com/watch?v=hqqzgjx3mKg', 'result_wayback_raw_url': 'https://web.archive.org/web/20190709011647id_/https://www.youtube.com/watch?v=hqqzgjx3mKg', 'result_snippet_rank': 15, 'result_snippet_title': 'Этапы отделки парилки !!!С чего начинать отделку парилки и чем заканчивать!!! - Продолжительность: 35:05', 'result_snippet_text': 'Видео снимал для тех кто делает своими руками!!!Попытался снять некоторые моменты!!!Кому что то не понятно...', 'result_warc_relative_path': None, 'result_warc_byte_offset': None}
 {'result_id': '84c1da33-0503-529c-8cb0-3d0a7b286549', 'result_url': 'https://www.youtube.com/watch?v=oFpRsiNUu_Q', 'result_domain': 'www.youtube.com', 'result_domain_public_suffix': 'com', 'result_wayback_url': 'https://web.archive.org/web/20190709011647/https://www.youtube.com/watch?v=oFpRsiNUu_Q', 'result_wayback_raw_url': 'https://web.archive.org/web/20190709011647id_/https://www.youtube.com/watch?v=oFpRsiNUu_Q', 'result_snippet_rank': 16, 'result_snippet_title': 'Гималайская соль в баню - Продолжительность: 2:26', 'result_snippet_text': 'Ремонт квартир в Н.Новгороде под ключ\xa0...', 'result_warc_relative_path': None, 'result_warc_byte_offset': None}
 {'result_id': 'b1be1a4e-ad18-5440-8818-82dbb889e107', 'result_url': 'https://www.youtube.com/watch?v=xCvSp5ilGU4', 'result_domain': 'www.youtube.com', 'result_domain_public_suffix': 'com', 'result_wayback_url': 'https://web.archive.org/web/20190709011647/https://www.youtube.com/watch?v=xCvSp5ilGU4', 'result_wayback_raw_url': 'https://web.archive.org/web/20190709011647id_/https://www.youtube.com/watch?v=xCvSp5ilGU4', 'result_snippet_rank': 17, 'result_snippet_title': '05 - Обзор парной. Гималайская соль с подсветкой в парной бани или сауны. - Продолжительность: 4:31', 'result_snippet_text': 'Представляем Вашему вниманию обзор очередного нашего объекта, в котором есть на что посмотреть. Все работы...', 'result_warc_relative_path': None, 'result_warc_byte_offset': None}
 {'result_id': '76705163-b924-5aa9-adf4-5740ddf80430', 'result_url': 'https://www.youtube.com/watch?v=4DQ1lIdkRas', 'result_domain': 'www.youtube.com', 'result_domain_public_suffix': 'com', 'result_wayback_url': 'https://web.archive.org/web/20190709011647/https://www.youtube.com/watch?v=4DQ1lIdkRas', 'result_wayback_raw_url': 'https://web.archive.org/web/20190709011647id_/https://www.youtube.com/watch?v=4DQ1lIdkRas', 'result_snippet_rank': 18, 'result_snippet_title': 'Гималайская соль в сауне год спустя - Продолжительность: 1:19', 'result_snippet_text': 'Прошел один год эксплуатации сауны с <em>гималайской</em> солью, кедром.', 'result_warc_relative_path': None, 'result_warc_byte_offset': None}
 {'result_id': 'bcbabf36-0d0c-5536-9ecf-a22397523402', 'result_url': 'https://www.youtube.com/watch?v=hht7xZlL-5Q', 'result_domain': 'www.youtube.com', 'result_domain_public_suffix': 'com', 'result_wayback_url': 'https://web.archive.org/web/20190709011647/https://www.youtube.com/watch?v=hht7xZlL-5Q', 'result_wayback_raw_url': 'https://web.archive.org/web/20190709011647id_/https://www.youtube.com/watch?v=hht7xZlL-5Q', 'result_snippet_rank': 19, 'result_snippet_title': 'Гималайская соль, обзор, плитка, кирпич, лампы, пищевая, пано, клей для соли - Продолжительность: 5:42', 'result_snippet_text': 'Интернет-магазин https://цент.укр/ ☎067-2303644➦ Оптовые и розничные цены ✓Товары в наличии ✈Доставка по\xa0...', 'result_warc_relative_path': None, 'result_warc_byte_offset': None}
 {'result_id': '2c725045-f043-57bb-ab64-116ca964d377', 'result_url': 'https://www.youtube.com/watch?v=B3bEE8NpMQ4', 'result_domain': 'www.youtube.com', 'result_domain_public_suffix': 'com', 'result_wayback_url': 'https://web.archive.org/web/20190709011647/https://www.youtube.com/watch?v=B3bEE8NpMQ4', 'result_wayback_raw_url': 'https://web.archive.org/web/20190709011647id_/https://www.youtube.com/watch?v=B3bEE8NpMQ4', 'result_snippet_rank': 20, 'result_snippet_title': 'Печи Ферингер! Парная в кедре с гималайской солью. Печь в змеевике. - Продолжительность: 13:09', 'result_snippet_text': 'Данный ролик для тех, кто ищет, где приобрести печь Ферингер, а также заказать отделку парной под ключ. В...', 'result_warc_relative_path': None, 'result_warc_byte_offset': None}
 {'result_id': '2e383925-3c1d-53c2-b44e-8aa4738e1ce8', 'result_url': 'https://www.youtube.com/watch?v=RikfnE2LtJs', 'result_domain': 'www.youtube.com', 'result_domain_public_suffix': 'com', 'result_wayback_url': 'https://web.archive.org/web/20190709011647/https://www.youtube.com/watch?v=RikfnE2LtJs', 'result_wayback_raw_url': 'https://web.archive.org/web/20190709011647id_/https://www.youtube.com/watch?v=RikfnE2LtJs', 'result_snippet_rank': 21, 'result_snippet_title': 'Гималайская соль, ВАРИАНТЫ МОНТАЖА - Продолжительность: 2:12', 'result_snippet_text': '<em>Гималайская соль</em>-продукт древних морских отложений времен Юрского периода (более 200 000 млн. лет назад)....', 'result_warc_relative_path': None, 'result_warc_byte_offset': None}
 {'result_id': '41a35ec6-c56d-5c6e-8cb8-b59f525682d6', 'result_url': 'https://www.youtube.com/watch?v=fM1iy03Yel0', 'result_domain': 'www.youtube.com', 'result_domain_public_suffix': 'com', 'result_wayback_url': 'https://web.archive.org/web/20190709011647/https://www.youtube.com/watch?v=fM1iy03Yel0', 'result_wayback_raw_url': 'https://web.archive.org/web/20190709011647id_/https://www.youtube.com/watch?v=fM1iy03Yel0', 'result_snippet_rank': 22, 'result_snippet_title': 'Соль для бани и сауны: виды и применение. - Продолжительность: 18:04', 'result_snippet_text': 'Заинтересовались солью для бани? Какую выбрать и как использовать? обзор всех видов соли для бани и сауны:...', 'result_warc_relative_path': None, 'result_warc_byte_offset': None}
 {'result_id': '37397bb4-2f62-572b-890a-1cce78246bed', 'result_url': 'https://www.youtube.com/watch?v=ZwmRNyXnW14', 'result_domain': 'www.youtube.com', 'result_domain_public_suffix': 'com', 'result_wayback_url': 'https://web.archive.org/web/20190709011647/https://www.youtube.com/watch?v=ZwmRNyXnW14', 'result_wayback_raw_url': 'https://web.archive.org/web/20190709011647id_/https://www.youtube.com/watch?v=ZwmRNyXnW14', 'result_snippet_rank': 23, 'result_snippet_title': 'Гималайская соль. Отделка бань и саун от ""Бани и печи"" - Продолжительность: 1:23', 'result_snippet_text': '<em>Монтаж гималайской соли</em>. Небольшое пано из <em>гималайской соли</em> с электрическим камином в середине....', 'result_warc_relative_path': None, 'result_warc_byte_offset': None}]",youtube,youtube.com,com,2,media-sharing
