{"serp_id":"cf92e831-400c-59cd-a4f0-a68479182048","serp_url":"https:\/\/scholar.google.com\/scholar?hl=en&q=Tao+Zheng%2C+Jinmei+Yang%2C+Murray+Woodside%2C+Marin+Litoiu%2C+and+Gabriel+Iszlai.+Tracking+time-varying+parameters+in+software+systems+with+extended+kalman+filters.+In+CASCON+'05%3A+Proceedings+of+the+2005+conference+of+the+Centre+for+Advanced+Studies+on+Collaborative+research%2C+pages+334--345.+IBM+Press%2C+2005.+","serp_timestamp":1614841026000,"serp_wayback_url":"https:\/\/web.archive.org\/web\/20210304075706\/https:\/\/scholar.google.com\/scholar?hl=en&q=Tao+Zheng%2C+Jinmei+Yang%2C+Murray+Woodside%2C+Marin+Litoiu%2C+and+Gabriel+Iszlai.+Tracking+time-varying+parameters+in+software+systems+with+extended+kalman+filters.+In+CASCON+'05%3A+Proceedings+of+the+2005+conference+of+the+Centre+for+Advanced+Studies+on+Collaborative+research%2C+pages+334--345.+IBM+Press%2C+2005.+","serp_wayback_raw_url":"https:\/\/web.archive.org\/web\/20210304075706id_\/https:\/\/scholar.google.com\/scholar?hl=en&q=Tao+Zheng%2C+Jinmei+Yang%2C+Murray+Woodside%2C+Marin+Litoiu%2C+and+Gabriel+Iszlai.+Tracking+time-varying+parameters+in+software+systems+with+extended+kalman+filters.+In+CASCON+'05%3A+Proceedings+of+the+2005+conference+of+the+Centre+for+Advanced+Studies+on+Collaborative+research%2C+pages+334--345.+IBM+Press%2C+2005.+","serp_page":null,"serp_offset":null,"serp_query_text_url":"Tao Zheng, Jinmei Yang, Murray Woodside, Marin Litoiu, and Gabriel Iszlai. Tracking time-varying parameters in software systems with extended kalman filters. In CASCON '05: Proceedings of the 2005 conference of the Centre for Advanced Studies on Collaborative research, pages 334--345. IBM Press, 2005.","serp_query_text_url_language":"en","serp_query_text_html":"Tao Zheng, Jinmei Yang, Murray Woodside, Marin Litoiu, and Gabriel Iszlai. Tracking time-varying parameters in software systems with extended kalman filters. In CASCON '05: Proceedings of the 2005 conference of the Centre for Advanced Studies on Collaborat","serp_warc_relative_path":"focused\/archived-raw-serps\/google\/scholar.google.com%2Fscholar%3F\/0000000877\/0000000000.warc.gz","serp_warc_byte_offset":34256,"serp_results":[],"search_provider_name":"google","search_provider_alexa_domain":"google.com","search_provider_alexa_domain_public_suffix":"com","search_provider_alexa_rank":1,"search_provider_category":"search-engine"}
