serp_id,serp_url,serp_timestamp,serp_wayback_url,serp_wayback_raw_url,serp_page,serp_offset,serp_query_text_url,serp_query_text_url_language,serp_query_text_html,serp_warc_relative_path,serp_warc_byte_offset,serp_results,search_provider_name,search_provider_alexa_domain,search_provider_alexa_domain_public_suffix,search_provider_alexa_rank,search_provider_category
c8a32417-f993-53d5-a238-6363b69ff4f1,https://www.google.com/search?hl=zh-TW&tbo=p&tbm=bks&q=inauthor:%22Ben+Witherington+III%22&source=gbs_metadata_r&cad=6,2022-06-10 03:36:36,https://web.archive.org/web/20220610053636/https://www.google.com/search?hl=zh-TW&tbo=p&tbm=bks&q=inauthor:%22Ben+Witherington+III%22&source=gbs_metadata_r&cad=6,https://web.archive.org/web/20220610053636id_/https://www.google.com/search?hl=zh-TW&tbo=p&tbm=bks&q=inauthor:%22Ben+Witherington+III%22&source=gbs_metadata_r&cad=6,,,"inauthor:""Ben Witherington III""",xh,"inauthor:""Ben Witherington III""",focused/archived-raw-serps/google/google.com%2Fsearch%3F/0000000927/0000000000.warc.gz,567,"[{'result_id': '3e079aab-6876-549a-9478-2d99d0d074ed', 'result_url': 'https://books.google.com/books?id=pHNGR4Zu4VoC&printsec=frontcover&dq=inauthor:%22Ben+Witherington+III%22&hl=zh-TW&sa=X&ved=2ahUKEwiq-fOSlaL4AhVJlI4IHaviA0MQ6AF6BAgEEAE', 'result_domain': 'books.google.com', 'result_domain_public_suffix': 'com', 'result_wayback_url': 'https://web.archive.org/web/20220610053636/https://books.google.com/books?id=pHNGR4Zu4VoC&printsec=frontcover&dq=inauthor:%22Ben+Witherington+III%22&hl=zh-TW&sa=X&ved=2ahUKEwiq-fOSlaL4AhVJlI4IHaviA0MQ6AF6BAgEEAE', 'result_wayback_raw_url': 'https://web.archive.org/web/20220610053636id_/https://books.google.com/books?id=pHNGR4Zu4VoC&printsec=frontcover&dq=inauthor:%22Ben+Witherington+III%22&hl=zh-TW&sa=X&ved=2ahUKEwiq-fOSlaL4AhVJlI4IHaviA0MQ6AF6BAgEEAE', 'result_snippet_rank': 2, 'result_snippet_title': 'Is there a Doctor in the House?: An Insider’s Story and ...', 'result_snippet_text': None, 'result_warc_relative_path': None, 'result_warc_byte_offset': None}
 {'result_id': '5fd69abd-368a-5254-bbf7-508901827e45', 'result_url': 'https://books.google.com/books?id=11UQDAAAQBAJ&printsec=frontcover&dq=inauthor:%22Ben+Witherington+III%22&hl=zh-TW&sa=X&ved=2ahUKEwiq-fOSlaL4AhVJlI4IHaviA0MQ6AF6BAgJEAE', 'result_domain': 'books.google.com', 'result_domain_public_suffix': 'com', 'result_wayback_url': 'https://web.archive.org/web/20220610053636/https://books.google.com/books?id=11UQDAAAQBAJ&printsec=frontcover&dq=inauthor:%22Ben+Witherington+III%22&hl=zh-TW&sa=X&ved=2ahUKEwiq-fOSlaL4AhVJlI4IHaviA0MQ6AF6BAgJEAE', 'result_wayback_raw_url': 'https://web.archive.org/web/20220610053636id_/https://books.google.com/books?id=11UQDAAAQBAJ&printsec=frontcover&dq=inauthor:%22Ben+Witherington+III%22&hl=zh-TW&sa=X&ved=2ahUKEwiq-fOSlaL4AhVJlI4IHaviA0MQ6AF6BAgJEAE', 'result_snippet_rank': 3, 'result_snippet_title': 'New Testament Theology and Ethics', 'result_snippet_text': None, 'result_warc_relative_path': None, 'result_warc_byte_offset': None}
 {'result_id': '9a57c0be-ff41-5dff-9554-651927b1f0bc', 'result_url': 'https://books.google.com/books?id=HTyaDwAAQBAJ&printsec=frontcover&dq=inauthor:%22Ben+Witherington+III%22&hl=zh-TW&sa=X&ved=2ahUKEwiq-fOSlaL4AhVJlI4IHaviA0MQ6AF6BAgIEAE', 'result_domain': 'books.google.com', 'result_domain_public_suffix': 'com', 'result_wayback_url': 'https://web.archive.org/web/20220610053636/https://books.google.com/books?id=HTyaDwAAQBAJ&printsec=frontcover&dq=inauthor:%22Ben+Witherington+III%22&hl=zh-TW&sa=X&ved=2ahUKEwiq-fOSlaL4AhVJlI4IHaviA0MQ6AF6BAgIEAE', 'result_wayback_raw_url': 'https://web.archive.org/web/20220610053636id_/https://books.google.com/books?id=HTyaDwAAQBAJ&printsec=frontcover&dq=inauthor:%22Ben+Witherington+III%22&hl=zh-TW&sa=X&ved=2ahUKEwiq-fOSlaL4AhVJlI4IHaviA0MQ6AF6BAgIEAE', 'result_snippet_rank': 4, 'result_snippet_title': 'Biblical Theology: The Convergence of the Canon', 'result_snippet_text': None, 'result_warc_relative_path': None, 'result_warc_byte_offset': None}
 {'result_id': 'a63a9fac-ee78-5305-965a-cad2a910888d', 'result_url': 'https://books.google.com/books?id=lOqb6wy4BUgC&printsec=frontcover&dq=inauthor:%22Ben+Witherington+III%22&hl=zh-TW&sa=X&ved=2ahUKEwiq-fOSlaL4AhVJlI4IHaviA0MQ6AF6BAgHEAE', 'result_domain': 'books.google.com', 'result_domain_public_suffix': 'com', 'result_wayback_url': 'https://web.archive.org/web/20220610053636/https://books.google.com/books?id=lOqb6wy4BUgC&printsec=frontcover&dq=inauthor:%22Ben+Witherington+III%22&hl=zh-TW&sa=X&ved=2ahUKEwiq-fOSlaL4AhVJlI4IHaviA0MQ6AF6BAgHEAE', 'result_wayback_raw_url': 'https://web.archive.org/web/20220610053636id_/https://books.google.com/books?id=lOqb6wy4BUgC&printsec=frontcover&dq=inauthor:%22Ben+Witherington+III%22&hl=zh-TW&sa=X&ved=2ahUKEwiq-fOSlaL4AhVJlI4IHaviA0MQ6AF6BAgHEAE', 'result_snippet_rank': 5, 'result_snippet_title': 'What Have They Done with Jesus?: Beyond Strange Theories and ...', 'result_snippet_text': None, 'result_warc_relative_path': None, 'result_warc_byte_offset': None}
 {'result_id': '9d20273f-ab97-5570-974e-3efb61f8df44', 'result_url': 'https://books.google.com/books?id=s3D8DwAAQBAJ&printsec=frontcover&dq=inauthor:%22Ben+Witherington+III%22&hl=zh-TW&sa=X&ved=2ahUKEwiq-fOSlaL4AhVJlI4IHaviA0MQ6AF6BAgFEAE', 'result_domain': 'books.google.com', 'result_domain_public_suffix': 'com', 'result_wayback_url': 'https://web.archive.org/web/20220610053636/https://books.google.com/books?id=s3D8DwAAQBAJ&printsec=frontcover&dq=inauthor:%22Ben+Witherington+III%22&hl=zh-TW&sa=X&ved=2ahUKEwiq-fOSlaL4AhVJlI4IHaviA0MQ6AF6BAgFEAE', 'result_wayback_raw_url': 'https://web.archive.org/web/20220610053636id_/https://books.google.com/books?id=s3D8DwAAQBAJ&printsec=frontcover&dq=inauthor:%22Ben+Witherington+III%22&hl=zh-TW&sa=X&ved=2ahUKEwiq-fOSlaL4AhVJlI4IHaviA0MQ6AF6BAgFEAE', 'result_snippet_rank': 6, 'result_snippet_title': 'Encounters with Jesus', 'result_snippet_text': None, 'result_warc_relative_path': None, 'result_warc_byte_offset': None}
 {'result_id': '1f241ff4-23b0-5a31-a301-0f95a8511680', 'result_url': 'https://books.google.com/books?id=FP7EWinPncAC&printsec=frontcover&dq=inauthor:%22Ben+Witherington+III%22&hl=zh-TW&sa=X&ved=2ahUKEwiq-fOSlaL4AhVJlI4IHaviA0MQ6AF6BAgCEAE', 'result_domain': 'books.google.com', 'result_domain_public_suffix': 'com', 'result_wayback_url': 'https://web.archive.org/web/20220610053636/https://books.google.com/books?id=FP7EWinPncAC&printsec=frontcover&dq=inauthor:%22Ben+Witherington+III%22&hl=zh-TW&sa=X&ved=2ahUKEwiq-fOSlaL4AhVJlI4IHaviA0MQ6AF6BAgCEAE', 'result_wayback_raw_url': 'https://web.archive.org/web/20220610053636id_/https://books.google.com/books?id=FP7EWinPncAC&printsec=frontcover&dq=inauthor:%22Ben+Witherington+III%22&hl=zh-TW&sa=X&ved=2ahUKEwiq-fOSlaL4AhVJlI4IHaviA0MQ6AF6BAgCEAE', 'result_snippet_rank': 7, 'result_snippet_title': 'New Testament History: A Narrative Account', 'result_snippet_text': None, 'result_warc_relative_path': None, 'result_warc_byte_offset': None}
 {'result_id': 'ca8614a5-784e-525e-b8f4-3a2a3be4f5cf', 'result_url': 'https://books.google.com/books?id=WePxiFemSWkC&printsec=frontcover&dq=inauthor:%22Ben+Witherington+III%22&hl=zh-TW&sa=X&ved=2ahUKEwiq-fOSlaL4AhVJlI4IHaviA0MQ6AF6BAgBEAE', 'result_domain': 'books.google.com', 'result_domain_public_suffix': 'com', 'result_wayback_url': 'https://web.archive.org/web/20220610053636/https://books.google.com/books?id=WePxiFemSWkC&printsec=frontcover&dq=inauthor:%22Ben+Witherington+III%22&hl=zh-TW&sa=X&ved=2ahUKEwiq-fOSlaL4AhVJlI4IHaviA0MQ6AF6BAgBEAE', 'result_wayback_raw_url': 'https://web.archive.org/web/20220610053636id_/https://books.google.com/books?id=WePxiFemSWkC&printsec=frontcover&dq=inauthor:%22Ben+Witherington+III%22&hl=zh-TW&sa=X&ved=2ahUKEwiq-fOSlaL4AhVJlI4IHaviA0MQ6AF6BAgBEAE', 'result_snippet_rank': 8, 'result_snippet_title': 'Jesus and Money: A Guide for Times of Financial Crisis', 'result_snippet_text': None, 'result_warc_relative_path': None, 'result_warc_byte_offset': None}
 {'result_id': 'a5a9a70c-0dee-51bf-9e80-cd96f641ef18', 'result_url': 'https://books.google.com/books?id=7hVMAwAAQBAJ&printsec=frontcover&dq=inauthor:%22Ben+Witherington+III%22&hl=zh-TW&sa=X&ved=2ahUKEwiq-fOSlaL4AhVJlI4IHaviA0MQ6AF6BAgGEAE', 'result_domain': 'books.google.com', 'result_domain_public_suffix': 'com', 'result_wayback_url': 'https://web.archive.org/web/20220610053636/https://books.google.com/books?id=7hVMAwAAQBAJ&printsec=frontcover&dq=inauthor:%22Ben+Witherington+III%22&hl=zh-TW&sa=X&ved=2ahUKEwiq-fOSlaL4AhVJlI4IHaviA0MQ6AF6BAgGEAE', 'result_wayback_raw_url': 'https://web.archive.org/web/20220610053636id_/https://books.google.com/books?id=7hVMAwAAQBAJ&printsec=frontcover&dq=inauthor:%22Ben+Witherington+III%22&hl=zh-TW&sa=X&ved=2ahUKEwiq-fOSlaL4AhVJlI4IHaviA0MQ6AF6BAgGEAE', 'result_snippet_rank': 9, 'result_snippet_title': 'Roman Numerals: The Second Art West Adventure', 'result_snippet_text': None, 'result_warc_relative_path': None, 'result_warc_byte_offset': None}
 {'result_id': 'e196f15c-663c-5c85-b05e-a146feb5f1a0', 'result_url': 'https://books.google.com/books?id=grNb7fcytKgC&printsec=frontcover&dq=inauthor:%22Ben+Witherington+III%22&hl=zh-TW&sa=X&ved=2ahUKEwiq-fOSlaL4AhVJlI4IHaviA0MQ6AF6BAgAEAE', 'result_domain': 'books.google.com', 'result_domain_public_suffix': 'com', 'result_wayback_url': 'https://web.archive.org/web/20220610053636/https://books.google.com/books?id=grNb7fcytKgC&printsec=frontcover&dq=inauthor:%22Ben+Witherington+III%22&hl=zh-TW&sa=X&ved=2ahUKEwiq-fOSlaL4AhVJlI4IHaviA0MQ6AF6BAgAEAE', 'result_wayback_raw_url': 'https://web.archive.org/web/20220610053636id_/https://books.google.com/books?id=grNb7fcytKgC&printsec=frontcover&dq=inauthor:%22Ben+Witherington+III%22&hl=zh-TW&sa=X&ved=2ahUKEwiq-fOSlaL4AhVJlI4IHaviA0MQ6AF6BAgAEAE', 'result_snippet_rank': 10, 'result_snippet_title': 'A Shared Christian Life', 'result_snippet_text': None, 'result_warc_relative_path': None, 'result_warc_byte_offset': None}
 {'result_id': '952f467f-f374-560b-9c84-4df2c55f09ad', 'result_url': 'https://books.google.com/books?id=OZdw5UkhAUUC&printsec=frontcover&dq=inauthor:%22Ben+Witherington+III%22&hl=zh-TW&sa=X&ved=2ahUKEwiq-fOSlaL4AhVJlI4IHaviA0MQ6AF6BAgDEAE', 'result_domain': 'books.google.com', 'result_domain_public_suffix': 'com', 'result_wayback_url': 'https://web.archive.org/web/20220610053636/https://books.google.com/books?id=OZdw5UkhAUUC&printsec=frontcover&dq=inauthor:%22Ben+Witherington+III%22&hl=zh-TW&sa=X&ved=2ahUKEwiq-fOSlaL4AhVJlI4IHaviA0MQ6AF6BAgDEAE', 'result_wayback_raw_url': 'https://web.archive.org/web/20220610053636id_/https://books.google.com/books?id=OZdw5UkhAUUC&printsec=frontcover&dq=inauthor:%22Ben+Witherington+III%22&hl=zh-TW&sa=X&ved=2ahUKEwiq-fOSlaL4AhVJlI4IHaviA0MQ6AF6BAgDEAE', 'result_snippet_rank': 11, 'result_snippet_title': 'Work: A Kingdom Perspective on Labor', 'result_snippet_text': None, 'result_warc_relative_path': None, 'result_warc_byte_offset': None}]",google,google.com,com,1,search-engine
