{"result_id":"c73ad2d6-781f-506f-81a3-0900b5033c64","result_url":"http:\/\/www.google.lv\/url?q=http:\/\/www.ezerrozesgramatas.lv\/jaunumi\/params\/post\/2612149\/noslepumainas-upes-stasti--andris-marts&sa=U&ved=2ahUKEwiOvJ7q0aXwAhWXIDQIHaXZBS0QFjAOegQIMBAB&usg=AOvVaw1PZ7yCF0CVOf7KLoaC7HoK","result_domain":"www.google.lv","result_domain_public_suffix":"lv","result_wayback_url":"https:\/\/web.archive.org\/web\/20210430091952\/http:\/\/www.google.lv\/url?q=http:\/\/www.ezerrozesgramatas.lv\/jaunumi\/params\/post\/2612149\/noslepumainas-upes-stasti--andris-marts&sa=U&ved=2ahUKEwiOvJ7q0aXwAhWXIDQIHaXZBS0QFjAOegQIMBAB&usg=AOvVaw1PZ7yCF0CVOf7KLoaC7HoK","result_wayback_raw_url":"https:\/\/web.archive.org\/web\/20210430091952id_\/http:\/\/www.google.lv\/url?q=http:\/\/www.ezerrozesgramatas.lv\/jaunumi\/params\/post\/2612149\/noslepumainas-upes-stasti--andris-marts&sa=U&ved=2ahUKEwiOvJ7q0aXwAhWXIDQIHaXZBS0QFjAOegQIMBAB&usg=AOvVaw1PZ7yCF0CVOf7KLoaC7HoK","result_snippet_rank":12,"result_snippet_title":"NOSL\u0112PUMAIN\u0100S UPES ST\u0100STI \/ Andris Marts - Jaunumi ...","result_snippet_text":null,"result_warc_relative_path":null,"result_warc_byte_offset":null,"serp_id":"d60ef218-3a27-528f-b5ac-bf1554cc90a6","serp_url":"http:\/\/www.google.lv\/search?q=%22Andris+Marts%22+-wikipedia&num=50&filter=0","serp_timestamp":1619767192000,"serp_wayback_url":"https:\/\/web.archive.org\/web\/20210430091952\/http:\/\/www.google.lv\/search?q=%22Andris+Marts%22+-wikipedia&num=50&filter=0","serp_wayback_raw_url":"https:\/\/web.archive.org\/web\/20210430091952id_\/http:\/\/www.google.lv\/search?q=%22Andris+Marts%22+-wikipedia&num=50&filter=0","serp_page":null,"serp_offset":null,"serp_query_text_url":"\"Andris Marts\" -wikipedia","serp_query_text_url_language":null,"serp_query_text_html":"\"Andris Marts\" -wikipedia","serp_warc_relative_path":"focused\/archived-raw-serps\/google\/google.lv%2Fsearch%3F\/0000000000\/0000000000.warc.gz","serp_warc_byte_offset":323042,"search_provider_name":"google","search_provider_alexa_domain":"google.com","search_provider_alexa_domain_public_suffix":"com","search_provider_alexa_rank":1,"search_provider_category":"search-engine"}
