{"serp_id":"22e0246c-48c0-564d-a20a-f41ddd839e4d","serp_url":"https:\/\/stackoverflow.com\/questions\/tagged\/opencv+image+cv2","serp_timestamp":1661466458000,"serp_wayback_url":"https:\/\/web.archive.org\/web\/20220826002738\/https:\/\/stackoverflow.com\/questions\/tagged\/opencv+image+cv2","serp_wayback_raw_url":"https:\/\/web.archive.org\/web\/20220826002738id_\/https:\/\/stackoverflow.com\/questions\/tagged\/opencv+image+cv2","serp_page":null,"serp_offset":null,"serp_query_text_url":"opencv+image+cv2","serp_query_text_url_language":null,"serp_query_text_html":"[opencv] [image] [cv2]","serp_warc_relative_path":"focused\/archived-raw-serps\/stackoverflow\/stackoverflow.com%2Fquestions%2Ftagged\/0000000384\/0000000000.warc.gz","serp_warc_byte_offset":59190,"serp_results":[{"result_id":"d6cd7995-3b1b-52d3-9eff-f1f0b88e58a0","result_url":"https:\/\/stackoverflow.com\/questions\/68039594\/find-bayer-pattern-format-from-a-byte-file","result_domain":"stackoverflow.com","result_domain_public_suffix":"com","result_wayback_url":"https:\/\/web.archive.org\/web\/20220826002738\/https:\/\/stackoverflow.com\/questions\/68039594\/find-bayer-pattern-format-from-a-byte-file","result_wayback_raw_url":"https:\/\/web.archive.org\/web\/20220826002738id_\/https:\/\/stackoverflow.com\/questions\/68039594\/find-bayer-pattern-format-from-a-byte-file","result_snippet_rank":1,"result_snippet_title":"Find Bayer pattern format from a byte file","result_snippet_text":"I am struggling a bit with a problem, I was wondering if someone with more experience might notice what am I doing wrong:\nI have a binary file of 6,266,880 bytes that contain an image saved with an ...","result_warc_relative_path":null,"result_warc_byte_offset":null},{"result_id":"7caa8143-6dfd-5740-8cc6-a4441127a124","result_url":"https:\/\/stackoverflow.com\/questions\/68025459\/why-isnt-cv2-filter2d-working-as-expected","result_domain":"stackoverflow.com","result_domain_public_suffix":"com","result_wayback_url":"https:\/\/web.archive.org\/web\/20220826002738\/https:\/\/stackoverflow.com\/questions\/68025459\/why-isnt-cv2-filter2d-working-as-expected","result_wayback_raw_url":"https:\/\/web.archive.org\/web\/20220826002738id_\/https:\/\/stackoverflow.com\/questions\/68025459\/why-isnt-cv2-filter2d-working-as-expected","result_snippet_rank":2,"result_snippet_title":"Why isn't cv2.filter2D() working as expected?","result_snippet_text":"I'm trying to get a blur effect. I know I can do it by using cv2.blur() but when I use cv2.filter2D() it doesn't seem to work that good.\nimport cv2\nimport numpy as np\n\nimg = cv2.imread(\"img.jpeg&amp;...","result_warc_relative_path":null,"result_warc_byte_offset":null},{"result_id":"18db8243-1f0e-5bcf-872e-553c89700073","result_url":"https:\/\/stackoverflow.com\/questions\/67816247\/implementing-multiple-elif-for-multiple-choice-of-color-converter-cause-future","result_domain":"stackoverflow.com","result_domain_public_suffix":"com","result_wayback_url":"https:\/\/web.archive.org\/web\/20220826002738\/https:\/\/stackoverflow.com\/questions\/67816247\/implementing-multiple-elif-for-multiple-choice-of-color-converter-cause-future","result_wayback_raw_url":"https:\/\/web.archive.org\/web\/20220826002738id_\/https:\/\/stackoverflow.com\/questions\/67816247\/implementing-multiple-elif-for-multiple-choice-of-color-converter-cause-future","result_snippet_rank":3,"result_snippet_title":"Implementing Multiple Elif for Multiple Choice of Color Converter cause \"Future Warning\"","result_snippet_text":"Everyone. I have a question about implementing list of multiple choice for Color Converter selection in Python.\nHere the code\nList of Option\neffectoption = [\"Effect RGB\",\n                &amp;...","result_warc_relative_path":null,"result_warc_byte_offset":null},{"result_id":"e84bcb1d-3301-5b0b-bffe-a10e562a6fc3","result_url":"https:\/\/stackoverflow.com\/questions\/67628430\/in-python-using-the-cv2-library-how-can-i-tile-one-image-into-a-second-image","result_domain":"stackoverflow.com","result_domain_public_suffix":"com","result_wayback_url":"https:\/\/web.archive.org\/web\/20220826002738\/https:\/\/stackoverflow.com\/questions\/67628430\/in-python-using-the-cv2-library-how-can-i-tile-one-image-into-a-second-image","result_wayback_raw_url":"https:\/\/web.archive.org\/web\/20220826002738id_\/https:\/\/stackoverflow.com\/questions\/67628430\/in-python-using-the-cv2-library-how-can-i-tile-one-image-into-a-second-image","result_snippet_rank":4,"result_snippet_title":"In python, using the cv2 library; how can I tile one image into a second image?","result_snippet_text":"import cv2\ntile = cv2.imread('.\\tile_pattern.png')\nh,w = tile.shape[:2]\nphoto = cv2.imread('.\\picture.png')\n# ???? do something to copy tile onto photo @ x=10 y=10\n# COPYIMAGE( tile, 0:0, h:w, photo, ...","result_warc_relative_path":null,"result_warc_byte_offset":null},{"result_id":"8551211f-edc8-5e76-bea4-f09d760f2588","result_url":"https:\/\/stackoverflow.com\/questions\/67356750\/getting-errors-while-cropping-an-image-based-on-custom-mask-in-python","result_domain":"stackoverflow.com","result_domain_public_suffix":"com","result_wayback_url":"https:\/\/web.archive.org\/web\/20220826002738\/https:\/\/stackoverflow.com\/questions\/67356750\/getting-errors-while-cropping-an-image-based-on-custom-mask-in-python","result_wayback_raw_url":"https:\/\/web.archive.org\/web\/20220826002738id_\/https:\/\/stackoverflow.com\/questions\/67356750\/getting-errors-while-cropping-an-image-based-on-custom-mask-in-python","result_snippet_rank":5,"result_snippet_title":"Getting errors while cropping an image based on custom mask in python","result_snippet_text":"I have this two images:\nAnd I want to use the white shape of the first one to crop the image like this:\n\nWihtout the blue lines and the info.\nSo that's what I'm trying to do:\n def find_intersection(...","result_warc_relative_path":null,"result_warc_byte_offset":null},{"result_id":"de0dd668-a26b-5b72-9906-67cbeb768b2b","result_url":"https:\/\/stackoverflow.com\/questions\/67270514\/why-does-cv2-medianblur-returns-a-format-error","result_domain":"stackoverflow.com","result_domain_public_suffix":"com","result_wayback_url":"https:\/\/web.archive.org\/web\/20220826002738\/https:\/\/stackoverflow.com\/questions\/67270514\/why-does-cv2-medianblur-returns-a-format-error","result_wayback_raw_url":"https:\/\/web.archive.org\/web\/20220826002738id_\/https:\/\/stackoverflow.com\/questions\/67270514\/why-does-cv2-medianblur-returns-a-format-error","result_snippet_rank":6,"result_snippet_title":"Why does cv2.medianBlur returns a format error?","result_snippet_text":"I am trying to use the cv2.medianBlur on an image but it does not work unless I import the image using the cv2.read. As I don't want to change the rest of my code can anyone explain to me why this ...","result_warc_relative_path":null,"result_warc_byte_offset":null},{"result_id":"5704b1c5-7490-5491-9649-b504977977ad","result_url":"https:\/\/stackoverflow.com\/questions\/66497434\/cv2-resize-error-215assertion-failed-dsize-empty-for-16-bit-images-but","result_domain":"stackoverflow.com","result_domain_public_suffix":"com","result_wayback_url":"https:\/\/web.archive.org\/web\/20220826002738\/https:\/\/stackoverflow.com\/questions\/66497434\/cv2-resize-error-215assertion-failed-dsize-empty-for-16-bit-images-but","result_wayback_raw_url":"https:\/\/web.archive.org\/web\/20220826002738id_\/https:\/\/stackoverflow.com\/questions\/66497434\/cv2-resize-error-215assertion-failed-dsize-empty-for-16-bit-images-but","result_snippet_rank":7,"result_snippet_title":"cv2.resize Error \"(-215:Assertion failed) !dsize.empty()\" for 16-bit images but not for 8-bit","result_snippet_text":"I am trying to resize an image with the cv2.resize function and I get the following error:\n\nerror: OpenCV(4.5.1) C:\\Users\\appveyor\\AppData\\Local\\Temp\\1\\pip-req-build-oduouqig\\opencv\\modules\\imgproc\\...","result_warc_relative_path":null,"result_warc_byte_offset":null},{"result_id":"8a851bc3-e6a0-5dca-90a4-bbd8ab8a2f62","result_url":"https:\/\/stackoverflow.com\/questions\/65218420\/keep-only-red-colors-in-an-image-python","result_domain":"stackoverflow.com","result_domain_public_suffix":"com","result_wayback_url":"https:\/\/web.archive.org\/web\/20220826002738\/https:\/\/stackoverflow.com\/questions\/65218420\/keep-only-red-colors-in-an-image-python","result_wayback_raw_url":"https:\/\/web.archive.org\/web\/20220826002738id_\/https:\/\/stackoverflow.com\/questions\/65218420\/keep-only-red-colors-in-an-image-python","result_snippet_rank":8,"result_snippet_title":"Keep only red colors in an image python","result_snippet_text":"I am trying to refine an image through removing the noise. The image has a red color as dominant so I am trying to remove any other color except the red .. Here's an example of the image\n\nI have found ...","result_warc_relative_path":null,"result_warc_byte_offset":null},{"result_id":"44d3e806-d06c-5b94-bf1f-c24c28cf0c98","result_url":"https:\/\/stackoverflow.com\/questions\/64761891\/how-to-remove-light-shadow-border-when-blending-2-images-using-cv2","result_domain":"stackoverflow.com","result_domain_public_suffix":"com","result_wayback_url":"https:\/\/web.archive.org\/web\/20220826002738\/https:\/\/stackoverflow.com\/questions\/64761891\/how-to-remove-light-shadow-border-when-blending-2-images-using-cv2","result_wayback_raw_url":"https:\/\/web.archive.org\/web\/20220826002738id_\/https:\/\/stackoverflow.com\/questions\/64761891\/how-to-remove-light-shadow-border-when-blending-2-images-using-cv2","result_snippet_rank":9,"result_snippet_title":"How to remove light shadow border when blending 2 images using cv2?","result_snippet_text":"I have tried to blending 2 images together using cv2 but get a strange border with different color.\nThe result image has strange yellow border between light and dark area. How can I remove it?\nThis is ...","result_warc_relative_path":null,"result_warc_byte_offset":null},{"result_id":"2cee0abf-2a5e-58b3-9205-51bb985a57e7","result_url":"https:\/\/stackoverflow.com\/questions\/64713158\/how-merge-rectangles-with-nmboxes","result_domain":"stackoverflow.com","result_domain_public_suffix":"com","result_wayback_url":"https:\/\/web.archive.org\/web\/20220826002738\/https:\/\/stackoverflow.com\/questions\/64713158\/how-merge-rectangles-with-nmboxes","result_wayback_raw_url":"https:\/\/web.archive.org\/web\/20220826002738id_\/https:\/\/stackoverflow.com\/questions\/64713158\/how-merge-rectangles-with-nmboxes","result_snippet_rank":10,"result_snippet_title":"How merge rectangles with NMBoxes?","result_snippet_text":"I am doing a simple dectection with images. The original size of the image is 1280x1024 but I go through the 64x64 image.\nIf the subimage is predicted as 1 then I draw a rectangle, but when the ...","result_warc_relative_path":null,"result_warc_byte_offset":null},{"result_id":"e8e3c09a-e5d4-5f63-8cb8-113e984c6898","result_url":"https:\/\/stackoverflow.com\/questions\/62992240\/typeerror-expected-ptrcvumat-for-argument-array","result_domain":"stackoverflow.com","result_domain_public_suffix":"com","result_wayback_url":"https:\/\/web.archive.org\/web\/20220826002738\/https:\/\/stackoverflow.com\/questions\/62992240\/typeerror-expected-ptrcvumat-for-argument-array","result_wayback_raw_url":"https:\/\/web.archive.org\/web\/20220826002738id_\/https:\/\/stackoverflow.com\/questions\/62992240\/typeerror-expected-ptrcvumat-for-argument-array","result_snippet_rank":11,"result_snippet_title":"TypeError: Expected Ptr&lt;cv::UMat&gt; for argument 'array'","result_snippet_text":"The following is the code I have written: I am getting the following error while executing this code-\n**\nx,y,w,h = cv2.boundingRect(contours) TypeError: Expected Ptr&lt;cv::UMat&gt;\nfor argument '...","result_warc_relative_path":null,"result_warc_byte_offset":null},{"result_id":"4ef40757-a849-5a78-90e8-829b7c2c072d","result_url":"https:\/\/stackoverflow.com\/questions\/62810418\/get-coordinates-of-white-pixels-in-order-forming-a-curve","result_domain":"stackoverflow.com","result_domain_public_suffix":"com","result_wayback_url":"https:\/\/web.archive.org\/web\/20220826002738\/https:\/\/stackoverflow.com\/questions\/62810418\/get-coordinates-of-white-pixels-in-order-forming-a-curve","result_wayback_raw_url":"https:\/\/web.archive.org\/web\/20220826002738id_\/https:\/\/stackoverflow.com\/questions\/62810418\/get-coordinates-of-white-pixels-in-order-forming-a-curve","result_snippet_rank":12,"result_snippet_title":"Get coordinates of white pixels in order forming a curve","result_snippet_text":"I have made an algorithm that gets the coordinates of the n degree curve in an image given its parameters(constant coefficients).\nEquation of curve is as follows:\ny = a0.x^0 + a1.x^1 + a2.x^2 + ..... +...","result_warc_relative_path":null,"result_warc_byte_offset":null},{"result_id":"d2fe2ab6-f62a-51af-bffd-a00819e97744","result_url":"https:\/\/stackoverflow.com\/questions\/62154934\/position-of-objects-in-image-by-output-bitmap-from-cnn-model","result_domain":"stackoverflow.com","result_domain_public_suffix":"com","result_wayback_url":"https:\/\/web.archive.org\/web\/20220826002738\/https:\/\/stackoverflow.com\/questions\/62154934\/position-of-objects-in-image-by-output-bitmap-from-cnn-model","result_wayback_raw_url":"https:\/\/web.archive.org\/web\/20220826002738id_\/https:\/\/stackoverflow.com\/questions\/62154934\/position-of-objects-in-image-by-output-bitmap-from-cnn-model","result_snippet_rank":13,"result_snippet_title":"Position of objects in image by output bitmap from CNN model","result_snippet_text":"Do you guys have any tips in how i would be able to get the coordinates\/segment every object seen in this image by color.\n\nI Would like the result to look something like this:  Result, which is an ...","result_warc_relative_path":null,"result_warc_byte_offset":null},{"result_id":"7ae610fe-dafe-5520-a225-70cc67a6099e","result_url":"https:\/\/stackoverflow.com\/questions\/61876674\/rotate-an-image-without-averaging-pixel-values","result_domain":"stackoverflow.com","result_domain_public_suffix":"com","result_wayback_url":"https:\/\/web.archive.org\/web\/20220826002738\/https:\/\/stackoverflow.com\/questions\/61876674\/rotate-an-image-without-averaging-pixel-values","result_wayback_raw_url":"https:\/\/web.archive.org\/web\/20220826002738id_\/https:\/\/stackoverflow.com\/questions\/61876674\/rotate-an-image-without-averaging-pixel-values","result_snippet_rank":14,"result_snippet_title":"Rotate an image without averaging pixel values","result_snippet_text":"Is it possible to rotate an image and keep the true values? When I rotate a black and white image I get back grey values. Can I rotate without averaging the pixel values? I can almost do it manually ...","result_warc_relative_path":null,"result_warc_byte_offset":null},{"result_id":"f8a0b5b6-32cf-581c-a2d2-fce7ffb6f0fe","result_url":"https:\/\/stackoverflow.com\/questions\/61875475\/is-there-any-way-to-extract-distorted-rectangle-square-from-the-image","result_domain":"stackoverflow.com","result_domain_public_suffix":"com","result_wayback_url":"https:\/\/web.archive.org\/web\/20220826002738\/https:\/\/stackoverflow.com\/questions\/61875475\/is-there-any-way-to-extract-distorted-rectangle-square-from-the-image","result_wayback_raw_url":"https:\/\/web.archive.org\/web\/20220826002738id_\/https:\/\/stackoverflow.com\/questions\/61875475\/is-there-any-way-to-extract-distorted-rectangle-square-from-the-image","result_snippet_rank":15,"result_snippet_title":"Is there any way to extract distorted rectangle\/square from the image?","result_snippet_text":"This is the image and I want to fill the edges of this rectangle or square so that I could crop it using contours. What I have done so far is that i used canny edge detector to find edges and then ...","result_warc_relative_path":null,"result_warc_byte_offset":null},{"result_id":"7509365b-5dd5-5758-afab-0506fdfd84c6","result_url":"https:\/\/stackoverflow.com\/questions\/60896413\/how-to-set-a-threshold-for-average-color-of-an-image","result_domain":"stackoverflow.com","result_domain_public_suffix":"com","result_wayback_url":"https:\/\/web.archive.org\/web\/20220826002738\/https:\/\/stackoverflow.com\/questions\/60896413\/how-to-set-a-threshold-for-average-color-of-an-image","result_wayback_raw_url":"https:\/\/web.archive.org\/web\/20220826002738id_\/https:\/\/stackoverflow.com\/questions\/60896413\/how-to-set-a-threshold-for-average-color-of-an-image","result_snippet_rank":16,"result_snippet_title":"How to set a threshold for average color of an image?","result_snippet_text":"I am using numpy and cv2 to find the average color of an image, and am able to successfully get a result with the code. How can I set a threshold for this result to execute some code if the average ...","result_warc_relative_path":null,"result_warc_byte_offset":null},{"result_id":"35b43557-8888-56ff-9b1b-49f970fecfa7","result_url":"https:\/\/stackoverflow.com\/questions\/59402986\/if-image-has-shape-28-28-3-1-how-do-i-convert-it-to-shape-28-28-3","result_domain":"stackoverflow.com","result_domain_public_suffix":"com","result_wayback_url":"https:\/\/web.archive.org\/web\/20220826002738\/https:\/\/stackoverflow.com\/questions\/59402986\/if-image-has-shape-28-28-3-1-how-do-i-convert-it-to-shape-28-28-3","result_wayback_raw_url":"https:\/\/web.archive.org\/web\/20220826002738id_\/https:\/\/stackoverflow.com\/questions\/59402986\/if-image-has-shape-28-28-3-1-how-do-i-convert-it-to-shape-28-28-3","result_snippet_rank":17,"result_snippet_title":"If image has shape( 28,28,3,1) how do I convert it to shape (28,28,3)?","result_snippet_text":"If image has shape (28, 28, 3, 1) how do I convert it to shape (28, 28, 3)?\n\nI guess in my case the last 1 of the shape is the batch size.","result_warc_relative_path":null,"result_warc_byte_offset":null},{"result_id":"3d31eccb-4a1a-51c6-adeb-4cfb75c8da7e","result_url":"https:\/\/stackoverflow.com\/questions\/59302243\/reading-and-displaying-multiple-images-in-opencv","result_domain":"stackoverflow.com","result_domain_public_suffix":"com","result_wayback_url":"https:\/\/web.archive.org\/web\/20220826002738\/https:\/\/stackoverflow.com\/questions\/59302243\/reading-and-displaying-multiple-images-in-opencv","result_wayback_raw_url":"https:\/\/web.archive.org\/web\/20220826002738id_\/https:\/\/stackoverflow.com\/questions\/59302243\/reading-and-displaying-multiple-images-in-opencv","result_snippet_rank":18,"result_snippet_title":"Reading and displaying multiple images in opencv","result_snippet_text":"I'm using this code with python and opencv for displaying about 100 images. But imshow function throws an error.\n\nHere is my code:\n\n    nn=[]\n    for j in range (187) :\n        nn.append(j+63)\n    ...","result_warc_relative_path":null,"result_warc_byte_offset":null},{"result_id":"886b0730-2fba-5814-aa81-076c514b7285","result_url":"https:\/\/stackoverflow.com\/questions\/58869032\/where-can-i-read-about-how-cv2-findcontour-work","result_domain":"stackoverflow.com","result_domain_public_suffix":"com","result_wayback_url":"https:\/\/web.archive.org\/web\/20220826002738\/https:\/\/stackoverflow.com\/questions\/58869032\/where-can-i-read-about-how-cv2-findcontour-work","result_wayback_raw_url":"https:\/\/web.archive.org\/web\/20220826002738id_\/https:\/\/stackoverflow.com\/questions\/58869032\/where-can-i-read-about-how-cv2-findcontour-work","result_snippet_rank":19,"result_snippet_title":"where can i read about how cv2.findcontour work?","result_snippet_text":"so i just learn image processing , and i read some website about detection contour then i found almost all website that ive been read use cv2.findcontour , ive read documentation of cv2.findcontour ...","result_warc_relative_path":null,"result_warc_byte_offset":null},{"result_id":"22480c5e-371b-5f9d-be27-3b78f81a9678","result_url":"https:\/\/stackoverflow.com\/questions\/58527430\/extract-digit-from-noisy-image","result_domain":"stackoverflow.com","result_domain_public_suffix":"com","result_wayback_url":"https:\/\/web.archive.org\/web\/20220826002738\/https:\/\/stackoverflow.com\/questions\/58527430\/extract-digit-from-noisy-image","result_wayback_raw_url":"https:\/\/web.archive.org\/web\/20220826002738id_\/https:\/\/stackoverflow.com\/questions\/58527430\/extract-digit-from-noisy-image","result_snippet_rank":20,"result_snippet_title":"Extract digit from noisy image","result_snippet_text":"Extract digit from noisy image\n\nI want to extract text from an image taken by mobile phone camera.\nFirst I try to convert the image to greyscale  by using this code:\n\nimgg = Image.open('originale.jpg')...","result_warc_relative_path":null,"result_warc_byte_offset":null},{"result_id":"eca6008f-77eb-5625-88c3-25b55efb27a6","result_url":"https:\/\/stackoverflow.com\/questions\/58351432\/is-there-any-easy-way-to-count-pixels-in-an-image-in-curved-sectors","result_domain":"stackoverflow.com","result_domain_public_suffix":"com","result_wayback_url":"https:\/\/web.archive.org\/web\/20220826002738\/https:\/\/stackoverflow.com\/questions\/58351432\/is-there-any-easy-way-to-count-pixels-in-an-image-in-curved-sectors","result_wayback_raw_url":"https:\/\/web.archive.org\/web\/20220826002738id_\/https:\/\/stackoverflow.com\/questions\/58351432\/is-there-any-easy-way-to-count-pixels-in-an-image-in-curved-sectors","result_snippet_rank":21,"result_snippet_title":"Is there any easy way to count pixels in an image in curved sectors","result_snippet_text":"i am trying to create an encoding for my image data. so i want to count the number of pixels in small small portions of my image. \n\nfor now i have counted them in small square shape sections. \n\nBut ...","result_warc_relative_path":null,"result_warc_byte_offset":null},{"result_id":"278b5ef5-8bdb-5880-96e7-21797eb7a82a","result_url":"https:\/\/stackoverflow.com\/questions\/57689924\/tkinter-canvas-wont-show-image-on-c-create-image","result_domain":"stackoverflow.com","result_domain_public_suffix":"com","result_wayback_url":"https:\/\/web.archive.org\/web\/20220826002738\/https:\/\/stackoverflow.com\/questions\/57689924\/tkinter-canvas-wont-show-image-on-c-create-image","result_wayback_raw_url":"https:\/\/web.archive.org\/web\/20220826002738id_\/https:\/\/stackoverflow.com\/questions\/57689924\/tkinter-canvas-wont-show-image-on-c-create-image","result_snippet_rank":22,"result_snippet_title":"Tkinter Canvas wont show image on c.create_image","result_snippet_text":"I have a canvas and I need to show an image that was taken with cv2\u2019s VideoCapture, so I converted it with:\nimg = Image.fromarray(img)\nimg = ImageTk.PhotoImage(master=window, image=img.resize((800, ...","result_warc_relative_path":null,"result_warc_byte_offset":null},{"result_id":"6449ec61-7165-5203-a1ca-9f958517101f","result_url":"https:\/\/stackoverflow.com\/questions\/56312878\/how-to-concatenate-two-images-side-by-side","result_domain":"stackoverflow.com","result_domain_public_suffix":"com","result_wayback_url":"https:\/\/web.archive.org\/web\/20220826002738\/https:\/\/stackoverflow.com\/questions\/56312878\/how-to-concatenate-two-images-side-by-side","result_wayback_raw_url":"https:\/\/web.archive.org\/web\/20220826002738id_\/https:\/\/stackoverflow.com\/questions\/56312878\/how-to-concatenate-two-images-side-by-side","result_snippet_rank":23,"result_snippet_title":"How to concatenate two images side by side?","result_snippet_text":"I have a folder which contains images named as 1_A.jpg,2_A.jpg....and so on. There exist another folder B which contains images named as 1_B.jpg, 2_B.jpg and so on. I want to concatenate the images ...","result_warc_relative_path":null,"result_warc_byte_offset":null},{"result_id":"56c554d7-8693-5788-b44a-a9410e3bd72c","result_url":"https:\/\/stackoverflow.com\/questions\/56015633\/how-to-preprocess-aerial-image-for-coastline-detection","result_domain":"stackoverflow.com","result_domain_public_suffix":"com","result_wayback_url":"https:\/\/web.archive.org\/web\/20220826002738\/https:\/\/stackoverflow.com\/questions\/56015633\/how-to-preprocess-aerial-image-for-coastline-detection","result_wayback_raw_url":"https:\/\/web.archive.org\/web\/20220826002738id_\/https:\/\/stackoverflow.com\/questions\/56015633\/how-to-preprocess-aerial-image-for-coastline-detection","result_snippet_rank":24,"result_snippet_title":"How to preprocess aerial image for coastline detection","result_snippet_text":"I am working on a program that gets exact pixel values of the shoreline in a given image. What is the best way to preprocess these types of images in order to make my life easier?\n\nA sample image:","result_warc_relative_path":null,"result_warc_byte_offset":null},{"result_id":"01971a97-ab8a-5fb5-a441-9737aa7bf970","result_url":"https:\/\/stackoverflow.com\/questions\/55769807\/why-cant-i-create-a-3-channel-histogram-with-this-image","result_domain":"stackoverflow.com","result_domain_public_suffix":"com","result_wayback_url":"https:\/\/web.archive.org\/web\/20220826002738\/https:\/\/stackoverflow.com\/questions\/55769807\/why-cant-i-create-a-3-channel-histogram-with-this-image","result_wayback_raw_url":"https:\/\/web.archive.org\/web\/20220826002738id_\/https:\/\/stackoverflow.com\/questions\/55769807\/why-cant-i-create-a-3-channel-histogram-with-this-image","result_snippet_rank":25,"result_snippet_title":"Why can't I create a 3 channel histogram with this image?","result_snippet_text":"I'm trying to basically take an image and create a 3 channel histogram of an image. I've been told I can use this syntax:\n(where bin_size is 8 or 16, and imgp is just the path to the image.)\nIs there ...","result_warc_relative_path":null,"result_warc_byte_offset":null},{"result_id":"b479b69b-878f-597c-a6b9-ee07f61b78c6","result_url":"https:\/\/stackoverflow.com\/questions\/55495807\/how-to-crop-object-in-the-image-on-the-particular-background-color-in-opencv-pyt","result_domain":"stackoverflow.com","result_domain_public_suffix":"com","result_wayback_url":"https:\/\/web.archive.org\/web\/20220826002738\/https:\/\/stackoverflow.com\/questions\/55495807\/how-to-crop-object-in-the-image-on-the-particular-background-color-in-opencv-pyt","result_wayback_raw_url":"https:\/\/web.archive.org\/web\/20220826002738id_\/https:\/\/stackoverflow.com\/questions\/55495807\/how-to-crop-object-in-the-image-on-the-particular-background-color-in-opencv-pyt","result_snippet_rank":26,"result_snippet_title":"How to crop object in the image on the particular background color in opencv-python?","result_snippet_text":"I want to crop to an object in my image, so that only the colored object remains. How can I do it in python in the most efficient way?\n\nBasically the image has black (0,0,0) background but different ...","result_warc_relative_path":null,"result_warc_byte_offset":null},{"result_id":"26d9961f-1e2a-500b-8074-eb47f84eedf7","result_url":"https:\/\/stackoverflow.com\/questions\/54610329\/why-cv2-destroyallwindows-dont-work-in-if-structure","result_domain":"stackoverflow.com","result_domain_public_suffix":"com","result_wayback_url":"https:\/\/web.archive.org\/web\/20220826002738\/https:\/\/stackoverflow.com\/questions\/54610329\/why-cv2-destroyallwindows-dont-work-in-if-structure","result_wayback_raw_url":"https:\/\/web.archive.org\/web\/20220826002738id_\/https:\/\/stackoverflow.com\/questions\/54610329\/why-cv2-destroyallwindows-dont-work-in-if-structure","result_snippet_rank":27,"result_snippet_title":"why cv2.destroyAllWindows don't work in if structure?","result_snippet_text":"I want to destroy all windows in python by cv2.destroyAllWindows().this is working by flowint 5 cv2.wiatKey() but when I use cv2.destroyAllWindows() in if structure it wont work...\n\nthis is the first ...","result_warc_relative_path":null,"result_warc_byte_offset":null},{"result_id":"7f2f14b5-3a3c-567a-a971-81e4c0b85b40","result_url":"https:\/\/stackoverflow.com\/questions\/54065840\/python-cv2-color-space-conversion-fidelity-loss","result_domain":"stackoverflow.com","result_domain_public_suffix":"com","result_wayback_url":"https:\/\/web.archive.org\/web\/20220826002738\/https:\/\/stackoverflow.com\/questions\/54065840\/python-cv2-color-space-conversion-fidelity-loss","result_wayback_raw_url":"https:\/\/web.archive.org\/web\/20220826002738id_\/https:\/\/stackoverflow.com\/questions\/54065840\/python-cv2-color-space-conversion-fidelity-loss","result_snippet_rank":28,"result_snippet_title":"Python CV2 Color Space Conversion Fidelity Loss","result_snippet_text":"Observe the following image:\nObserve the following Python code:\n\nimport cv2\nimg = cv2.imread(\"rainbow.png\", cv2.IMREAD_COLOR)\nimg = cv2.cvtColor(img, cv2.COLOR_BGR2HSV) # convert it to hsv\nimg = cv2....","result_warc_relative_path":null,"result_warc_byte_offset":null},{"result_id":"0ce3a496-63bb-5940-a40d-83ca733f7dfa","result_url":"https:\/\/stackoverflow.com\/questions\/53377311\/assign-different-colors-to-different-biological-cells-in-an-image","result_domain":"stackoverflow.com","result_domain_public_suffix":"com","result_wayback_url":"https:\/\/web.archive.org\/web\/20220826002738\/https:\/\/stackoverflow.com\/questions\/53377311\/assign-different-colors-to-different-biological-cells-in-an-image","result_wayback_raw_url":"https:\/\/web.archive.org\/web\/20220826002738id_\/https:\/\/stackoverflow.com\/questions\/53377311\/assign-different-colors-to-different-biological-cells-in-an-image","result_snippet_rank":29,"result_snippet_title":"Assign different colors to different biological cells in an image","result_snippet_text":"I need to assign different colors to different biological cells in an image. \n\nTo be more specific, the image is only black and white (so a matrix of 0 and 255 only). The content of the cells (...","result_warc_relative_path":null,"result_warc_byte_offset":null},{"result_id":"27eeb013-1380-57e5-b4c3-eefb7cf98f7b","result_url":"https:\/\/stackoverflow.com\/questions\/53106780\/specify-background-color-when-rotating-an-image-using-opencv-in-python","result_domain":"stackoverflow.com","result_domain_public_suffix":"com","result_wayback_url":"https:\/\/web.archive.org\/web\/20220826002738\/https:\/\/stackoverflow.com\/questions\/53106780\/specify-background-color-when-rotating-an-image-using-opencv-in-python","result_wayback_raw_url":"https:\/\/web.archive.org\/web\/20220826002738id_\/https:\/\/stackoverflow.com\/questions\/53106780\/specify-background-color-when-rotating-an-image-using-opencv-in-python","result_snippet_rank":30,"result_snippet_title":"Specify background color when rotating an image using OpenCV in Python","result_snippet_text":"I'm trying to rotate an image in Python using OpenCV with the following code:\n\nimport cv2\n\nimg = cv2.imread(\"image.png\")\n\nrows = img.shape[0]\ncols = img.shape[1]\n\nimg_center = (cols \/ 2, rows \/ 2)\nM = ...","result_warc_relative_path":null,"result_warc_byte_offset":null},{"result_id":"fdc56838-0d52-57f4-a991-5b57e3b5546e","result_url":"https:\/\/stackoverflow.com\/questions\/51133545\/what-does-different-values-in-cv2-waitkey-means","result_domain":"stackoverflow.com","result_domain_public_suffix":"com","result_wayback_url":"https:\/\/web.archive.org\/web\/20220826002738\/https:\/\/stackoverflow.com\/questions\/51133545\/what-does-different-values-in-cv2-waitkey-means","result_wayback_raw_url":"https:\/\/web.archive.org\/web\/20220826002738id_\/https:\/\/stackoverflow.com\/questions\/51133545\/what-does-different-values-in-cv2-waitkey-means","result_snippet_rank":31,"result_snippet_title":"what does different values in cv2.waitkey() means? [closed]","result_snippet_text":"I am learning cv2, I came across this code snippet. What exactly it is doing?      \n\nif cv2.waitKey(1) &amp; 0xFF == ord('q'):\n        break","result_warc_relative_path":null,"result_warc_byte_offset":null}],"search_provider_name":"stackoverflow","search_provider_alexa_domain":"stackoverflow.com","search_provider_alexa_domain_public_suffix":"com","search_provider_alexa_rank":43,"search_provider_category":"question-and-answer"}
