serp_id,serp_url,serp_timestamp,serp_wayback_url,serp_wayback_raw_url,serp_page,serp_offset,serp_query_text_url,serp_query_text_url_language,serp_query_text_html,serp_warc_relative_path,serp_warc_byte_offset,serp_results,search_provider_name,search_provider_alexa_domain,search_provider_alexa_domain_public_suffix,search_provider_alexa_rank,search_provider_category
221cbfac-4b93-5487-9340-33e014fe8fd8,https://twitter.com/search?q=%23RIO2trailer&src=hash,2013-08-09 06:20:30,https://web.archive.org/web/20130809082030/https://twitter.com/search?q=%23RIO2trailer&src=hash,https://web.archive.org/web/20130809082030id_/https://twitter.com/search?q=%23RIO2trailer&src=hash,,,#RIO2trailer,,,focused/archived-raw-serps/twitter/twitter.com%2Fsearch%3F/0000001384/0000000000.warc.gz,503,"[{'result_id': '381ca986-c96b-5325-a25c-60f4fc5ef94c', 'result_url': 'https://twitter.com/Judahema/status/360220318528307200', 'result_domain': 'twitter.com', 'result_domain_public_suffix': 'com', 'result_wayback_url': 'https://web.archive.org/web/20130809082030/https://twitter.com/Judahema/status/360220318528307200', 'result_wayback_raw_url': 'https://web.archive.org/web/20130809082030id_/https://twitter.com/Judahema/status/360220318528307200', 'result_snippet_rank': 1, 'result_snippet_title': '<em>Juan Daniel </em>\n\u200f@<em>Judahema</em>', 'result_snippet_text': 'Check out the #<em><em>RIO2trailer</em></em> coming summer 2014 http://movies.yahoo.com/video/rio-2-trailer-d-160045160.html\xa0…', 'result_warc_relative_path': None, 'result_warc_byte_offset': None}
 {'result_id': 'bff65703-d0d3-5845-b3b5-39b12b829dc8', 'result_url': 'https://twitter.com/smurfs404/status/358920717863108608', 'result_domain': 'twitter.com', 'result_domain_public_suffix': 'com', 'result_wayback_url': 'https://web.archive.org/web/20130809082030/https://twitter.com/smurfs404/status/358920717863108608', 'result_wayback_raw_url': 'https://web.archive.org/web/20130809082030id_/https://twitter.com/smurfs404/status/358920717863108608', 'result_snippet_rank': 2, 'result_snippet_title': '<em>Smurf</em>\n\u200f@<em>smurfs404</em>', 'result_snippet_text': 'Just Saying #<em><em>RIO2trailer</em></em> !! :P', 'result_warc_relative_path': None, 'result_warc_byte_offset': None}
 {'result_id': '8ce3a6f4-c34e-519d-a888-60cd24e15c0c', 'result_url': 'https://twitter.com/SINGUP05107236/status/358662476130287617', 'result_domain': 'twitter.com', 'result_domain_public_suffix': 'com', 'result_wayback_url': 'https://web.archive.org/web/20130809082030/https://twitter.com/SINGUP05107236/status/358662476130287617', 'result_wayback_raw_url': 'https://web.archive.org/web/20130809082030id_/https://twitter.com/SINGUP05107236/status/358662476130287617', 'result_snippet_rank': 3, 'result_snippet_title': '<em>SINGUP</em>\n\u200f@<em>SINGUP05107236</em>', 'result_snippet_text': '?iamwill : check out the #<em><em>RIO2trailer</em></em> coming summer 2014...this is ganna be sooo dope!!! http://movies.yahoo.com/video/rio-2-trailer-d-160045160.html\xa0…', 'result_warc_relative_path': None, 'result_warc_byte_offset': None}
 {'result_id': '215339d4-3ed6-5f9f-9e66-dc3ac74db491', 'result_url': 'https://twitter.com/yanticha/status/358406543152128000', 'result_domain': 'twitter.com', 'result_domain_public_suffix': 'com', 'result_wayback_url': 'https://web.archive.org/web/20130809082030/https://twitter.com/yanticha/status/358406543152128000', 'result_wayback_raw_url': 'https://web.archive.org/web/20130809082030id_/https://twitter.com/yanticha/status/358406543152128000', 'result_snippet_rank': 4, 'result_snippet_title': '<em>Yanticha Isyandini</em>\n\u200f@<em>yanticha</em>', 'result_snippet_text': 'Ga ga ga sabarrrrrrrrrRT @<em>iamwill</em>: check out the #<em><em>RIO2trailer</em></em> coming summer 2014...this is ganna be sooo dope!!! http://movies.yahoo.com/video/rio-2-trailer-d-160045160.html\xa0…', 'result_warc_relative_path': None, 'result_warc_byte_offset': None}
 {'result_id': 'fbd1fae8-7ae4-557f-8057-b22929bb5526', 'result_url': 'https://twitter.com/dai_joy/status/358390333245104129', 'result_domain': 'twitter.com', 'result_domain_public_suffix': 'com', 'result_wayback_url': 'https://web.archive.org/web/20130809082030/https://twitter.com/dai_joy/status/358390333245104129', 'result_wayback_raw_url': 'https://web.archive.org/web/20130809082030id_/https://twitter.com/dai_joy/status/358390333245104129', 'result_snippet_rank': 5, 'result_snippet_title': '<em>dai_joy</em>\n\u200f@<em>dai_joy</em>', 'result_snippet_text': 'Aww! Brazil ♥ u,meant it! RT @<em>iamwill</em>: check out the #<em><em>RIO2trailer</em></em> coming summer 2014...this is ganna be sooo dope!!! http://po.st/LyB0Dp', 'result_warc_relative_path': None, 'result_warc_byte_offset': None}
 {'result_id': '29fc173e-a972-59a0-b0b3-170a05599f0e', 'result_url': 'https://twitter.com/iamwill/status/358387481839800321', 'result_domain': 'twitter.com', 'result_domain_public_suffix': 'com', 'result_wayback_url': 'https://web.archive.org/web/20130809082030/https://twitter.com/iamwill/status/358387481839800321', 'result_wayback_raw_url': 'https://web.archive.org/web/20130809082030id_/https://twitter.com/iamwill/status/358387481839800321', 'result_snippet_rank': 6, 'result_snippet_title': '<em>will.i.am</em>\n\u200f@<em>iamwill</em>', 'result_snippet_text': 'check out the #<em><em>RIO2trailer</em></em> coming summer 2014...this is ganna be sooo dope!!! http://movies.yahoo.com/video/rio-2-trailer-d-160045160.html\xa0…', 'result_warc_relative_path': None, 'result_warc_byte_offset': None}]",twitter,twitter.com,com,26,social-media
b8b39418-ddf0-58c8-9fec-b46cde2083cb,https://twitter.com/search?q=%23etnogenez&src=hash,2013-08-25 01:16:06,https://web.archive.org/web/20130825031606/https://twitter.com/search?q=%23etnogenez&src=hash,https://web.archive.org/web/20130825031606id_/https://twitter.com/search?q=%23etnogenez&src=hash,,,#etnogenez,sr,,focused/archived-raw-serps/twitter/twitter.com%2Fsearch%3F/0000001253/0000000000.warc.gz,38454,"[{'result_id': '0e5d0e6c-035c-5bf3-b562-4f3eec482d20', 'result_url': 'https://twitter.com/VArkadev/status/365013558595031041', 'result_domain': 'twitter.com', 'result_domain_public_suffix': 'com', 'result_wayback_url': 'https://web.archive.org/web/20130825031606/https://twitter.com/VArkadev/status/365013558595031041', 'result_wayback_raw_url': 'https://web.archive.org/web/20130825031606id_/https://twitter.com/VArkadev/status/365013558595031041', 'result_snippet_rank': 1, 'result_snippet_title': '<em>Василий Аркадьев</em>\n\u200f@<em>VArkadev</em>', 'result_snippet_text': 'Наконец! /  / Весь ""Этногенез"" прочитан! /  / #<em><em>etnogenez</em></em> /  / P.S. Жаль, схема неполная. http://vk.cc/1IBya1', 'result_warc_relative_path': None, 'result_warc_byte_offset': None}
 {'result_id': 'a194a231-31f6-5c69-b2f9-297d1c01f1ac', 'result_url': 'https://twitter.com/rykov/status/348151328536678400', 'result_domain': 'twitter.com', 'result_domain_public_suffix': 'com', 'result_wayback_url': 'https://web.archive.org/web/20130825031606/https://twitter.com/rykov/status/348151328536678400', 'result_wayback_raw_url': 'https://web.archive.org/web/20130825031606id_/https://twitter.com/rykov/status/348151328536678400', 'result_snippet_rank': 2, 'result_snippet_title': '<em>Константин Рыков</em>\n\u200f@<em>rykov</em>', 'result_snippet_text': 'Дизайн новой главной Войны #<em><em>etnogenez</em></em> #<em>voinaru</em> http://instagram.com/p/a1OrL0vkvk/', 'result_warc_relative_path': None, 'result_warc_byte_offset': None}
 {'result_id': '5cd33e90-e6cf-515d-90d9-52105ca070ef', 'result_url': 'https://twitter.com/iinnochii/status/345575370784927744', 'result_domain': 'twitter.com', 'result_domain_public_suffix': 'com', 'result_wayback_url': 'https://web.archive.org/web/20130825031606/https://twitter.com/iinnochii/status/345575370784927744', 'result_wayback_raw_url': 'https://web.archive.org/web/20130825031606id_/https://twitter.com/iinnochii/status/345575370784927744', 'result_snippet_rank': 3, 'result_snippet_title': '<em>Тихий_Не_Океан</em>\n\u200f@<em>iinnochii</em>', 'result_snippet_text': 'На днях получил почту из Москвы. Пришла серия книг #<em><em>etnogenez</em></em>. В свободное время зачитываюсь ""Марусей"".', 'result_warc_relative_path': None, 'result_warc_byte_offset': None}
 {'result_id': '392b7ffa-d1d8-58c8-822a-ca2d0a244382', 'result_url': 'https://twitter.com/Alllivka/status/335387070828777472', 'result_domain': 'twitter.com', 'result_domain_public_suffix': 'com', 'result_wayback_url': 'https://web.archive.org/web/20130825031606/https://twitter.com/Alllivka/status/335387070828777472', 'result_wayback_raw_url': 'https://web.archive.org/web/20130825031606id_/https://twitter.com/Alllivka/status/335387070828777472', 'result_snippet_rank': 4, 'result_snippet_title': '<em> \uf8ffAlivka</em>\n\u200f@<em>Alllivka</em>', 'result_snippet_text': 'Обожаю) RT @<em>Etnogenez</em>: Часы существуют для того, чтобы отмерять время до пятницы.\nА. Чубарьян. Хакеры 2. #<em><em>etnogenez</em></em> #<em>цитаты</em>', 'result_warc_relative_path': None, 'result_warc_byte_offset': None}
 {'result_id': '61d85c8a-98d8-5831-8128-86af76991f25', 'result_url': 'https://twitter.com/Valken_Vegener/status/335301147256573952', 'result_domain': 'twitter.com', 'result_domain_public_suffix': 'com', 'result_wayback_url': 'https://web.archive.org/web/20130825031606/https://twitter.com/Valken_Vegener/status/335301147256573952', 'result_wayback_raw_url': 'https://web.archive.org/web/20130825031606id_/https://twitter.com/Valken_Vegener/status/335301147256573952', 'result_snippet_rank': 5, 'result_snippet_title': '<em>шаман</em>\n\u200f@<em>Valken_Vegener</em>', 'result_snippet_text': '""Этногенез уже не тот, зачем переписывать книги, верните старые обложки""...Заколебали. Есть претензии - не читайте #<em><em>etnogenez</em></em> #<em>этногенез</em>', 'result_warc_relative_path': None, 'result_warc_byte_offset': None}
 {'result_id': '7ab966d3-72f3-5006-b633-b66c911ef401', 'result_url': 'https://twitter.com/VArkadev/status/333480922836000768', 'result_domain': 'twitter.com', 'result_domain_public_suffix': 'com', 'result_wayback_url': 'https://web.archive.org/web/20130825031606/https://twitter.com/VArkadev/status/333480922836000768', 'result_wayback_raw_url': 'https://web.archive.org/web/20130825031606id_/https://twitter.com/VArkadev/status/333480922836000768', 'result_snippet_rank': 6, 'result_snippet_title': '<em>Василий Аркадьев</em>\n\u200f@<em>VArkadev</em>', 'result_snippet_text': '""Пока мужчина рядом с женщиной, он бессмертен.""\n\nРим 2. Шимун Врочек\n#<em><em>etnogenez</em></em>', 'result_warc_relative_path': None, 'result_warc_byte_offset': None}
 {'result_id': '3baf59d2-25a6-57d1-a094-2cf55cdb32b2', 'result_url': 'https://twitter.com/Molodoj_Melnik/status/330069327292272642', 'result_domain': 'twitter.com', 'result_domain_public_suffix': 'com', 'result_wayback_url': 'https://web.archive.org/web/20130825031606/https://twitter.com/Molodoj_Melnik/status/330069327292272642', 'result_wayback_raw_url': 'https://web.archive.org/web/20130825031606id_/https://twitter.com/Molodoj_Melnik/status/330069327292272642', 'result_snippet_rank': 7, 'result_snippet_title': '<em>Kirill(21+) Kurdakov</em>\n\u200f@<em>Molodoj_Melnik</em>', 'result_snippet_text': 'За пару часов дочитал оставшуюся половину книги ""Че Гевара-2."" Мнение то же - скучнейшая в проекте @<em>etnogenez</em> #<em><em>etnogenez</em></em> #<em>этногенез</em> а жаль((', 'result_warc_relative_path': None, 'result_warc_byte_offset': None}
 {'result_id': '0997750f-348f-52d4-8f38-cf204ece9c5f', 'result_url': 'https://twitter.com/6_angel6/status/329984533300670464', 'result_domain': 'twitter.com', 'result_domain_public_suffix': 'com', 'result_wayback_url': 'https://web.archive.org/web/20130825031606/https://twitter.com/6_angel6/status/329984533300670464', 'result_wayback_raw_url': 'https://web.archive.org/web/20130825031606id_/https://twitter.com/6_angel6/status/329984533300670464', 'result_snippet_rank': 8, 'result_snippet_title': '<em>Настёна Королёва</em>\n\u200f@<em>6_angel6</em>', 'result_snippet_text': '""@<em>Etnogenez</em>: Нельзя не мечтать снова, увидеть того, о ком ты никогда не забудешь. Игорь Пронин - Пираты 3. Остров Моаи. #<em><em>etnogenez</em></em> #<em>цитаты</em>""', 'result_warc_relative_path': None, 'result_warc_byte_offset': None}
 {'result_id': 'bbcb8761-3d3d-517e-afc0-500f8b7b783c', 'result_url': 'https://twitter.com/ChizhikovAndrey/status/324225885681102848', 'result_domain': 'twitter.com', 'result_domain_public_suffix': 'com', 'result_wayback_url': 'https://web.archive.org/web/20130825031606/https://twitter.com/ChizhikovAndrey/status/324225885681102848', 'result_wayback_raw_url': 'https://web.archive.org/web/20130825031606id_/https://twitter.com/ChizhikovAndrey/status/324225885681102848', 'result_snippet_rank': 9, 'result_snippet_title': '<em>Чижиков Андрей</em>\n\u200f@<em>ChizhikovAndrey</em>', 'result_snippet_text': 'Чтиво #<em>этногенез</em> #<em><em>etnogenez</em></em> @ Семейный очаг http://instagram.com/p/YLOh99AmPB/', 'result_warc_relative_path': None, 'result_warc_byte_offset': None}
 {'result_id': 'ce1474cb-b0e0-543c-9869-a26b27aedd5a', 'result_url': 'https://twitter.com/Alllivka/status/321308051015598080', 'result_domain': 'twitter.com', 'result_domain_public_suffix': 'com', 'result_wayback_url': 'https://web.archive.org/web/20130825031606/https://twitter.com/Alllivka/status/321308051015598080', 'result_wayback_raw_url': 'https://web.archive.org/web/20130825031606id_/https://twitter.com/Alllivka/status/321308051015598080', 'result_snippet_rank': 10, 'result_snippet_title': '<em> \uf8ffAlivka</em>\n\u200f@<em>Alllivka</em>', 'result_snippet_text': 'А я уже играю)) RT @<em>Etnogenez</em>: Игра. Этногенез объявляет Войну http://www.etnogenez.ru/news/503/\xa0 #<em><em>etnogenez</em></em>', 'result_warc_relative_path': None, 'result_warc_byte_offset': None}
 {'result_id': '6192d03b-60cb-548e-980d-df933e988507', 'result_url': 'https://twitter.com/Etnogenez/status/319905980878032897', 'result_domain': 'twitter.com', 'result_domain_public_suffix': 'com', 'result_wayback_url': 'https://web.archive.org/web/20130825031606/https://twitter.com/Etnogenez/status/319905980878032897', 'result_wayback_raw_url': 'https://web.archive.org/web/20130825031606id_/https://twitter.com/Etnogenez/status/319905980878032897', 'result_snippet_rank': 11, 'result_snippet_title': '<em>Этногенез</em>\n\u200f@<em>Etnogenez</em>', 'result_snippet_text': 'О проекте. Новая жизнь ""Этногенеза"" http://www.etnogenez.ru/news/500/\xa0 #<em><em>etnogenez</em></em>', 'result_warc_relative_path': None, 'result_warc_byte_offset': None}
 {'result_id': '35433f38-4775-5b3b-80af-804b5a53b314', 'result_url': 'https://twitter.com/rykov/status/319871584057823232', 'result_domain': 'twitter.com', 'result_domain_public_suffix': 'com', 'result_wayback_url': 'https://web.archive.org/web/20130825031606/https://twitter.com/rykov/status/319871584057823232', 'result_wayback_raw_url': 'https://web.archive.org/web/20130825031606id_/https://twitter.com/rykov/status/319871584057823232', 'result_snippet_rank': 12, 'result_snippet_title': '<em>Константин Рыков</em>\n\u200f@<em>rykov</em>', 'result_snippet_text': 'Патроны Рыкова #<em>voinaru</em> #<em><em>etnogenez</em></em> http://instagram.com/p/XsSlLOPkhF/', 'result_warc_relative_path': None, 'result_warc_byte_offset': None}
 {'result_id': '12fcc699-233e-5af4-badf-1c51bfb47b4d', 'result_url': 'https://twitter.com/Etnogenez/status/318831396934258688', 'result_domain': 'twitter.com', 'result_domain_public_suffix': 'com', 'result_wayback_url': 'https://web.archive.org/web/20130825031606/https://twitter.com/Etnogenez/status/318831396934258688', 'result_wayback_raw_url': 'https://web.archive.org/web/20130825031606id_/https://twitter.com/Etnogenez/status/318831396934258688', 'result_snippet_rank': 13, 'result_snippet_title': '<em>Этногенез</em>\n\u200f@<em>Etnogenez</em>', 'result_snippet_text': 'Видео. Видеоотчет о презентации от Мечты Букиниста 2 http://www.etnogenez.ru/news/499/\xa0 #<em><em>etnogenez</em></em>', 'result_warc_relative_path': None, 'result_warc_byte_offset': None}
 {'result_id': 'e5b63500-050b-55c7-96a2-d9938edef466', 'result_url': 'https://twitter.com/The_Woron/status/312660462758150144', 'result_domain': 'twitter.com', 'result_domain_public_suffix': 'com', 'result_wayback_url': 'https://web.archive.org/web/20130825031606/https://twitter.com/The_Woron/status/312660462758150144', 'result_wayback_raw_url': 'https://web.archive.org/web/20130825031606id_/https://twitter.com/The_Woron/status/312660462758150144', 'result_snippet_rank': 14, 'result_snippet_title': '<em>Броуди</em>\n\u200f@<em>The_Woron</em>', 'result_snippet_text': 'Хакеры3!RT @<em>Etnogenez</em>: Встреча. Презентация ""Западни"" и ""Хакеров 3"" http://www.etnogenez.ru/news/497/\xa0 #<em><em>etnogenez</em></em>', 'result_warc_relative_path': None, 'result_warc_byte_offset': None}
 {'result_id': 'e92227b7-5317-5310-bd77-20194bb6cdba', 'result_url': 'https://twitter.com/flokush/status/283275759722848256', 'result_domain': 'twitter.com', 'result_domain_public_suffix': 'com', 'result_wayback_url': 'https://web.archive.org/web/20130825031606/https://twitter.com/flokush/status/283275759722848256', 'result_wayback_raw_url': 'https://web.archive.org/web/20130825031606id_/https://twitter.com/flokush/status/283275759722848256', 'result_snippet_rank': 15, 'result_snippet_title': '<em>shark_off</em>\n\u200f@<em>flokush</em>', 'result_snippet_text': '""@<em>Etnogenez</em>: Война.ру. Война.ру - 30 декабря! http://www.etnogenez.ru/news/487/\xa0 #<em><em>etnogenez</em></em>"" а на сайте 31 декабря!', 'result_warc_relative_path': None, 'result_warc_byte_offset': None}
 {'result_id': '89f797a0-78d5-5101-af11-ed1b33874582', 'result_url': 'https://twitter.com/sharifulin/status/282446026617520128', 'result_domain': 'twitter.com', 'result_domain_public_suffix': 'com', 'result_wayback_url': 'https://web.archive.org/web/20130825031606/https://twitter.com/sharifulin/status/282446026617520128', 'result_wayback_raw_url': 'https://web.archive.org/web/20130825031606id_/https://twitter.com/sharifulin/status/282446026617520128', 'result_snippet_rank': 16, 'result_snippet_title': '<em>Anatoly Sharifulin</em>\n\u200f@<em>sharifulin</em>', 'result_snippet_text': 'Прикольная заглушка на voina.ru http://cl.ly/image/3I042Y3B3d0p\xa0… #<em><em>etnogenez</em></em>', 'result_warc_relative_path': None, 'result_warc_byte_offset': None}
 {'result_id': '56c6df1c-dbb5-5a58-b569-86707c173a71', 'result_url': 'https://twitter.com/Etnogenez/status/281365783400030208', 'result_domain': 'twitter.com', 'result_domain_public_suffix': 'com', 'result_wayback_url': 'https://web.archive.org/web/20130825031606/https://twitter.com/Etnogenez/status/281365783400030208', 'result_wayback_raw_url': 'https://web.archive.org/web/20130825031606id_/https://twitter.com/Etnogenez/status/281365783400030208', 'result_snippet_rank': 17, 'result_snippet_title': '<em>Этногенез</em>\n\u200f@<em>Etnogenez</em>', 'result_snippet_text': 'Война.ру. 20 аномальных предметов Войны.ру http://www.etnogenez.ru/news/486/\xa0 #<em><em>etnogenez</em></em>', 'result_warc_relative_path': None, 'result_warc_byte_offset': None}
 {'result_id': '5cf6da05-6c0e-5ab2-9d02-0ae68674a70c', 'result_url': 'https://twitter.com/rykov/status/280408804724727808', 'result_domain': 'twitter.com', 'result_domain_public_suffix': 'com', 'result_wayback_url': 'https://web.archive.org/web/20130825031606/https://twitter.com/rykov/status/280408804724727808', 'result_wayback_raw_url': 'https://web.archive.org/web/20130825031606id_/https://twitter.com/rykov/status/280408804724727808', 'result_snippet_rank': 18, 'result_snippet_title': '<em>Константин Рыков</em>\n\u200f@<em>rykov</em>', 'result_snippet_text': 'Противотанковая ракета #<em>voinaru</em> #<em><em>etnogenez</em></em> http://instagr.am/p/TT49NNvkqw/', 'result_warc_relative_path': None, 'result_warc_byte_offset': None}
 {'result_id': 'f0029664-9e83-5957-a791-3729c7e15134', 'result_url': 'https://twitter.com/applifto/status/251667337554567168', 'result_domain': 'twitter.com', 'result_domain_public_suffix': 'com', 'result_wayback_url': 'https://web.archive.org/web/20130825031606/https://twitter.com/applifto/status/251667337554567168', 'result_wayback_raw_url': 'https://web.archive.org/web/20130825031606id_/https://twitter.com/applifto/status/251667337554567168', 'result_snippet_rank': 19, 'result_snippet_title': '<em>Applifto.ru</em>\n\u200f@<em>applifto</em>', 'result_snippet_text': 'Сегодня мы выпустили второе Android-приложение в Google Play — приложение Этногенез https://play.google.com/store/apps/details?id=com.etnogenez.app\xa0… #<em>android</em> #<em><em>etnogenez</em></em>', 'result_warc_relative_path': None, 'result_warc_byte_offset': None}
 {'result_id': '8207fadb-b0c9-5cbb-923d-4c1cc0886fd7', 'result_url': 'https://twitter.com/pushkaruk/status/96626428723994624', 'result_domain': 'twitter.com', 'result_domain_public_suffix': 'com', 'result_wayback_url': 'https://web.archive.org/web/20130825031606/https://twitter.com/pushkaruk/status/96626428723994624', 'result_wayback_raw_url': 'https://web.archive.org/web/20130825031606id_/https://twitter.com/pushkaruk/status/96626428723994624', 'result_snippet_rank': 20, 'result_snippet_title': '<em>Константин Пушкарук</em>\n\u200f@<em>pushkaruk</em>', 'result_snippet_text': 'класс""@<em>pimenov</em>: Теперь все книги Этногенез можно читать с ЛЮБОГО телефона через мобильную версию http://m.etnogenez.ru/\xa0 #<em><em>etnogenez</em></em> Это прорыв.""', 'result_warc_relative_path': None, 'result_warc_byte_offset': None}]",twitter,twitter.com,com,26,social-media
