{"serp_id":"b32f13d4-aa25-5ff5-b338-c9e3df466cb4","serp_url":"https:\/\/ja-jp.facebook.com\/search.php?q=asano+yuga","serp_timestamp":1369752131000,"serp_wayback_url":"https:\/\/web.archive.org\/web\/20130528164211\/https:\/\/ja-jp.facebook.com\/search.php?q=asano+yuga","serp_wayback_raw_url":"https:\/\/web.archive.org\/web\/20130528164211id_\/https:\/\/ja-jp.facebook.com\/search.php?q=asano+yuga","serp_page":null,"serp_offset":null,"serp_query_text_url":"asano yuga","serp_query_text_url_language":"ja","serp_query_text_html":"asano yuga","serp_warc_relative_path":"focused\/archived-raw-serps\/facebook\/ja-jp.facebook.com%2Fsearch\/0000000000\/0000000000.warc.gz","serp_warc_byte_offset":48413,"serp_results":[],"search_provider_name":"facebook","search_provider_alexa_domain":"facebook.com","search_provider_alexa_domain_public_suffix":"com","search_provider_alexa_rank":5,"search_provider_category":"social-media"}
