{"result_id":"30161d30-a272-592a-a5ce-46686f4f50f8","result_url":"https:\/\/www.google.com\/url?q=https:\/\/www.microsoft.com\/en-us\/research\/blog\/getting-compilers-right-secure-software\/&sa=U&ved=2ahUKEwj6u9mg9_P1AhXYKEQIHYEYBXwQtwJ6BAgBEAE&usg=AOvVaw1jt2iu7XHj9MaHX1yMwYza","result_domain":"www.google.com","result_domain_public_suffix":"com","result_wayback_url":"https:\/\/web.archive.org\/web\/20220210005850\/https:\/\/www.google.com\/url?q=https:\/\/www.microsoft.com\/en-us\/research\/blog\/getting-compilers-right-secure-software\/&sa=U&ved=2ahUKEwj6u9mg9_P1AhXYKEQIHYEYBXwQtwJ6BAgBEAE&usg=AOvVaw1jt2iu7XHj9MaHX1yMwYza","result_wayback_raw_url":"https:\/\/web.archive.org\/web\/20220210005850id_\/https:\/\/www.google.com\/url?q=https:\/\/www.microsoft.com\/en-us\/research\/blog\/getting-compilers-right-secure-software\/&sa=U&ved=2ahUKEwj6u9mg9_P1AhXYKEQIHYEYBXwQtwJ6BAgBEAE&usg=AOvVaw1jt2iu7XHj9MaHX1yMwYza","result_snippet_rank":10,"result_snippet_title":"Getting compilers right: a reliable foundation for secure software - Microsoft Research","result_snippet_text":null,"result_warc_relative_path":null,"result_warc_byte_offset":null,"serp_id":"6d64f340-f1c5-5cfb-94b1-6715e9b8297d","serp_url":"https:\/\/www.google.com\/search?q=Compiler+correctness&tbm=vid&source=lnms&sa=X&ved=0ahUKEwiP99KTn8_0AhWIHDQIHZ0-BIYQ_AUICigF","serp_timestamp":1644451130000,"serp_wayback_url":"https:\/\/web.archive.org\/web\/20220210005850\/https:\/\/www.google.com\/search?q=Compiler+correctness&tbm=vid&source=lnms&sa=X&ved=0ahUKEwiP99KTn8_0AhWIHDQIHZ0-BIYQ_AUICigF","serp_wayback_raw_url":"https:\/\/web.archive.org\/web\/20220210005850id_\/https:\/\/www.google.com\/search?q=Compiler+correctness&tbm=vid&source=lnms&sa=X&ved=0ahUKEwiP99KTn8_0AhWIHDQIHZ0-BIYQ_AUICigF","serp_page":null,"serp_offset":null,"serp_query_text_url":"Compiler correctness","serp_query_text_url_language":null,"serp_query_text_html":"Compiler correctness","serp_warc_relative_path":"focused\/archived-raw-serps\/google\/google.com%2Fsearch%3F\/0000002599\/0000000000.warc.gz","serp_warc_byte_offset":293769,"search_provider_name":"google","search_provider_alexa_domain":"google.com","search_provider_alexa_domain_public_suffix":"com","search_provider_alexa_rank":1,"search_provider_category":"search-engine"}
