{"result_id":"e149f735-e92f-5f6c-8555-d2e272c8f37b","result_url":"https:\/\/stackoverflow.com\/questions\/56717210\/how-to-pass-slackevents-data-to-client-side","result_domain":"stackoverflow.com","result_domain_public_suffix":"com","result_wayback_url":"https:\/\/web.archive.org\/web\/20191114205402\/https:\/\/stackoverflow.com\/questions\/56717210\/how-to-pass-slackevents-data-to-client-side","result_wayback_raw_url":"https:\/\/web.archive.org\/web\/20191114205402id_\/https:\/\/stackoverflow.com\/questions\/56717210\/how-to-pass-slackevents-data-to-client-side","result_snippet_rank":21,"result_snippet_title":"How to pass SlackEvents data to client side?","result_snippet_text":"I'm trying to create a simple chat based of the Slack API's. It's going well but I've hit a wall. I have this method: \n\nslackEvents.on('message', (event) =&gt; {\n    console.log(`Received a message ...","result_warc_relative_path":null,"result_warc_byte_offset":null,"serp_id":"80ca7de8-653b-51aa-a86a-dace0551f877","serp_url":"https:\/\/stackoverflow.com\/questions\/tagged\/node.js+slack","serp_timestamp":1573761242000,"serp_wayback_url":"https:\/\/web.archive.org\/web\/20191114205402\/https:\/\/stackoverflow.com\/questions\/tagged\/node.js+slack","serp_wayback_raw_url":"https:\/\/web.archive.org\/web\/20191114205402id_\/https:\/\/stackoverflow.com\/questions\/tagged\/node.js+slack","serp_page":null,"serp_offset":null,"serp_query_text_url":"node.js+slack","serp_query_text_url_language":"ca","serp_query_text_html":"[node.js] [slack]","serp_warc_relative_path":"focused\/archived-raw-serps\/stackoverflow\/stackoverflow.com%2Fquestions%2Ftagged\/0000000370\/0000000000.warc.gz","serp_warc_byte_offset":530857,"search_provider_name":"stackoverflow","search_provider_alexa_domain":"stackoverflow.com","search_provider_alexa_domain_public_suffix":"com","search_provider_alexa_rank":43,"search_provider_category":"question-and-answer"}
