{"result_id":"868212f7-1fcf-565c-8fcd-8cd85ec7f649","result_url":"https:\/\/books.google.com\/books?id=VOFMAAAAIBAJ&pg=PA13&dq=%22Georgia+Lancaster%22&article_id=6575,650732&hl=pl&sa=X&ved=2ahUKEwjhkf7Q0qbzAhXHvJ4KHZlsBpoQ6AF6BAgAEAE","result_domain":"books.google.com","result_domain_public_suffix":"com","result_wayback_url":"https:\/\/web.archive.org\/web\/20210930115827\/https:\/\/books.google.com\/books?id=VOFMAAAAIBAJ&pg=PA13&dq=%22Georgia+Lancaster%22&article_id=6575,650732&hl=pl&sa=X&ved=2ahUKEwjhkf7Q0qbzAhXHvJ4KHZlsBpoQ6AF6BAgAEAE","result_wayback_raw_url":"https:\/\/web.archive.org\/web\/20210930115827id_\/https:\/\/books.google.com\/books?id=VOFMAAAAIBAJ&pg=PA13&dq=%22Georgia+Lancaster%22&article_id=6575,650732&hl=pl&sa=X&ved=2ahUKEwjhkf7Q0qbzAhXHvJ4KHZlsBpoQ6AF6BAgAEAE","result_snippet_rank":2,"result_snippet_title":"Farms Compete With Suburbs.","result_snippet_text":null,"result_warc_relative_path":null,"result_warc_byte_offset":null,"serp_id":"9fa0888d-e583-583f-bd3d-6cf42ba7186a","serp_url":"https:\/\/www.google.com\/search?&q=%22Georgia+Lancaster%22&tbs=bkt:s&tbm=bks","serp_timestamp":1632995907000,"serp_wayback_url":"https:\/\/web.archive.org\/web\/20210930115827\/https:\/\/www.google.com\/search?&q=%22Georgia+Lancaster%22&tbs=bkt:s&tbm=bks","serp_wayback_raw_url":"https:\/\/web.archive.org\/web\/20210930115827id_\/https:\/\/www.google.com\/search?&q=%22Georgia+Lancaster%22&tbs=bkt:s&tbm=bks","serp_page":null,"serp_offset":null,"serp_query_text_url":"\"Georgia Lancaster\"","serp_query_text_url_language":"la","serp_query_text_html":"\"Georgia Lancaster\"","serp_warc_relative_path":"focused\/archived-raw-serps\/google\/google.com%2Fsearch%3F\/0000000037\/0000000000.warc.gz","serp_warc_byte_offset":769003,"search_provider_name":"google","search_provider_alexa_domain":"google.com","search_provider_alexa_domain_public_suffix":"com","search_provider_alexa_rank":1,"search_provider_category":"search-engine"}
