result_id,result_url,result_domain,result_domain_public_suffix,result_wayback_url,result_wayback_raw_url,result_snippet_rank,result_snippet_title,result_snippet_text,result_warc_relative_path,result_warc_byte_offset,serp_id,serp_url,serp_timestamp,serp_wayback_url,serp_wayback_raw_url,serp_page,serp_offset,serp_query_text_url,serp_query_text_url_language,serp_query_text_html,serp_warc_relative_path,serp_warc_byte_offset,search_provider_name,search_provider_alexa_domain,search_provider_alexa_domain_public_suffix,search_provider_alexa_rank,search_provider_category
e149f735-e92f-5f6c-8555-d2e272c8f37b,https://stackoverflow.com/questions/56717210/how-to-pass-slackevents-data-to-client-side,stackoverflow.com,com,https://web.archive.org/web/20191114205402/https://stackoverflow.com/questions/56717210/how-to-pass-slackevents-data-to-client-side,https://web.archive.org/web/20191114205402id_/https://stackoverflow.com/questions/56717210/how-to-pass-slackevents-data-to-client-side,21,How to pass SlackEvents data to client side?,"I'm trying to create a simple chat based of the Slack API's. It's going well but I've hit a wall. I have this method: 

slackEvents.on('message', (event) =&gt; {
    console.log(`Received a message ...",,,80ca7de8-653b-51aa-a86a-dace0551f877,https://stackoverflow.com/questions/tagged/node.js+slack,2019-11-14 19:54:02,https://web.archive.org/web/20191114205402/https://stackoverflow.com/questions/tagged/node.js+slack,https://web.archive.org/web/20191114205402id_/https://stackoverflow.com/questions/tagged/node.js+slack,,,node.js+slack,ca,[node.js] [slack],focused/archived-raw-serps/stackoverflow/stackoverflow.com%2Fquestions%2Ftagged/0000000370/0000000000.warc.gz,530857,stackoverflow,stackoverflow.com,com,43,question-and-answer
