{"serp_id":"c027789e-30d9-5532-a6b9-bd1b73300ac9","serp_url":"https:\/\/mobile.twitter.com\/search?q=EurovisionSongContest2014&s=hash","serp_timestamp":1413701598000,"serp_wayback_url":"https:\/\/web.archive.org\/web\/20141019085318\/https:\/\/mobile.twitter.com\/search?q=EurovisionSongContest2014&s=hash","serp_wayback_raw_url":"https:\/\/web.archive.org\/web\/20141019085318id_\/https:\/\/mobile.twitter.com\/search?q=EurovisionSongContest2014&s=hash","serp_page":null,"serp_offset":null,"serp_query_text_url":"EurovisionSongContest2014","serp_query_text_url_language":"ky","serp_query_text_html":"EurovisionSongContest2014","serp_warc_relative_path":"focused\/archived-raw-serps\/twitter\/mobile.twitter.com%2Fsearch%3F\/0000000455\/0000000000.warc.gz","serp_warc_byte_offset":633834,"serp_results":[{"result_id":"e65e2155-ec92-5073-9d82-15cca0e6aa67","result_url":"https:\/\/mobile.twitter.com\/krONik\/status\/479595533569228801?p=p","result_domain":"mobile.twitter.com","result_domain_public_suffix":"com","result_wayback_url":"https:\/\/web.archive.org\/web\/20141019085318\/https:\/\/mobile.twitter.com\/krONik\/status\/479595533569228801?p=p","result_wayback_raw_url":"https:\/\/web.archive.org\/web\/20141019085318id_\/https:\/\/mobile.twitter.com\/krONik\/status\/479595533569228801?p=p","result_snippet_rank":1,"result_snippet_title":"<em>Bar\u00f3n Emilio Death<\/em>\n\n@krONik","result_snippet_text":"For one split second I thought I was transported back into #EurovisionSongContest2014. \n\nI was deluded. Its Carlotta. pic.twitter.com\/adzpZLYAsp","result_warc_relative_path":null,"result_warc_byte_offset":null},{"result_id":"837cb121-1454-5cb4-924e-9d330603290f","result_url":"https:\/\/mobile.twitter.com\/hotpress\/status\/476794074465189888?p=p","result_domain":"mobile.twitter.com","result_domain_public_suffix":"com","result_wayback_url":"https:\/\/web.archive.org\/web\/20141019085318\/https:\/\/mobile.twitter.com\/hotpress\/status\/476794074465189888?p=p","result_wayback_raw_url":"https:\/\/web.archive.org\/web\/20141019085318id_\/https:\/\/mobile.twitter.com\/hotpress\/status\/476794074465189888?p=p","result_snippet_rank":2,"result_snippet_title":"<em>Hot Press<\/em>\n\n@hotpress","result_snippet_text":"Eurovision winner Conchita Wurst @ConchitaWurst for The George during @DublinPride #EurovisionSongContest2014\nhotpress.com\/Conchita-Wurst\u2026","result_warc_relative_path":null,"result_warc_byte_offset":null},{"result_id":"2503c559-5f30-5ab5-b2b5-099a1db70e81","result_url":"https:\/\/mobile.twitter.com\/tonalboy\/status\/471754897718018050?p=p","result_domain":"mobile.twitter.com","result_domain_public_suffix":"com","result_wayback_url":"https:\/\/web.archive.org\/web\/20141019085318\/https:\/\/mobile.twitter.com\/tonalboy\/status\/471754897718018050?p=p","result_wayback_raw_url":"https:\/\/web.archive.org\/web\/20141019085318id_\/https:\/\/mobile.twitter.com\/tonalboy\/status\/471754897718018050?p=p","result_snippet_rank":3,"result_snippet_title":"<em>Matt Thomas<\/em>\n\n@tonalboy","result_snippet_text":"My friends have managed to get their hands on some Eurovision memorabilia.ebay.co.uk\/itm\/Eurovision\u2026 #EurovisionSongContest2014 @BeautyBeastsTT","result_warc_relative_path":null,"result_warc_byte_offset":null},{"result_id":"aec1f586-8eed-5fb6-b68e-3b4f6f26ee14","result_url":"https:\/\/mobile.twitter.com\/OutInTheCityMag\/status\/469508972362596352?p=p","result_domain":"mobile.twitter.com","result_domain_public_suffix":"com","result_wayback_url":"https:\/\/web.archive.org\/web\/20141019085318\/https:\/\/mobile.twitter.com\/OutInTheCityMag\/status\/469508972362596352?p=p","result_wayback_raw_url":"https:\/\/web.archive.org\/web\/20141019085318id_\/https:\/\/mobile.twitter.com\/OutInTheCityMag\/status\/469508972362596352?p=p","result_snippet_rank":4,"result_snippet_title":"<em>Out In The City<\/em>\n\n@OutInTheCityMag","result_snippet_text":"The amazing @ConchitaWurst plays G-A-Y in London this weekend: outmag.co.uk\/site\/index.php\u2026 #ConchitaWurst #EurovisionSongContest2014","result_warc_relative_path":null,"result_warc_byte_offset":null},{"result_id":"f893c821-2066-5d65-80b0-f9535ea83de6","result_url":"https:\/\/mobile.twitter.com\/TheHappyFoodie\/status\/468435341574434816?p=p","result_domain":"mobile.twitter.com","result_domain_public_suffix":"com","result_wayback_url":"https:\/\/web.archive.org\/web\/20141019085318\/https:\/\/mobile.twitter.com\/TheHappyFoodie\/status\/468435341574434816?p=p","result_wayback_raw_url":"https:\/\/web.archive.org\/web\/20141019085318id_\/https:\/\/mobile.twitter.com\/TheHappyFoodie\/status\/468435341574434816?p=p","result_snippet_rank":5,"result_snippet_title":"<em>The Happy Foodie<\/em>\n\n@TheHappyFoodie","result_snippet_text":"The Conchita Curly Wurly. A baking masterpiece from the awesome @konditorandcook pic.twitter.com\/1vbCl5bgCC #EurovisionSongContest2014","result_warc_relative_path":null,"result_warc_byte_offset":null},{"result_id":"e5409a55-c860-5d87-a48d-4034301a48b6","result_url":"https:\/\/mobile.twitter.com\/LibbieDog\/status\/467955235559047169?p=p","result_domain":"mobile.twitter.com","result_domain_public_suffix":"com","result_wayback_url":"https:\/\/web.archive.org\/web\/20141019085318\/https:\/\/mobile.twitter.com\/LibbieDog\/status\/467955235559047169?p=p","result_wayback_raw_url":"https:\/\/web.archive.org\/web\/20141019085318id_\/https:\/\/mobile.twitter.com\/LibbieDog\/status\/467955235559047169?p=p","result_snippet_rank":6,"result_snippet_title":"<em>Nell &amp; Pebbles<\/em>\n\n@LibbieDog","result_snippet_text":"Could you love him enough ??? Pls contact @NWDogRescue if he's the lad for you xxx pic.twitter.com\/NgtsfJVRjk #EurovisionSongContest2014","result_warc_relative_path":null,"result_warc_byte_offset":null},{"result_id":"be371fab-65d9-5948-bc6f-7dd04ccfbb06","result_url":"https:\/\/mobile.twitter.com\/MrCakeyBoi\/status\/467028091962159104?p=p","result_domain":"mobile.twitter.com","result_domain_public_suffix":"com","result_wayback_url":"https:\/\/web.archive.org\/web\/20141019085318\/https:\/\/mobile.twitter.com\/MrCakeyBoi\/status\/467028091962159104?p=p","result_wayback_raw_url":"https:\/\/web.archive.org\/web\/20141019085318id_\/https:\/\/mobile.twitter.com\/MrCakeyBoi\/status\/467028091962159104?p=p","result_snippet_rank":7,"result_snippet_title":"<em>Cakeyboi<\/em>\n\n@MrCakeyBoi","result_snippet_text":"This years #EurovisionSongContest2014 cake was hiding a secret inside - find out what...cakeyboi.com\/2014\/05\/red-ve\u2026 pic.twitter.com\/H0psfIhtmA","result_warc_relative_path":null,"result_warc_byte_offset":null},{"result_id":"0ca04e58-6116-56cb-836c-fd012d76bfba","result_url":"https:\/\/mobile.twitter.com\/ThatWeeMan\/status\/466604241038376960?p=p","result_domain":"mobile.twitter.com","result_domain_public_suffix":"com","result_wayback_url":"https:\/\/web.archive.org\/web\/20141019085318\/https:\/\/mobile.twitter.com\/ThatWeeMan\/status\/466604241038376960?p=p","result_wayback_raw_url":"https:\/\/web.archive.org\/web\/20141019085318id_\/https:\/\/mobile.twitter.com\/ThatWeeMan\/status\/466604241038376960?p=p","result_snippet_rank":8,"result_snippet_title":"<em>The Wee Man<\/em>\n\n@ThatWeeMan","result_snippet_text":"Finally a Kardashian with some talent. #EurovisionSongContest2014 pic.twitter.com\/2JTRbqtBfH","result_warc_relative_path":null,"result_warc_byte_offset":null},{"result_id":"af8c069f-6198-5b8c-9d39-3a2403326753","result_url":"https:\/\/mobile.twitter.com\/ParodyWankers\/status\/466315951672000513?p=p","result_domain":"mobile.twitter.com","result_domain_public_suffix":"com","result_wayback_url":"https:\/\/web.archive.org\/web\/20141019085318\/https:\/\/mobile.twitter.com\/ParodyWankers\/status\/466315951672000513?p=p","result_wayback_raw_url":"https:\/\/web.archive.org\/web\/20141019085318id_\/https:\/\/mobile.twitter.com\/ParodyWankers\/status\/466315951672000513?p=p","result_snippet_rank":9,"result_snippet_title":"<em>Parody Wanker<\/em>\n\n@ParodyWankers","result_snippet_text":"In a parallel universe #EurovisionSongContest2014 was probably sponsered by #Gillete pic.twitter.com\/klJh2Nq16l","result_warc_relative_path":null,"result_warc_byte_offset":null},{"result_id":"087f0cb9-058e-5263-84e8-3d275d071c47","result_url":"https:\/\/mobile.twitter.com\/FlirtCafeBar\/status\/466239794776141824?p=p","result_domain":"mobile.twitter.com","result_domain_public_suffix":"com","result_wayback_url":"https:\/\/web.archive.org\/web\/20141019085318\/https:\/\/mobile.twitter.com\/FlirtCafeBar\/status\/466239794776141824?p=p","result_wayback_raw_url":"https:\/\/web.archive.org\/web\/20141019085318id_\/https:\/\/mobile.twitter.com\/FlirtCafeBar\/status\/466239794776141824?p=p","result_snippet_rank":10,"result_snippet_title":"<em>Flirt Cafe Bar<\/em>\n\n@FlirtCafeBar","result_snippet_text":"You know you want a slice of Conchita's wurst..... #EurovisionSongContest2014 pic.twitter.com\/sqSmBH9Bvg","result_warc_relative_path":null,"result_warc_byte_offset":null},{"result_id":"9514f195-074a-57aa-9622-c1e0fba0cc98","result_url":"https:\/\/mobile.twitter.com\/DarthPutinKGB\/status\/466149861235367936?p=p","result_domain":"mobile.twitter.com","result_domain_public_suffix":"com","result_wayback_url":"https:\/\/web.archive.org\/web\/20141019085318\/https:\/\/mobile.twitter.com\/DarthPutinKGB\/status\/466149861235367936?p=p","result_wayback_raw_url":"https:\/\/web.archive.org\/web\/20141019085318id_\/https:\/\/mobile.twitter.com\/DarthPutinKGB\/status\/466149861235367936?p=p","result_snippet_rank":11,"result_snippet_title":"<em>Vladimir Putin<\/em>\n\n@DarthPutinKGB","result_snippet_text":"I find myself curiously aroused by this. @ConchitaWurst\n#EurovisionSongContest2014 pic.twitter.com\/UO4DWKAxhY","result_warc_relative_path":null,"result_warc_byte_offset":null},{"result_id":"f2a2205c-5a74-5e79-b1cb-ba0d5c3e4cd8","result_url":"https:\/\/mobile.twitter.com\/themistyshow\/status\/466046784444575744?p=p","result_domain":"mobile.twitter.com","result_domain_public_suffix":"com","result_wayback_url":"https:\/\/web.archive.org\/web\/20141019085318\/https:\/\/mobile.twitter.com\/themistyshow\/status\/466046784444575744?p=p","result_wayback_raw_url":"https:\/\/web.archive.org\/web\/20141019085318id_\/https:\/\/mobile.twitter.com\/themistyshow\/status\/466046784444575744?p=p","result_snippet_rank":12,"result_snippet_title":"<em>Misty Chance<\/em>\n\n@themistyshow","result_snippet_text":"I've seen it all now! I want my face on ham! Also on cheese! #EurovisionSongContest2014 #ConchitaWurst pic.twitter.com\/FMRT2y2MLT","result_warc_relative_path":null,"result_warc_byte_offset":null},{"result_id":"c6dab397-d4eb-5f34-9709-267ec10c1c53","result_url":"https:\/\/mobile.twitter.com\/hellomag\/status\/465948300407869440?p=p","result_domain":"mobile.twitter.com","result_domain_public_suffix":"com","result_wayback_url":"https:\/\/web.archive.org\/web\/20141019085318\/https:\/\/mobile.twitter.com\/hellomag\/status\/465948300407869440?p=p","result_wayback_raw_url":"https:\/\/web.archive.org\/web\/20141019085318id_\/https:\/\/mobile.twitter.com\/hellomag\/status\/465948300407869440?p=p","result_snippet_rank":13,"result_snippet_title":"<em>HELLO!<\/em>\n\n@hellomag","result_snippet_text":"Was @ConchitaWurst 's beard real?? All is revealed here... bit.ly\/1mQU06G #EurovisionSongContest2014 pic.twitter.com\/9fHTqQdycM","result_warc_relative_path":null,"result_warc_byte_offset":null},{"result_id":"bd37b703-d14d-56de-bc5e-c786d6647600","result_url":"https:\/\/mobile.twitter.com\/hellomag\/status\/465944527069388800?p=p","result_domain":"mobile.twitter.com","result_domain_public_suffix":"com","result_wayback_url":"https:\/\/web.archive.org\/web\/20141019085318\/https:\/\/mobile.twitter.com\/hellomag\/status\/465944527069388800?p=p","result_wayback_raw_url":"https:\/\/web.archive.org\/web\/20141019085318id_\/https:\/\/mobile.twitter.com\/hellomag\/status\/465944527069388800?p=p","result_snippet_rank":14,"result_snippet_title":"<em>HELLO!<\/em>\n\n@hellomag","result_snippet_text":"Guess what we found out about #EurovisionSongContest2014 winner @ConchitaWurst ! bit.ly\/1mQU06G pic.twitter.com\/hVxwS8Jouo","result_warc_relative_path":null,"result_warc_byte_offset":null},{"result_id":"745ea44e-e1e0-5988-b37b-240dc67f6e46","result_url":"https:\/\/mobile.twitter.com\/Aldi_Ireland\/status\/465944518630440960?p=p","result_domain":"mobile.twitter.com","result_domain_public_suffix":"com","result_wayback_url":"https:\/\/web.archive.org\/web\/20141019085318\/https:\/\/mobile.twitter.com\/Aldi_Ireland\/status\/465944518630440960?p=p","result_wayback_raw_url":"https:\/\/web.archive.org\/web\/20141019085318id_\/https:\/\/mobile.twitter.com\/Aldi_Ireland\/status\/465944518630440960?p=p","result_snippet_rank":15,"result_snippet_title":"<em>Aldi Ireland<\/em>\n\n@Aldi_Ireland","result_snippet_text":"Our Eurovision grooming pack went down a treat! We hope next years show is just as good! #EurovisionSongContest2014 pic.twitter.com\/TuV8imfiht","result_warc_relative_path":null,"result_warc_byte_offset":null},{"result_id":"9a46c128-7223-519c-94f9-a089094c91a1","result_url":"https:\/\/mobile.twitter.com\/Deiv_81\/status\/465941027250253825?p=p","result_domain":"mobile.twitter.com","result_domain_public_suffix":"com","result_wayback_url":"https:\/\/web.archive.org\/web\/20141019085318\/https:\/\/mobile.twitter.com\/Deiv_81\/status\/465941027250253825?p=p","result_wayback_raw_url":"https:\/\/web.archive.org\/web\/20141019085318id_\/https:\/\/mobile.twitter.com\/Deiv_81\/status\/465941027250253825?p=p","result_snippet_rank":16,"result_snippet_title":"<em>David Pavon<\/em>\n\n@Deiv_81","result_snippet_text":"Congrats to @ConchitaWurst!!! Winner this year on the #EurovisionSongContest2014 #ConchitaWurst pic.twitter.com\/bZIKfjV2ZA","result_warc_relative_path":null,"result_warc_byte_offset":null},{"result_id":"b95a2a9a-bb75-572d-a87d-0732c0358257","result_url":"https:\/\/mobile.twitter.com\/SoundHound\/status\/465923039834558465?p=p","result_domain":"mobile.twitter.com","result_domain_public_suffix":"com","result_wayback_url":"https:\/\/web.archive.org\/web\/20141019085318\/https:\/\/mobile.twitter.com\/SoundHound\/status\/465923039834558465?p=p","result_wayback_raw_url":"https:\/\/web.archive.org\/web\/20141019085318id_\/https:\/\/mobile.twitter.com\/SoundHound\/status\/465923039834558465?p=p","result_snippet_rank":17,"result_snippet_title":"<em>SoundHound<\/em>\n\n@SoundHound","result_snippet_text":"Congratulations to Austrian Conchita Wurst who is the 2014 #EurovisionSongContest2014 winner! youtube.com\/watch?v=QRUIav\u2026","result_warc_relative_path":null,"result_warc_byte_offset":null},{"result_id":"0185f9c7-021a-57ea-b465-4be668167dfb","result_url":"https:\/\/mobile.twitter.com\/RadioTimes\/status\/465906775271542784?p=p","result_domain":"mobile.twitter.com","result_domain_public_suffix":"com","result_wayback_url":"https:\/\/web.archive.org\/web\/20141019085318\/https:\/\/mobile.twitter.com\/RadioTimes\/status\/465906775271542784?p=p","result_wayback_raw_url":"https:\/\/web.archive.org\/web\/20141019085318id_\/https:\/\/mobile.twitter.com\/RadioTimes\/status\/465906775271542784?p=p","result_snippet_rank":18,"result_snippet_title":"<em>Radio Times<\/em>\n\n@RadioTimes","result_snippet_text":"Why the Eurovision Song Contest jury were right to ignore Poland, says @jackseale radiotimes.com\/news\/2014-05-1\u2026 #EurovisionSongContest2014","result_warc_relative_path":null,"result_warc_byte_offset":null},{"result_id":"50e2bb74-793c-5a50-a98a-d410bdb4c8f7","result_url":"https:\/\/mobile.twitter.com\/eastendcabaret\/status\/465901917185769472?p=p","result_domain":"mobile.twitter.com","result_domain_public_suffix":"com","result_wayback_url":"https:\/\/web.archive.org\/web\/20141019085318\/https:\/\/mobile.twitter.com\/eastendcabaret\/status\/465901917185769472?p=p","result_wayback_raw_url":"https:\/\/web.archive.org\/web\/20141019085318id_\/https:\/\/mobile.twitter.com\/eastendcabaret\/status\/465901917185769472?p=p","result_snippet_rank":19,"result_snippet_title":"<em>Bernie + Victy<\/em>\n\n@eastendcabaret","result_snippet_text":"It was always going to happen! Meat the winner of Eurovision. #ConchitaWurst #EurovisionSongContest2014 pic.twitter.com\/oYu3O1z1ux","result_warc_relative_path":null,"result_warc_byte_offset":null},{"result_id":"a77805bd-5702-5fa9-8ae9-319df4fad65c","result_url":"https:\/\/mobile.twitter.com\/ParodyWankers\/status\/465898556818075648?p=p","result_domain":"mobile.twitter.com","result_domain_public_suffix":"com","result_wayback_url":"https:\/\/web.archive.org\/web\/20141019085318\/https:\/\/mobile.twitter.com\/ParodyWankers\/status\/465898556818075648?p=p","result_wayback_raw_url":"https:\/\/web.archive.org\/web\/20141019085318id_\/https:\/\/mobile.twitter.com\/ParodyWankers\/status\/465898556818075648?p=p","result_snippet_rank":20,"result_snippet_title":"<em>Parody Wanker<\/em>\n\n@ParodyWankers","result_snippet_text":"Lady Conchita's family reaction to #EurovisionSongContest2014  Win pic.twitter.com\/rcOqnpDqLC","result_warc_relative_path":null,"result_warc_byte_offset":null}],"search_provider_name":"twitter","search_provider_alexa_domain":"twitter.com","search_provider_alexa_domain_public_suffix":"com","search_provider_alexa_rank":26,"search_provider_category":"social-media"}
