{"serp_id":"55eb6024-32c2-5dc6-9b33-1ae8913e72a9","serp_url":"https:\/\/www.youtube.com\/results?search_query=%D0%B2%D0%BE%D0%BB%D1%8C%D0%B2%D0%B8%D1%87+%D0%BF%D0%BE%D0%B4%D0%B0%D1%87%D0%B0","serp_timestamp":1575417931000,"serp_wayback_url":"https:\/\/web.archive.org\/web\/20191204010531\/https:\/\/www.youtube.com\/results?search_query=%D0%B2%D0%BE%D0%BB%D1%8C%D0%B2%D0%B8%D1%87+%D0%BF%D0%BE%D0%B4%D0%B0%D1%87%D0%B0","serp_wayback_raw_url":"https:\/\/web.archive.org\/web\/20191204010531id_\/https:\/\/www.youtube.com\/results?search_query=%D0%B2%D0%BE%D0%BB%D1%8C%D0%B2%D0%B8%D1%87+%D0%BF%D0%BE%D0%B4%D0%B0%D1%87%D0%B0","serp_page":null,"serp_offset":null,"serp_query_text_url":"\u0432\u043e\u043b\u044c\u0432\u0438\u0447 \u043f\u043e\u0434\u0430\u0447\u0430","serp_query_text_url_language":null,"serp_query_text_html":"\u0432\u043e\u043b\u044c\u0432\u0438\u0447 \u043f\u043e\u0434\u0430\u0447\u0430","serp_warc_relative_path":"focused\/archived-raw-serps\/youtube\/youtube.com%2Fresults%3F\/0000000350\/0000000000.warc.gz","serp_warc_byte_offset":1348780,"serp_results":[{"result_id":"069daf23-59f2-5902-a38f-db6074985dcd","result_url":"https:\/\/www.youtube.com\/watch?v=4MFXEjCiC3c","result_domain":"www.youtube.com","result_domain_public_suffix":"com","result_wayback_url":"https:\/\/web.archive.org\/web\/20191204010531\/https:\/\/www.youtube.com\/watch?v=4MFXEjCiC3c","result_wayback_raw_url":"https:\/\/web.archive.org\/web\/20191204010531id_\/https:\/\/www.youtube.com\/watch?v=4MFXEjCiC3c","result_snippet_rank":1,"result_snippet_title":"Artem Volvich in World Cup 2015 HD - \u041f\u0440\u043e\u0434\u043e\u043b\u0436\u0438\u0442\u0435\u043b\u044c\u043d\u043e\u0441\u0442\u044c: 3:51","result_snippet_text":"Artem Volvich Birthdate: 22-01-1990 Position: Middle-blocker Height: 208cm Weight: 96kg Spike: 350cm Block: 330cm Subscribe\u00a0...","result_warc_relative_path":null,"result_warc_byte_offset":null},{"result_id":"5d9111e7-a1e7-5ca5-acda-4d0ef89f7bdf","result_url":"https:\/\/www.youtube.com\/watch?v=Qu7pw7cvkqU","result_domain":"www.youtube.com","result_domain_public_suffix":"com","result_wayback_url":"https:\/\/web.archive.org\/web\/20191204010531\/https:\/\/www.youtube.com\/watch?v=Qu7pw7cvkqU","result_wayback_raw_url":"https:\/\/web.archive.org\/web\/20191204010531id_\/https:\/\/www.youtube.com\/watch?v=Qu7pw7cvkqU","result_snippet_rank":2,"result_snippet_title":"\u00ab\u041a\u043e\u0433\u0434\u0430 \u0443 \u043d\u0430\u0441 \u043b\u0435\u0442\u0438\u0442 \u043f\u043e\u0434\u0430\u0447\u0430, \u0448\u0430\u043d\u0441\u043e\u0432 \u0443 \u0441\u043e\u043f\u0435\u0440\u043d\u0438\u043a\u0430 \u043d\u0435 \u043c\u043d\u043e\u0433\u043e!\u00bb \u00ab\u0424\u0430\u043a\u0435\u043b\u00bb - \u00ab\u0417\u0435\u043d\u0438\u0442-\u041a\u0430\u0437\u0430\u043d\u044c\u00bb - \u041f\u0440\u043e\u0434\u043e\u043b\u0436\u0438\u0442\u0435\u043b\u044c\u043d\u043e\u0441\u0442\u044c: 6:20","result_snippet_text":"\u041f\u0443\u0442\u0435\u0448\u0435\u0441\u0442\u0432\u0438\u044f \u043d\u0430 \u043a\u0440\u0430\u0439\u043d\u0438\u0439 \u0441\u0435\u0432\u0435\u0440 \u0432\u0441\u0435\u0433\u0434\u0430 \u043d\u0435\u043f\u0440\u043e\u0441\u0442\u043e \u0434\u0430\u044e\u0442\u0441\u044f \u043a\u043e\u043c\u0430\u043d\u0434\u0430\u043c \u043e\u0442\u0435\u0447\u0435\u0441\u0442\u0432\u0435\u043d\u043d\u043e\u0439 \"\u0421\u0443\u043f\u0435\u0440\u043b\u0438\u0433\u0438\". \u0412\u043e\u0442 \u0438 \u0432\u043e\u043b\u0435\u0439\u0431\u043e\u043b\u0438\u0441\u0442\u044b...","result_warc_relative_path":null,"result_warc_byte_offset":null},{"result_id":"24e13952-c09d-5989-ac5b-a52528d48688","result_url":"https:\/\/www.youtube.com\/watch?v=kj5gPAKLPRc","result_domain":"www.youtube.com","result_domain_public_suffix":"com","result_wayback_url":"https:\/\/web.archive.org\/web\/20191204010531\/https:\/\/www.youtube.com\/watch?v=kj5gPAKLPRc","result_wayback_raw_url":"https:\/\/web.archive.org\/web\/20191204010531id_\/https:\/\/www.youtube.com\/watch?v=kj5gPAKLPRc","result_snippet_rank":3,"result_snippet_title":"\u041c\u0430\u0441\u0442\u0435\u0440-\u043a\u043b\u0430\u0441\u0441. \u0412\u043e\u043b\u044c\u0432\u0438\u0447, \u0411\u0443\u0442\u044c\u043a\u043e, \u041a\u0440\u043e\u0442\u043a\u043e\u0432. \u0410\u0442\u0430\u043a\u0430 \u043f\u0435\u0440\u0432\u044b\u043c \u0442\u0435\u043c\u043f\u043e\u043c. \u0427\u0430\u0441\u0442\u044c 1 \/ Master class by Volvich - \u041f\u0440\u043e\u0434\u043e\u043b\u0436\u0438\u0442\u0435\u043b\u044c\u043d\u043e\u0441\u0442\u044c: 10:46","result_snippet_text":"\u0421\u043f\u0435\u0446\u0438\u0430\u043b\u044c\u043d\u043e \u0434\u043b\u044f \u0437\u0440\u0438\u0442\u0435\u043b\u0435\u0439 ZTV \u0432\u043e\u043b\u0435\u0439\u0431\u043e\u043b\u0438\u0441\u0442\u044b \"\u0417\u0435\u043d\u0438\u0442-\u041a\u0430\u0437\u0430\u043d\u044c\" \u0410\u0440\u0442\u0435\u043c <em>\u0412\u043e\u043b\u044c\u0432\u0438\u0447<\/em>, \u0410\u043b\u0435\u043a\u0441\u0430\u043d\u0434\u0440 \u0411\u0443\u0442\u044c\u043a\u043e \u0438 \u0412\u0430\u043b\u0435\u043d\u0442\u0438\u043d \u041a\u0440\u043e\u0442\u043a...","result_warc_relative_path":null,"result_warc_byte_offset":null},{"result_id":"7c15f167-9bcd-5241-8c00-35fa290eb217","result_url":"https:\/\/www.youtube.com\/watch?v=4CShee_pes8","result_domain":"www.youtube.com","result_domain_public_suffix":"com","result_wayback_url":"https:\/\/web.archive.org\/web\/20191204010531\/https:\/\/www.youtube.com\/watch?v=4CShee_pes8","result_wayback_raw_url":"https:\/\/web.archive.org\/web\/20191204010531id_\/https:\/\/www.youtube.com\/watch?v=4CShee_pes8","result_snippet_rank":4,"result_snippet_title":"\u041c\u0430\u0441\u0442\u0435\u0440-\u043a\u043b\u0430\u0441\u0441. \u0412\u043e\u043b\u044c\u0432\u0438\u0447, \u0411\u0443\u0442\u044c\u043a\u043e, \u041a\u0440\u043e\u0442\u043a\u043e\u0432. \u0410\u0442\u0430\u043a\u0430 \u043f\u0435\u0440\u0432\u044b\u043c \u0442\u0435\u043c\u043f\u043e\u043c. \u0427\u0430\u0441\u0442\u044c 2 \/ Master class by Volvich - \u041f\u0440\u043e\u0434\u043e\u043b\u0436\u0438\u0442\u0435\u043b\u044c\u043d\u043e\u0441\u0442\u044c: 9:42","result_snippet_text":"\u0412\u043e \u0432\u0442\u043e\u0440\u043e\u0439 \u0447\u0430\u0441\u0442\u0438 \u043c\u0430\u0441\u0442\u0435\u0440-\u043a\u043b\u0430\u0441\u0441\u0430 \u043e\u0442 ZTV \u0432\u043e\u043b\u0435\u0439\u0431\u043e\u043b\u0438\u0441\u0442\u044b \"\u0417\u0435\u043d\u0438\u0442-\u041a\u0430\u0437\u0430\u043d\u044c\" \u0410\u0440\u0442\u0435\u043c <em>\u0412\u043e\u043b\u044c\u0432\u0438\u0447<\/em>, \u0410\u043b\u0435\u043a\u0441\u0430\u043d\u0434\u0440 \u0411\u0443\u0442\u044c\u043a\u043e \u0438 \u0412\u0430\u043b\u0435\u043d\u0442...","result_warc_relative_path":null,"result_warc_byte_offset":null},{"result_id":"3d6c8e82-6d3e-502b-8d16-ee19167f16ee","result_url":"https:\/\/www.youtube.com\/watch?v=MMcp4GTLRvY","result_domain":"www.youtube.com","result_domain_public_suffix":"com","result_wayback_url":"https:\/\/web.archive.org\/web\/20191204010531\/https:\/\/www.youtube.com\/watch?v=MMcp4GTLRvY","result_wayback_raw_url":"https:\/\/web.archive.org\/web\/20191204010531id_\/https:\/\/www.youtube.com\/watch?v=MMcp4GTLRvY","result_snippet_rank":5,"result_snippet_title":"Z Cam | #4 Artem Volvich - \u041f\u0440\u043e\u0434\u043e\u043b\u0436\u0438\u0442\u0435\u043b\u044c\u043d\u043e\u0441\u0442\u044c: 8:19","result_snippet_text":"\u0412\u043e \u0432\u0440\u0435\u043c\u044f \u043d\u0435\u0432\u0435\u0440\u043e\u044f\u0442\u043d\u043e\u0433\u043e \u043f\u043e \u043d\u0430\u043a\u0430\u043b\u0443 \u0438 \u044d\u043c\u043e\u0446\u0438\u044f\u043c \u043c\u0430\u0442\u0447\u0430 \u0441 \u0438\u0442\u0430\u043b\u044c\u044f\u043d\u0441\u043a\u043e\u0439 \"\u041f\u0435\u0440\u0443\u0434\u0436\u0435\u0439\", \u043d\u0430\u0448\u0438 \u043a\u0430\u043c\u0435\u0440\u044b \u0434\u0435\u0440\u0436\u0430\u043b\u0438 \u0432 \u0444\u043e\u043a\u0443\u0441\u0435 \u0446\u0435\u043d\u0442\u0440...","result_warc_relative_path":null,"result_warc_byte_offset":null},{"result_id":"b16358f1-4118-5828-99bb-c61f4f72636e","result_url":"https:\/\/www.youtube.com\/watch?v=hH4kEyl-00c","result_domain":"www.youtube.com","result_domain_public_suffix":"com","result_wayback_url":"https:\/\/web.archive.org\/web\/20191204010531\/https:\/\/www.youtube.com\/watch?v=hH4kEyl-00c","result_wayback_raw_url":"https:\/\/web.archive.org\/web\/20191204010531id_\/https:\/\/www.youtube.com\/watch?v=hH4kEyl-00c","result_snippet_rank":6,"result_snippet_title":"\u0422\u041e\u041f 10 \u043b\u0443\u0447\u0448\u0438\u0445 \u043f\u043e\u0434\u0430\u0447 \u0441\u0435\u0437\u043e\u043d\u0430 2014-2015 \/ TOP 10 serves of season 2014-2015 - \u041f\u0440\u043e\u0434\u043e\u043b\u0436\u0438\u0442\u0435\u043b\u044c\u043d\u043e\u0441\u0442\u044c: 3:48","result_snippet_text":"\u042e\u0431\u0438\u043b\u0435\u0439\u043d\u044b\u0439 15-\u044b\u0439 \u0441\u0435\u0437\u043e\u043d \u0432\u043e\u043b\u0435\u0439\u0431\u043e\u043b\u044c\u043d\u043e\u0433\u043e \u043a\u043b\u0443\u0431\u0430 \"\u0417\u0435\u043d\u0438\u0442-\u041a\u0430\u0437\u0430\u043d\u044c\" \u0437\u043e\u043b\u043e\u0442\u044b\u043c\u0438 \u0431\u0443\u043a\u0432\u0430\u043c\u0438 \u0432\u043f\u0438\u0441\u0430\u043d \u0432 \u0438\u0441\u0442\u043e\u0440\u0438\u044e \u043a\u043e\u043c\u0430\u043d\u0434\u044b \u0438 \u0432\u0441\u0435\u0433\u043e...","result_warc_relative_path":null,"result_warc_byte_offset":null},{"result_id":"45e583a3-a68e-59fc-bd27-93d86d386e6c","result_url":"https:\/\/www.youtube.com\/watch?v=TOz736wfIXU","result_domain":"www.youtube.com","result_domain_public_suffix":"com","result_wayback_url":"https:\/\/web.archive.org\/web\/20191204010531\/https:\/\/www.youtube.com\/watch?v=TOz736wfIXU","result_wayback_raw_url":"https:\/\/web.archive.org\/web\/20191204010531id_\/https:\/\/www.youtube.com\/watch?v=TOz736wfIXU","result_snippet_rank":7,"result_snippet_title":"\u041a\u0430\u043a \u043f\u043e\u0434\u0430\u0432\u0430\u0442\u044c \u0432 \u043f\u0440\u044b\u0436\u043a\u0435? | \u041c\u0430\u0441\u0442\u0435\u0440-\u043a\u043b\u0430\u0441\u0441 \u0418\u0440\u0438\u043d\u044b \u0412\u043e\u0440\u043e\u043d\u043a\u043e\u0432\u043e\u0439 \u043f\u043e \u0441\u0438\u043b\u043e\u0432\u043e\u0439 \u0430\u0442\u0430\u043a\u0435 - \u041f\u0440\u043e\u0434\u043e\u043b\u0436\u0438\u0442\u0435\u043b\u044c\u043d\u043e\u0441\u0442\u044c: 5:01","result_snippet_text":"\u041b\u0443\u0447\u0448\u0438\u0439 \u043f\u043e\u0434\u0430\u044e\u0449\u0438\u0439 \u0447\u0435\u043c\u043f\u0438\u043e\u043d\u0430\u0442\u0430 \u0420\u043e\u0441\u0441\u0438\u0438 \u0418\u0440\u0438\u043d\u0430 \u0412\u043e\u0440\u043e\u043d\u043a\u043e\u0432\u0430 \u0434\u0430\u0435\u0442 \u043c\u0430\u0441\u0442\u0435\u0440-\u043a\u043b\u0430\u0441\u0441 \u043f\u043e \u0441\u0430\u043c\u043e\u0439 \u0441\u043b\u043e\u0436\u043d\u043e\u0439 \u0430\u0442\u0430\u043a\u0435 - \"\u0432 \u043f\u0440\u044b\u0436\u043a\u0435\"....","result_warc_relative_path":null,"result_warc_byte_offset":null},{"result_id":"a0643069-5442-5b0c-aec0-fd14a85602e5","result_url":"https:\/\/www.youtube.com\/watch?v=F9Z3D96gkcE","result_domain":"www.youtube.com","result_domain_public_suffix":"com","result_wayback_url":"https:\/\/web.archive.org\/web\/20191204010531\/https:\/\/www.youtube.com\/watch?v=F9Z3D96gkcE","result_wayback_raw_url":"https:\/\/web.archive.org\/web\/20191204010531id_\/https:\/\/www.youtube.com\/watch?v=F9Z3D96gkcE","result_snippet_rank":8,"result_snippet_title":"\u0412\u043e\u043b\u0435\u0439\u0431\u043e\u043b. \u041d\u0430\u043f\u0430\u0434\u0430\u044e\u0449\u0438\u0439 \u0443\u0434\u0430\u0440. \u0422\u0438\u043f\u0438\u0447\u043d\u044b\u0435 \u043e\u0448\u0438\u0431\u043a\u0438 - \u041f\u0440\u043e\u0434\u043e\u043b\u0436\u0438\u0442\u0435\u043b\u044c\u043d\u043e\u0441\u0442\u044c: 11:38","result_snippet_text":"\u0412\u043e\u043b\u0435\u0439\u0431\u043e\u043b. \u041d\u0430\u043f\u0430\u0434\u0430\u044e\u0449\u0438\u0439 \u0443\u0434\u0430\u0440. \u0422\u0438\u043f\u0438\u0447\u043d\u044b\u0435 \u043e\u0448\u0438\u0431\u043a\u0438. \u041a\u0430\u043a \u043f\u0440\u0430\u0432\u0438\u043b\u044c\u043d\u043e \u0434\u0435\u043b\u0430\u0442\u044c \u043d\u0430\u043f\u0430\u0434\u0430\u044e\u0449\u0438\u0439 \u0443\u0434\u0430\u0440 \u0432 \u0432\u043e\u043b\u0435\u0439\u0431\u043e\u043b\u0435. \u041e\u0431\u0443\u0447\u0435\u043d\u0438\u0435...","result_warc_relative_path":null,"result_warc_byte_offset":null},{"result_id":"335da424-d834-5fb4-ac47-0480c3f90bd0","result_url":"https:\/\/www.youtube.com\/watch?v=M9NnQJXgRTw","result_domain":"www.youtube.com","result_domain_public_suffix":"com","result_wayback_url":"https:\/\/web.archive.org\/web\/20191204010531\/https:\/\/www.youtube.com\/watch?v=M9NnQJXgRTw","result_wayback_raw_url":"https:\/\/web.archive.org\/web\/20191204010531id_\/https:\/\/www.youtube.com\/watch?v=M9NnQJXgRTw","result_snippet_rank":9,"result_snippet_title":"\u041a\u0430\u043a \u043f\u043e\u0434\u0430\u0432\u0430\u0442\u044c \u0432 \u0432\u043e\u043b\u0435\u0439\u0431\u043e\u043b\u0435. \u041c\u0430\u0441\u0442\u0435\u0440-\u043a\u043b\u0430\u0441\u0441 \u043e\u0442 \u0413\u0430\u043c\u043e\u0432\u043e\u0439 \/ How to serve volleyball. Master class by Gamova - \u041f\u0440\u043e\u0434\u043e\u043b\u0436\u0438\u0442\u0435\u043b\u044c\u043d\u043e\u0441\u0442\u044c: 6:33","result_snippet_text":"\u0414\u0438\u0430\u0433\u043e\u043d\u0430\u043b\u044c\u043d\u0430\u044f \"\u0414\u0438\u043d\u0430\u043c\u043e-\u041a\u0430\u0437\u0430\u043d\u044c\" \u0415\u043a\u0430\u0442\u0435\u0440\u0438\u043d\u0430 \u0413\u0430\u043c\u043e\u0432\u0430 \u0440\u0430\u0441\u0441\u043a\u0430\u0437\u0430\u043b\u0430, \u043a\u0430\u043a \u043f\u0440\u0430\u0432\u0438\u043b\u044c\u043d\u043e \u0432\u044b\u043f\u043e\u043b\u043d\u044f\u0442\u044c <em>\u043f\u043e\u0434\u0430\u0447\u0443<\/em> \u0432 \u0432\u043e\u043b\u0435\u0439\u0431\u043e\u043b\u0435....","result_warc_relative_path":null,"result_warc_byte_offset":null},{"result_id":"07bf1e40-34e7-5942-8c4d-c0ef9103f1c3","result_url":"https:\/\/www.youtube.com\/watch?v=en7s-Wv0BHs","result_domain":"www.youtube.com","result_domain_public_suffix":"com","result_wayback_url":"https:\/\/web.archive.org\/web\/20191204010531\/https:\/\/www.youtube.com\/watch?v=en7s-Wv0BHs","result_wayback_raw_url":"https:\/\/web.archive.org\/web\/20191204010531id_\/https:\/\/www.youtube.com\/watch?v=en7s-Wv0BHs","result_snippet_rank":10,"result_snippet_title":"\u041c\u0430\u0441\u0442\u0435\u0440-\u043a\u043b\u0430\u0441\u0441. \u0410\u043b\u0435\u043a\u0441\u0435\u0439 \u0412\u0435\u0440\u0431\u043e\u0432. \u041a\u0430\u043a \u043f\u0440\u0430\u0432\u0438\u043b\u044c\u043d\u043e \u043f\u0440\u0438\u043d\u0438\u043c\u0430\u0442\u044c \u0432 \u0432\u043e\u043b\u0435\u0439\u0431\u043e\u043b\u0435 \/ How to receive in volleyball - \u041f\u0440\u043e\u0434\u043e\u043b\u0436\u0438\u0442\u0435\u043b\u044c\u043d\u043e\u0441\u0442\u044c: 6:26","result_snippet_text":"\u0410\u043b\u0435\u043a\u0441\u0435\u0439 \u0412\u0435\u0440\u0431\u043e\u0432 - \u043e\u0434\u0438\u043d \u0438\u0437 \u043b\u0443\u0447\u0448\u0438\u0445 \u043b\u0438\u0431\u0435\u0440\u043e \u043c\u0438\u0440\u0430. 16 \u043d\u043e\u043c\u0435\u0440 \u043a\u0430\u0437\u0430\u043d\u0441\u043a\u043e\u0433\u043e \"\u0417\u0435\u043d\u0438\u0442\u0430\" \u043f\u043e\u0434\u0435\u043b\u0438\u043b\u0441\u044f \u0441\u043e \u0437\u0440\u0438\u0442\u0435\u043b\u044f\u043c\u0438 ZTV \u0441\u0432\u043e\u0438\u043c\u0438...","result_warc_relative_path":null,"result_warc_byte_offset":null},{"result_id":"9ece4b6d-f2ec-53e1-8880-bdbc798252f7","result_url":"https:\/\/www.youtube.com\/watch?v=xNK4Blp9oXY","result_domain":"www.youtube.com","result_domain_public_suffix":"com","result_wayback_url":"https:\/\/web.archive.org\/web\/20191204010531\/https:\/\/www.youtube.com\/watch?v=xNK4Blp9oXY","result_wayback_raw_url":"https:\/\/web.archive.org\/web\/20191204010531id_\/https:\/\/www.youtube.com\/watch?v=xNK4Blp9oXY","result_snippet_rank":11,"result_snippet_title":"\u041f\u043b\u0430\u043d\u0438\u0440\u0443\u044e\u0449\u0430\u044f \u043f\u043e\u0434\u0430\u0447\u0430 \u043c\u044f\u0447\u0430 \u0441 \u043c\u0435\u0441\u0442\u0430 - \u041f\u0440\u043e\u0434\u043e\u043b\u0436\u0438\u0442\u0435\u043b\u044c\u043d\u043e\u0441\u0442\u044c: 5:57","result_snippet_text":"\u0423\u0447\u0438\u043c\u0441\u044f \u0432\u044b\u043f\u043e\u043b\u043d\u044f\u0442\u044c \u043f\u043b\u0430\u043d\u0435\u0440!","result_warc_relative_path":null,"result_warc_byte_offset":null},{"result_id":"7cce4fcd-ed10-5c75-a61d-f1186c8de880","result_url":"https:\/\/www.youtube.com\/watch?v=13JTgN4GDRg","result_domain":"www.youtube.com","result_domain_public_suffix":"com","result_wayback_url":"https:\/\/web.archive.org\/web\/20191204010531\/https:\/\/www.youtube.com\/watch?v=13JTgN4GDRg","result_wayback_raw_url":"https:\/\/web.archive.org\/web\/20191204010531id_\/https:\/\/www.youtube.com\/watch?v=13JTgN4GDRg","result_snippet_rank":12,"result_snippet_title":"\u041c\u0430\u0441\u0442\u0435\u0440-\u043a\u043b\u0430\u0441\u0441. \u0412\u0430\u043b\u0435\u0440\u0438\u043e \u0412\u0435\u0440\u043c\u0438\u043b\u044c\u043e. \u041a\u0430\u043a \u043f\u0440\u0430\u0432\u0438\u043b\u044c\u043d\u043e \u043f\u0430\u0441\u043e\u0432\u0430\u0442\u044c \u0432 \u0432\u043e\u043b\u0435\u0439\u0431\u043e\u043b\u0435 \/ How to pass in volleyball - \u041f\u0440\u043e\u0434\u043e\u043b\u0436\u0438\u0442\u0435\u043b\u044c\u043d\u043e\u0441\u0442\u044c: 6:11","result_snippet_text":"\u041b\u044e\u0431\u0438\u043c\u0435\u0446 \u043a\u0430\u0437\u0430\u043d\u0441\u043a\u043e\u0439 \u043f\u0443\u0431\u043b\u0438\u043a\u0438 \u0412\u0430\u043b\u0435\u0440\u0438\u043e \u0412\u0435\u0440\u043c\u0438\u043b\u044c\u043e \u0440\u0430\u0441\u0441\u043a\u0430\u0437\u0430\u043b \u043e\u0431 \u043e\u0441\u043e\u0431\u0435\u043d\u043d\u043e\u0441\u0442\u044f\u0445 \u0438\u0433\u0440\u044b \u0441\u0432\u044f\u0437\u0443\u044e\u0449\u0435\u0433\u043e \u0438 \u043f\u043e\u0434\u0435\u043b\u0438\u043b\u0441\u044f \u043b\u044e\u0431\u0438\u043c\u044b\u043c...","result_warc_relative_path":null,"result_warc_byte_offset":null},{"result_id":"795035ec-d7c5-50d3-a0c1-a2cb4153db26","result_url":"https:\/\/www.youtube.com\/watch?v=PXljGyd9owI","result_domain":"www.youtube.com","result_domain_public_suffix":"com","result_wayback_url":"https:\/\/web.archive.org\/web\/20191204010531\/https:\/\/www.youtube.com\/watch?v=PXljGyd9owI","result_wayback_raw_url":"https:\/\/web.archive.org\/web\/20191204010531id_\/https:\/\/www.youtube.com\/watch?v=PXljGyd9owI","result_snippet_rank":13,"result_snippet_title":"MONSTER Volleyball 3-rd Meter Spikes (HD) - \u041f\u0440\u043e\u0434\u043e\u043b\u0436\u0438\u0442\u0435\u043b\u044c\u043d\u043e\u0441\u0442\u044c: 4:05","result_snippet_text":"Instagram---- https:\/\/www.instagram.com\/power.volleyball\/ ---- Music: Track: Skylike - Dawn Link: https:\/\/youtu.be\/Jg9nDEtqWV0\u00a0...","result_warc_relative_path":null,"result_warc_byte_offset":null},{"result_id":"ef592e38-9b53-59d0-b959-3218a888cb70","result_url":"https:\/\/www.youtube.com\/watch?v=vpTib3CtK5Y","result_domain":"www.youtube.com","result_domain_public_suffix":"com","result_wayback_url":"https:\/\/web.archive.org\/web\/20191204010531\/https:\/\/www.youtube.com\/watch?v=vpTib3CtK5Y","result_wayback_raw_url":"https:\/\/web.archive.org\/web\/20191204010531id_\/https:\/\/www.youtube.com\/watch?v=vpTib3CtK5Y","result_snippet_rank":14,"result_snippet_title":"\u041a\u0430\u043a \u0443\u0432\u0435\u043b\u0438\u0447\u0438\u0442\u044c \u043f\u0440\u044b\u0436\u043e\u043a. \u041c\u0430\u0441\u0442\u0435\u0440-\u043a\u043b\u0430\u0441\u0441: \u0412\u0438\u043a\u0442\u043e\u0440 \u041f\u043e\u043b\u0435\u0442\u0430\u0435\u0432, \u0421\u0435\u0440\u0433\u0435\u0439 \u0410\u043b\u0435\u043a\u0441\u0435\u0435\u0432 \/ How to increase jump - \u041f\u0440\u043e\u0434\u043e\u043b\u0436\u0438\u0442\u0435\u043b\u044c\u043d\u043e\u0441\u0442\u044c: 6:30","result_snippet_text":"\u0412\u044b \u0434\u0430\u0432\u043d\u043e \u043f\u0440\u043e\u0441\u0438\u043b\u0438 ZTV \u0434\u0430\u0442\u044c \u043d\u0435\u0441\u043a\u043e\u043b\u044c\u043a\u043e \u0441\u043e\u0432\u0435\u0442\u043e\u0432 \u043e \u0442\u043e\u043c, \u043a\u0430\u043a \u0443\u0432\u0435\u043b\u0438\u0447\u0438\u0442\u044c \u0432\u044b\u0441\u043e\u0442\u0443 \u043f\u0440\u044b\u0436\u043a\u0430. \u0421\u043f\u0435\u0446\u0438\u0430\u043b\u044c\u043d\u043e \u0434\u043b\u044f \u0412\u0430\u0441 \u0442\u0440\u0435\u043d\u0435\u0440...","result_warc_relative_path":null,"result_warc_byte_offset":null},{"result_id":"d18b541d-e71c-5f71-956d-c46cca8c991f","result_url":"https:\/\/www.youtube.com\/watch?v=nThkaGUQVak","result_domain":"www.youtube.com","result_domain_public_suffix":"com","result_wayback_url":"https:\/\/web.archive.org\/web\/20191204010531\/https:\/\/www.youtube.com\/watch?v=nThkaGUQVak","result_wayback_raw_url":"https:\/\/web.archive.org\/web\/20191204010531id_\/https:\/\/www.youtube.com\/watch?v=nThkaGUQVak","result_snippet_rank":15,"result_snippet_title":"\u0412\u043e\u043b\u0435\u0439\u0431\u043e\u043b.\u041e\u043b\u0438\u043c\u043f\u0438\u0439\u0441\u043a\u0438\u0435 \u0418\u0433\u0440\u044b.\u041b\u043e\u043d\u0434\u043e\u043d 2012.\u0420\u043e\u0441\u0441\u0438\u044f-\u0411\u0440\u0430\u0437\u0438\u043b\u0438\u044f.\u0424\u0438\u043d\u0430\u043b HD - \u041f\u0440\u043e\u0434\u043e\u043b\u0436\u0438\u0442\u0435\u043b\u044c\u043d\u043e\u0441\u0442\u044c: 2:59:26","result_snippet_text":"\u042f \u0432 Instagram https:\/\/goo.gl\/YQNtEX.","result_warc_relative_path":null,"result_warc_byte_offset":null},{"result_id":"5009ef9a-bb12-52cc-8465-409437cab663","result_url":"https:\/\/www.youtube.com\/watch?v=wlkzBkhXC2k","result_domain":"www.youtube.com","result_domain_public_suffix":"com","result_wayback_url":"https:\/\/web.archive.org\/web\/20191204010531\/https:\/\/www.youtube.com\/watch?v=wlkzBkhXC2k","result_wayback_raw_url":"https:\/\/web.archive.org\/web\/20191204010531id_\/https:\/\/www.youtube.com\/watch?v=wlkzBkhXC2k","result_snippet_rank":16,"result_snippet_title":"\u041c\u0430\u0441\u0442\u0435\u0440-\u043a\u043b\u0430\u0441\u0441. \u0415\u0432\u0433\u0435\u043d\u0438\u0439 \u0421\u0438\u0432\u043e\u0436\u0435\u043b\u0435\u0437 . \u041a\u0430\u043a \u043f\u0440\u0430\u0432\u0438\u043b\u044c\u043d\u043e \u043f\u043e\u0434\u0430\u0432\u0430\u0442\u044c \u0432 \u0432\u043e\u043b\u0435\u0439\u0431\u043e\u043b\u0435 \/ How to serve in volleyball - \u041f\u0440\u043e\u0434\u043e\u043b\u0436\u0438\u0442\u0435\u043b\u044c\u043d\u043e\u0441\u0442\u044c: 5:14","result_snippet_text":"\u0414\u043e\u0438\u0433\u0440\u043e\u0432\u0449\u0438\u043a \"\u0417\u0435\u043d\u0438\u0442\u0430\" \u0415\u0432\u0433\u0435\u043d\u0438\u0439 \u0421\u0438\u0432\u043e\u0436\u0435\u043b\u0435\u0437 \u0440\u0430\u0441\u0441\u043a\u0430\u0437\u0430\u043b \u0438 \u043f\u043e\u043a\u0430\u0437\u0430\u043b, \u043a\u0430\u043a \u043f\u0440\u0430\u0432\u0438\u043b\u044c\u043d\u043e \u0432\u044b\u043f\u043e\u043b\u043d\u044f\u0442\u044c <em>\u043f\u043e\u0434\u0430\u0447\u0443<\/em> \u0432 \u0432\u043e\u043b\u0435\u0439\u0431\u043e\u043b\u0435.","result_warc_relative_path":null,"result_warc_byte_offset":null},{"result_id":"2b0e3e89-a7b1-5cd4-8cbf-099cf3a136da","result_url":"https:\/\/www.youtube.com\/watch?v=IFNk5FtZzkY","result_domain":"www.youtube.com","result_domain_public_suffix":"com","result_wayback_url":"https:\/\/web.archive.org\/web\/20191204010531\/https:\/\/www.youtube.com\/watch?v=IFNk5FtZzkY","result_wayback_raw_url":"https:\/\/web.archive.org\/web\/20191204010531id_\/https:\/\/www.youtube.com\/watch?v=IFNk5FtZzkY","result_snippet_rank":17,"result_snippet_title":"\u0412\u043e\u043b\u044c\u0432\u0438\u0447 - \u041f\u0440\u043e\u0434\u043e\u043b\u0436\u0438\u0442\u0435\u043b\u044c\u043d\u043e\u0441\u0442\u044c: 1:18","result_snippet_text":"\u041d\u0430\u0448 \u0434\u043e\u0440\u043e\u0433\u043e\u0439 <em>\u0412\u043e\u043b\u044c\u0432\u0438\u0447<\/em> \u0412,\u0418, \u043e\u043d \u0441\u0430\u043c\u044b\u0439 \u043f\u0440\u043e\u0444\u0435\u0441\u0441\u043e\u0440 \u043a\u043e\u0442\u043e\u0440\u044b\u0439 \u0438\u0437\u0443\u0447\u0430\u043b \u0440\u0430\u0441\u0442\u0435\u043d\u0438\u044f \u0438 \u0432\u043e\u0442 \u0434\u043e\u0431\u0438\u043b\u0441\u044f \u0441\u0432\u043e\u0435\u0433\u043e! \u0440\u0430\u0431\u043e\u0442\u0430\u0435\u0442 \u0441...","result_warc_relative_path":null,"result_warc_byte_offset":null},{"result_id":"ca620283-3688-5b69-80ad-3468f13406dd","result_url":"https:\/\/www.youtube.com\/watch?v=J8PQhINgFBw","result_domain":"www.youtube.com","result_domain_public_suffix":"com","result_wayback_url":"https:\/\/web.archive.org\/web\/20191204010531\/https:\/\/www.youtube.com\/watch?v=J8PQhINgFBw","result_wayback_raw_url":"https:\/\/web.archive.org\/web\/20191204010531id_\/https:\/\/www.youtube.com\/watch?v=J8PQhINgFBw","result_snippet_rank":18,"result_snippet_title":"\u042d\u0439\u0441 \u0438 \u0441\u0435\u0440\u0438\u044f \u043f\u043e\u0434\u0430\u0447 \u043e\u0442 \u0410\u043b\u0435\u043a\u0441\u0435\u044f \u0412\u0435\u0440\u0431\u043e\u0432\u0430 \u0432 \u043c\u0430\u0442\u0447\u0435 \u041b\u0438\u0433\u0438 \u0427\u0435\u043c\u043f\u0438\u043e\u043d\u043e\u0432! - \u041f\u0440\u043e\u0434\u043e\u043b\u0436\u0438\u0442\u0435\u043b\u044c\u043d\u043e\u0441\u0442\u044c: 1:56","result_snippet_text":"\u0412 \u043a\u043e\u043d\u0446\u043e\u0432\u043a\u0435 \u043f\u0435\u0440\u0432\u043e\u0433\u043e \u0441\u0435\u0442\u0430 \u043c\u0430\u0442\u0447\u0430 \u0415\u0432\u0440\u043e\u043f\u0435\u0439\u0441\u043a\u043e\u0439 \u041b\u0438\u0433\u0438 \u0427\u0435\u043c\u043f\u0438\u043e\u043d\u043e\u0432 \u043c\u0435\u0436\u0434\u0443 \"\u0417\u0435\u043d\u0438\u0442\u043e\u043c\" \u0438 \u0442\u0443\u0440\u0435\u0446\u043a\u0438\u043c \"\u0410\u0440\u043a\u0430\u0441\u043e\u043c\", \u043d\u0430 <em>\u043f\u043e\u0434\u0430\u0447\u0443<\/em>...","result_warc_relative_path":null,"result_warc_byte_offset":null},{"result_id":"174c9b4c-30f6-5694-ab12-d2b8a71800b6","result_url":"https:\/\/www.youtube.com\/watch?v=xngc1d27EFE","result_domain":"www.youtube.com","result_domain_public_suffix":"com","result_wayback_url":"https:\/\/web.archive.org\/web\/20191204010531\/https:\/\/www.youtube.com\/watch?v=xngc1d27EFE","result_wayback_raw_url":"https:\/\/web.archive.org\/web\/20191204010531id_\/https:\/\/www.youtube.com\/watch?v=xngc1d27EFE","result_snippet_rank":19,"result_snippet_title":"TOP 10 Monster 3rd meter spike by Dmitriy Muserskiy | \u0414\u043c\u0438\u0442\u0440\u0438\u0439 \u041c\u0443\u0441\u0435\u0440\u0441\u043a\u0438\u0439 - \u041f\u0440\u043e\u0434\u043e\u043b\u0436\u0438\u0442\u0435\u043b\u044c\u043d\u043e\u0441\u0442\u044c: 3:18","result_snippet_text":"LIKE A BOSS Compilation | Craziest Moments | Volleyball World \u1d34\u1d30 - https:\/\/www.youtube.com\/watch?v=yelZecgkO68 New Video\u00a0...","result_warc_relative_path":null,"result_warc_byte_offset":null},{"result_id":"32007289-70f8-5b5c-9236-e484ad5d3da4","result_url":"https:\/\/www.youtube.com\/watch?v=Q26SFsvLg1o","result_domain":"www.youtube.com","result_domain_public_suffix":"com","result_wayback_url":"https:\/\/web.archive.org\/web\/20191204010531\/https:\/\/www.youtube.com\/watch?v=Q26SFsvLg1o","result_wayback_raw_url":"https:\/\/web.archive.org\/web\/20191204010531id_\/https:\/\/www.youtube.com\/watch?v=Q26SFsvLg1o","result_snippet_rank":20,"result_snippet_title":"\u0417\u0430 \u043a\u0430\u0434\u0440\u043e\u043c! \u041c\u0430\u0441\u0442\u0435\u0440-\u043a\u043b\u0430\u0441\u0441. \u041a\u0430\u043a \u0430\u0442\u0430\u043a\u043e\u0432\u0430\u0442\u044c \u043f\u0435\u0440\u0432\u044b\u043c \u0442\u0435\u043c\u043f\u043e\u043c. \u0412\u043e\u043b\u044c\u0432\u0438\u0447, \u0411\u0443\u0442\u044c\u043a\u043e, \u041a\u0440\u043e\u0442\u043a\u043e\u0432 - \u041f\u0440\u043e\u0434\u043e\u043b\u0436\u0438\u0442\u0435\u043b\u044c\u043d\u043e\u0441\u0442\u044c: 6:20","result_snippet_text":"\u0421\u043f\u0435\u0446\u0438\u0430\u043b\u044c\u043d\u043e \u0434\u043b\u044f \u0437\u0440\u0438\u0442\u0435\u043b\u0435\u0439 ZTV \u0432\u043e\u043b\u0435\u0439\u0431\u043e\u043b\u0438\u0441\u0442\u044b \u043a\u0430\u0437\u0430\u043d\u0441\u043a\u043e\u0433\u043e \"\u0417\u0435\u043d\u0438\u0442\u0430\" \u0410\u0440\u0442\u0435\u043c <em>\u0412\u043e\u043b\u044c\u0432\u0438\u0447<\/em>, \u0410\u043b\u0435\u043a\u0441\u0430\u043d\u0434\u0440 \u0411\u0443\u0442\u044c\u043a\u043e \u0438 \u0412\u0430\u043b\u0435\u043d\u0442\u0438\u043d...","result_warc_relative_path":null,"result_warc_byte_offset":null},{"result_id":"50c5bde7-7051-578c-87d0-e4f3e9272dd0","result_url":"https:\/\/www.youtube.com\/watch?v=NJ_WZq3cC9g","result_domain":"www.youtube.com","result_domain_public_suffix":"com","result_wayback_url":"https:\/\/web.archive.org\/web\/20191204010531\/https:\/\/www.youtube.com\/watch?v=NJ_WZq3cC9g","result_wayback_raw_url":"https:\/\/web.archive.org\/web\/20191204010531id_\/https:\/\/www.youtube.com\/watch?v=NJ_WZq3cC9g","result_snippet_rank":21,"result_snippet_title":"\u041a\u0410\u041a \u0417\u0410\u0411\u0418\u0412\u0410\u0422\u042c \u0421 \u041f\u041e\u0414\u0410\u0427\u0418 | \u0421\u0415\u041a\u0420\u0415\u0422\u041d\u041e\u0415 \u041e\u0420\u0423\u0416\u0418\u0415 \u0412 \u0412\u041e\u041b\u0415\u0419\u0411\u041e\u041b\u0415 | \u041f\u041b\u0410\u041d\u0415\u0420 | \u0412\u041e\u041b\u0415\u0419\u0411\u041e\u041b | VOLLEYBALL - \u041f\u0440\u043e\u0434\u043e\u043b\u0436\u0438\u0442\u0435\u043b\u044c\u043d\u043e\u0441\u0442\u044c: 5:12","result_snippet_text":"\u0423\u0447\u0438\u043c\u0441\u044f \u043f\u043e\u0434\u0430\u0432\u0430\u0442\u044c \u043f\u043b\u0430\u043d\u0435\u0440! \u0412 \u0438\u0434\u0435\u0430\u043b\u044c\u043d\u043e\u0439 \u043f\u043b\u0430\u043d\u0438\u0440\u0443\u044e\u0449\u0435\u0439 <em>\u043f\u043e\u0434\u0430\u0447\u0435<\/em> \u043c\u044f\u0447 \u043b\u0435\u0442\u0438\u0442 \u0431\u0435\u0437 \u043a\u0430\u043a\u043e\u0433\u043e-\u043b\u0438\u0431\u043e \u0432\u0440\u0430\u0449\u0435\u043d\u0438\u044f. \u0421\u043e\u0431\u0441\u0442\u0432\u0435\u043d\u043d\u043e...","result_warc_relative_path":null,"result_warc_byte_offset":null},{"result_id":"9e75c5e2-99df-5ce1-b629-627f931a03f6","result_url":"https:\/\/www.youtube.com\/watch?v=Sl1fmvKzIBs","result_domain":"www.youtube.com","result_domain_public_suffix":"com","result_wayback_url":"https:\/\/web.archive.org\/web\/20191204010531\/https:\/\/www.youtube.com\/watch?v=Sl1fmvKzIBs","result_wayback_raw_url":"https:\/\/web.archive.org\/web\/20191204010531id_\/https:\/\/www.youtube.com\/watch?v=Sl1fmvKzIBs","result_snippet_rank":22,"result_snippet_title":"\"\u042f \u043d\u0435 \u043f\u0438\u043b \u0432\u0447\u0435\u0440\u0430!\" \u0417\u0430 \u043a\u0430\u0434\u0440\u043e\u043c! \u041c\u0435\u0434\u043e\u0441\u043c\u043e\u0442\u0440 \u0437\u0435\u043d\u0438\u0442\u043e\u0432\u0446\u0435\u0432 - \u041f\u0440\u043e\u0434\u043e\u043b\u0436\u0438\u0442\u0435\u043b\u044c\u043d\u043e\u0441\u0442\u044c: 7:58","result_snippet_text":"\u0421 \u0447\u0443\u0432\u0441\u0442\u0432\u043e\u043c \u044e\u043c\u043e\u0440\u0430 \u0443 \u0432\u043e\u043b\u0435\u0439\u0431\u043e\u043b\u0438\u0441\u0442\u043e\u0432 \u043b\u0443\u0447\u0448\u0435\u0439 \u043a\u043e\u043c\u0430\u043d\u0434\u044b \u043c\u0438\u0440\u0430 \u0432\u0441\u0451 \u0432 \u043f\u043e\u0440\u044f\u0434\u043a\u0435! \u0417\u0435\u043d\u0438\u0442\u043e\u0432\u0446\u044b \u0432\u044b\u0448\u043b\u0438 \u0438\u0437 \u043e\u0442\u043f\u0443\u0441\u043a\u0430 \u0438 \u043f\u0440\u043e\u0432\u0435\u043b\u0438...","result_warc_relative_path":null,"result_warc_byte_offset":null},{"result_id":"7180657f-8eae-59e1-aadf-6eecd0b27dd6","result_url":"https:\/\/www.youtube.com\/watch?v=ZrifOxoOm2Y","result_domain":"www.youtube.com","result_domain_public_suffix":"com","result_wayback_url":"https:\/\/web.archive.org\/web\/20191204010531\/https:\/\/www.youtube.com\/watch?v=ZrifOxoOm2Y","result_wayback_raw_url":"https:\/\/web.archive.org\/web\/20191204010531id_\/https:\/\/www.youtube.com\/watch?v=ZrifOxoOm2Y","result_snippet_rank":23,"result_snippet_title":"\u0410\u0440\u0442\u0435\u043c \u0412\u043e\u043b\u044c\u0432\u0438\u0447: \u00ab\u041c\u044b \u0437\u0430\u0432\u043e\u0435\u0432\u0430\u043b\u0438 \u043e\u043b\u0438\u043c\u043f\u0438\u0439\u0441\u043a\u0443\u044e \u043f\u0443\u0442\u0435\u0432\u043a\u0443, \u043c\u044b \u0435\u0434\u0435\u043c \u0432 \u0422\u043e\u043a\u0438\u043e\u00bb - \u041f\u0440\u043e\u0434\u043e\u043b\u0436\u0438\u0442\u0435\u043b\u044c\u043d\u043e\u0441\u0442\u044c: 1:47","result_snippet_text":"\u041c\u0443\u0436\u0441\u043a\u0430\u044f \u0441\u0431\u043e\u0440\u043d\u0430\u044f \u0420\u043e\u0441\u0441\u0438\u0438 \u043f\u043e \u0432\u043e\u043b\u0435\u0439\u0431\u043e\u043b\u0443 \u043e\u0431\u044b\u0433\u0440\u0430\u043b\u0430 \u0418\u0440\u0430\u043d \u0432 \u043c\u0430\u0442\u0447\u0435 \u043e\u043b\u0438\u043c\u043f\u0438\u0439\u0441\u043a\u043e\u0433\u043e \u043a\u0432\u0430\u043b\u0438\u0444\u0438\u043a\u0430\u0446\u0438\u043e\u043d\u043d\u043e\u0433\u043e \u0442\u0443\u0440\u043d\u0438\u0440\u0430. \u0418\u0442\u043e\u0433\u0438...","result_warc_relative_path":null,"result_warc_byte_offset":null},{"result_id":"6047465b-e4ce-569b-89d6-d2cb9c75a4ac","result_url":"https:\/\/www.youtube.com\/watch?v=bskaBg4bmwE","result_domain":"www.youtube.com","result_domain_public_suffix":"com","result_wayback_url":"https:\/\/web.archive.org\/web\/20191204010531\/https:\/\/www.youtube.com\/watch?v=bskaBg4bmwE","result_wayback_raw_url":"https:\/\/web.archive.org\/web\/20191204010531id_\/https:\/\/www.youtube.com\/watch?v=bskaBg4bmwE","result_snippet_rank":24,"result_snippet_title":"\u0422\u041e\u041f-10 \u043b\u0443\u0447\u0448\u0438\u0445  \u0441\u0438\u043b\u043e\u0432\u044b\u0445 \u043f\u043e\u0434\u0430\u0447 \u0432  \u0432\u043e\u043b\u0435\u0439\u0431\u043e\u043b\u044c\u043d\u044b\u0445 - \u041f\u0440\u043e\u0434\u043e\u043b\u0436\u0438\u0442\u0435\u043b\u044c\u043d\u043e\u0441\u0442\u044c: 1:40","result_snippet_text":null,"result_warc_relative_path":null,"result_warc_byte_offset":null},{"result_id":"a531ff93-5fdb-5daa-9683-6f75585101d4","result_url":"https:\/\/www.youtube.com\/watch?v=p6sxIDK-AMQ","result_domain":"www.youtube.com","result_domain_public_suffix":"com","result_wayback_url":"https:\/\/web.archive.org\/web\/20191204010531\/https:\/\/www.youtube.com\/watch?v=p6sxIDK-AMQ","result_wayback_raw_url":"https:\/\/web.archive.org\/web\/20191204010531id_\/https:\/\/www.youtube.com\/watch?v=p6sxIDK-AMQ","result_snippet_rank":25,"result_snippet_title":"TOP 15 \u00bb Amazing Volleyball Moments by Artem Volvich | Club World Championship 2017 - \u041f\u0440\u043e\u0434\u043e\u043b\u0436\u0438\u0442\u0435\u043b\u044c\u043d\u043e\u0441\u0442\u044c: 2:41","result_snippet_text":"LIKE A BOSS Compilation | Craziest Moments | Volleyball World \u1d34\u1d30 - https:\/\/www.youtube.com\/watch?v=yelZecgkO68 New Video\u00a0...","result_warc_relative_path":null,"result_warc_byte_offset":null},{"result_id":"1a82a017-16c4-5252-bdd8-6592831bdcaa","result_url":"https:\/\/www.youtube.com\/watch?v=qdmVC-43eAM","result_domain":"www.youtube.com","result_domain_public_suffix":"com","result_wayback_url":"https:\/\/web.archive.org\/web\/20191204010531\/https:\/\/www.youtube.com\/watch?v=qdmVC-43eAM","result_wayback_raw_url":"https:\/\/web.archive.org\/web\/20191204010531id_\/https:\/\/www.youtube.com\/watch?v=qdmVC-43eAM","result_snippet_rank":26,"result_snippet_title":"\u041f\u043e\u0434\u0430\u0447\u0430 \u0432 \u0432\u043e\u043b\u0435\u0439\u0431\u043e\u043b\u0435. \u041f\u043b\u0430\u043d\u0435\u0440, \u0441\u0438\u043b\u043e\u0432\u0430\u044f. \u0422\u0435\u0445\u043d\u0438\u043a\u0430. - \u041f\u0440\u043e\u0434\u043e\u043b\u0436\u0438\u0442\u0435\u043b\u044c\u043d\u043e\u0441\u0442\u044c: 3:25","result_snippet_text":"\u041f\u043e\u0434\u043f\u0438\u0441\u0430\u0442\u044c\u0441\u044f \u043d\u0430 \u043a\u0430\u043d\u0430\u043b: https:\/\/goo.gl\/xQwF6i \u041e\u0431\u0443\u0447\u0435\u043d\u0438\u0435 \u0432\u043e\u043b\u0435\u0439\u0431\u043e\u043b\u0443 \u0432 \u041c\u043e\u0441\u043a\u0432\u0435: https:\/\/rusvolley.ru \u0412\u043e\u043b\u0435\u0439\u0431\u043e\u043b\u044c\u043d\u044b\u0435 \u043a\u0435\u043c\u043f\u044b \u043f\u043e\u00a0...","result_warc_relative_path":null,"result_warc_byte_offset":null},{"result_id":"0fb11fbf-d268-556a-a495-800a5840e125","result_url":"https:\/\/www.youtube.com\/watch?v=c9UHknkDcBw","result_domain":"www.youtube.com","result_domain_public_suffix":"com","result_wayback_url":"https:\/\/web.archive.org\/web\/20191204010531\/https:\/\/www.youtube.com\/watch?v=c9UHknkDcBw","result_wayback_raw_url":"https:\/\/web.archive.org\/web\/20191204010531id_\/https:\/\/www.youtube.com\/watch?v=c9UHknkDcBw","result_snippet_rank":27,"result_snippet_title":"10 \u044d\u0439\u0441\u043e\u0432 \u0412\u0438\u043b\u044c\u0444\u0440\u0435\u0434\u043e \u041b\u0435\u043e\u043d\u0430 \u0432 \u043c\u0430\u0442\u0447\u0435 \u0441 \u00ab\u041a\u0443\u0437\u0431\u0430\u0441\u0441\u043e\u043c\u00bb - \u041f\u0440\u043e\u0434\u043e\u043b\u0436\u0438\u0442\u0435\u043b\u044c\u043d\u043e\u0441\u0442\u044c: 2:29","result_snippet_text":"\u041a\u0443\u0431\u0438\u043d\u0441\u043a\u0438\u0439 \u0434\u043e\u0438\u0433\u0440\u043e\u0432\u0449\u0438\u043a \u00ab\u0417\u0435\u043d\u0438\u0442\u0430\u00bb \u0432\u043e \u0432\u0442\u043e\u0440\u043e\u043c \u043f\u043e\u043b\u0443\u0444\u0438\u043d\u0430\u043b\u044c\u043d\u043e\u043c \u043c\u0430\u0442\u0447\u0435 \u0441 \u00ab\u041a\u0443\u0437\u0431\u0430\u0441\u0441\u043e\u043c\u00bb \u0443\u0441\u0442\u0430\u043d\u043e\u0432\u0438\u043b \u0440\u0435\u043a\u043e\u0440\u0434 \u0440\u0435\u0437\u0443\u043b\u044c\u0442\u0430\u0442\u0438\u0432\u043d\u043e...","result_warc_relative_path":null,"result_warc_byte_offset":null},{"result_id":"99709230-03c4-508a-b08d-bdf17e8670ec","result_url":"https:\/\/www.youtube.com\/watch?v=yMVdJokHNFk","result_domain":"www.youtube.com","result_domain_public_suffix":"com","result_wayback_url":"https:\/\/web.archive.org\/web\/20191204010531\/https:\/\/www.youtube.com\/watch?v=yMVdJokHNFk","result_wayback_raw_url":"https:\/\/web.archive.org\/web\/20191204010531id_\/https:\/\/www.youtube.com\/watch?v=yMVdJokHNFk","result_snippet_rank":28,"result_snippet_title":"\u041d\u043e\u0432\u043e\u0433\u043e\u0434\u043d\u0438\u0439 #\u0441\u043f\u0440\u043e\u0441\u0438\u0437\u0435\u043d\u0438\u0442 \u0410\u0440\u0442\u0435\u043c \u0412\u043e\u043b\u044c\u0432\u0438\u0447 \/ New year #askzenit Artem Volvich - \u041f\u0440\u043e\u0434\u043e\u043b\u0436\u0438\u0442\u0435\u043b\u044c\u043d\u043e\u0441\u0442\u044c: 5:30","result_snippet_text":"\u0412 \u043a\u0430\u043d\u0443\u043d \u041d\u043e\u0432\u043e\u0433\u043e \u0433\u043e\u0434\u0430 \u0431\u043b\u043e\u043a\u0438\u0440\u0443\u044e\u0449\u0438\u0439 \u0432\u043e\u043b\u0435\u0439\u0431\u043e\u043b\u044c\u043d\u043e\u0433\u043e \u043a\u043b\u0443\u0431\u0430 \"\u0417\u0435\u043d\u0438\u0442-\u041a\u0430\u0437\u0430\u043d\u044c\" \u0410\u0440\u0442\u0435\u043c \u0412\u043e\u043b\u044c\u0432\u0447\u0438 \u043e\u0442\u0432\u0435\u0442\u0438\u043b \u043d\u0430 \u043f\u0440\u0430\u0437\u0434\u043d\u0438\u0447\u043d\u044b\u0435...","result_warc_relative_path":null,"result_warc_byte_offset":null}],"search_provider_name":"youtube","search_provider_alexa_domain":"youtube.com","search_provider_alexa_domain_public_suffix":"com","search_provider_alexa_rank":2,"search_provider_category":"media-sharing"}
