{"result_id":"8a3af2f7-ca3c-5fb4-8435-304f5af15c3f","result_url":"http:\/\/es.aliexpress.com\/store\/product\/2015-New-Summer-Tops-Tees-Boys-football-T-shirt-Short-Sleeve-Baby-t-shirts-Kids-Embroidery\/1381707_32276860049.html","result_domain":"es.aliexpress.com","result_domain_public_suffix":"com","result_wayback_url":"https:\/\/web.archive.org\/web\/20150627043200\/http:\/\/es.aliexpress.com\/store\/product\/2015-New-Summer-Tops-Tees-Boys-football-T-shirt-Short-Sleeve-Baby-t-shirts-Kids-Embroidery\/1381707_32276860049.html","result_wayback_raw_url":"https:\/\/web.archive.org\/web\/20150627043200id_\/http:\/\/es.aliexpress.com\/store\/product\/2015-New-Summer-Tops-Tees-Boys-football-T-shirt-Short-Sleeve-Baby-t-shirts-Kids-Embroidery\/1381707_32276860049.html","result_snippet_rank":1,"result_snippet_title":"2015 nuevo verano Tops camisetas de f\u00fatbol del balompi\u00e9 beb\u00e9 corto manga camiseta camisetas ni\u00f1os del bordado camisetas de los n...","result_snippet_text":null,"result_warc_relative_path":null,"result_warc_byte_offset":null,"serp_id":"6dd21f78-1a4f-54d3-9c94-950e36e4028b","serp_url":"http:\/\/www.aliexpress.com\/w\/wholesale-jersey-american-football.html?SearchText=jersey%2Bamerican%2Bfootball&CatId=1501&shipCountry=us","serp_timestamp":1435372320000,"serp_wayback_url":"https:\/\/web.archive.org\/web\/20150627043200\/http:\/\/www.aliexpress.com\/w\/wholesale-jersey-american-football.html?SearchText=jersey%2Bamerican%2Bfootball&CatId=1501&shipCountry=us","serp_wayback_raw_url":"https:\/\/web.archive.org\/web\/20150627043200id_\/http:\/\/www.aliexpress.com\/w\/wholesale-jersey-american-football.html?SearchText=jersey%2Bamerican%2Bfootball&CatId=1501&shipCountry=us","serp_page":null,"serp_offset":null,"serp_query_text_url":"jersey+american+football","serp_query_text_url_language":null,"serp_query_text_html":"jersey american football","serp_warc_relative_path":"focused\/archived-raw-serps\/aliexpress\/aliexpress.com%2Fw%2Fwholesale\/0000000041\/0000000000.warc.gz","serp_warc_byte_offset":513050,"search_provider_name":"aliexpress","search_provider_alexa_domain":"aliexpress.com","search_provider_alexa_domain_public_suffix":"com","search_provider_alexa_rank":33,"search_provider_category":"e-commerce"}
