{"result_id":"22004f48-fd83-5998-b21f-7e189db63d7c","result_url":"https:\/\/www.ebay.it\/itm\/252135139110?hash=item3ab46ce726:g:LogAAOSwZQ9iLv5d&amdata=enc%3AAQAHAAAA8DzjNbCnt2N85xEEGbLmCg%2FMMCQ2BfNkuXqsKDTrbO%2FrUzxJwfzX2q%2FjyFB8ccePRShtkl67xMrliiLco7CuKjwWYlZTNW2PNtDMQ7l2Ug21Ddd9PB%2BiIeS718hIfIHslNcjnbKI65UsfGO1KuSroWQsfZpO%2FrK8FtpR2G8H7akcsXFx5SyCwY5On%2Bp4XjiN62oxXNdRmi87lE9f0RD9BS2vDkCuBFSbyVgdpvIUuLlNb63DFK%2BtfBv7TpiNla9WjE7Fm3MI5NGgWGEG0kZWYvQ1Ceo1f78Ci0jKbEqPocLOSpT03IMfBhwqjyGiBLXokA%3D%3D%7Ctkp%3ABk9SR6iqx4TdYA","result_domain":"www.ebay.it","result_domain_public_suffix":"it","result_wayback_url":"https:\/\/web.archive.org\/web\/20220829062747\/https:\/\/www.ebay.it\/itm\/252135139110?hash=item3ab46ce726:g:LogAAOSwZQ9iLv5d&amdata=enc%3AAQAHAAAA8DzjNbCnt2N85xEEGbLmCg%2FMMCQ2BfNkuXqsKDTrbO%2FrUzxJwfzX2q%2FjyFB8ccePRShtkl67xMrliiLco7CuKjwWYlZTNW2PNtDMQ7l2Ug21Ddd9PB%2BiIeS718hIfIHslNcjnbKI65UsfGO1KuSroWQsfZpO%2FrK8FtpR2G8H7akcsXFx5SyCwY5On%2Bp4XjiN62oxXNdRmi87lE9f0RD9BS2vDkCuBFSbyVgdpvIUuLlNb63DFK%2BtfBv7TpiNla9WjE7Fm3MI5NGgWGEG0kZWYvQ1Ceo1f78Ci0jKbEqPocLOSpT03IMfBhwqjyGiBLXokA%3D%3D%7Ctkp%3ABk9SR6iqx4TdYA","result_wayback_raw_url":"https:\/\/web.archive.org\/web\/20220829062747id_\/https:\/\/www.ebay.it\/itm\/252135139110?hash=item3ab46ce726:g:LogAAOSwZQ9iLv5d&amdata=enc%3AAQAHAAAA8DzjNbCnt2N85xEEGbLmCg%2FMMCQ2BfNkuXqsKDTrbO%2FrUzxJwfzX2q%2FjyFB8ccePRShtkl67xMrliiLco7CuKjwWYlZTNW2PNtDMQ7l2Ug21Ddd9PB%2BiIeS718hIfIHslNcjnbKI65UsfGO1KuSroWQsfZpO%2FrK8FtpR2G8H7akcsXFx5SyCwY5On%2Bp4XjiN62oxXNdRmi87lE9f0RD9BS2vDkCuBFSbyVgdpvIUuLlNb63DFK%2BtfBv7TpiNla9WjE7Fm3MI5NGgWGEG0kZWYvQ1Ceo1f78Ci0jKbEqPocLOSpT03IMfBhwqjyGiBLXokA%3D%3D%7Ctkp%3ABk9SR6iqx4TdYA","result_snippet_rank":38,"result_snippet_title":"MATERASSO ALLA FRANCESE 140X200 H22 CM MEMORY RAINBOW ALOE VERA ANTIACARO 5 ZONE","result_snippet_text":null,"result_warc_relative_path":null,"result_warc_byte_offset":null,"serp_id":"ddad4ab7-1050-58a3-a0ec-5fb52d89da66","serp_url":"https:\/\/www.ebay.it\/sch\/i.html?_from=R40&_nkw=Materasso+Mlily+Memory&mkcid=1&mkrid=724-53478-19255-0&siteid=101&campid=5338465136&customid=&toolid=10001&mkevt=1","serp_timestamp":1661747267000,"serp_wayback_url":"https:\/\/web.archive.org\/web\/20220829062747\/https:\/\/www.ebay.it\/sch\/i.html?_from=R40&_nkw=Materasso+Mlily+Memory&mkcid=1&mkrid=724-53478-19255-0&siteid=101&campid=5338465136&customid=&toolid=10001&mkevt=1","serp_wayback_raw_url":"https:\/\/web.archive.org\/web\/20220829062747id_\/https:\/\/www.ebay.it\/sch\/i.html?_from=R40&_nkw=Materasso+Mlily+Memory&mkcid=1&mkrid=724-53478-19255-0&siteid=101&campid=5338465136&customid=&toolid=10001&mkevt=1","serp_page":null,"serp_offset":null,"serp_query_text_url":"Materasso Mlily Memory","serp_query_text_url_language":"en","serp_query_text_html":"Materasso Mlily Memory","serp_warc_relative_path":"focused\/archived-raw-serps\/ebay\/ebay.it%2Fsch%2Fi.html%3F\/0000000002\/0000000000.warc.gz","serp_warc_byte_offset":28385865,"search_provider_name":"ebay","search_provider_alexa_domain":"ebay.com","search_provider_alexa_domain_public_suffix":"com","search_provider_alexa_rank":31,"search_provider_category":"e-commerce"}
