{"serp_id":"afbb1256-ffa0-5ba4-a450-6a89aa2f3f59","serp_url":"https:\/\/scholar.google.com\/scholar?q=Tripanosomas+semelhantes+do+Trypanosoma+cruzi+em+animais+silvestres+e+sua+identificao+com+o+agente+etiologico+da+doenca+de+chagas+Barreto+1965","serp_timestamp":1560998746000,"serp_wayback_url":"https:\/\/web.archive.org\/web\/20190620044546\/https:\/\/scholar.google.com\/scholar?q=Tripanosomas+semelhantes+do+Trypanosoma+cruzi+em+animais+silvestres+e+sua+identificao+com+o+agente+etiologico+da+doenca+de+chagas+Barreto+1965","serp_wayback_raw_url":"https:\/\/web.archive.org\/web\/20190620044546id_\/https:\/\/scholar.google.com\/scholar?q=Tripanosomas+semelhantes+do+Trypanosoma+cruzi+em+animais+silvestres+e+sua+identificao+com+o+agente+etiologico+da+doenca+de+chagas+Barreto+1965","serp_page":null,"serp_offset":null,"serp_query_text_url":"Tripanosomas semelhantes do Trypanosoma cruzi em animais silvestres e sua identificao com o agente etiologico da doenca de chagas Barreto 1965","serp_query_text_url_language":"pt","serp_query_text_html":"Tripanosomas semelhantes do Trypanosoma cruzi em animais silvestres e sua identificao com o agente etiologico da doenca de chagas Barreto 1965","serp_warc_relative_path":"focused\/archived-raw-serps\/google\/scholar.google.com%2Fscholar%3F\/0000001187\/0000000000.warc.gz","serp_warc_byte_offset":626,"serp_results":[],"search_provider_name":"google","search_provider_alexa_domain":"google.com","search_provider_alexa_domain_public_suffix":"com","search_provider_alexa_rank":1,"search_provider_category":"search-engine"}
