{"result_id":"d93721f5-4737-51c3-8d47-0671bc876a29","result_url":"https:\/\/www.ebay.fr\/itm\/332449231778?hash=item4d6784b3a2%3Ag%3AkPoAAOSwsYpaCrZ8&LH_BIN=1","result_domain":"www.ebay.fr","result_domain_public_suffix":"fr","result_wayback_url":"https:\/\/web.archive.org\/web\/20211026163403\/https:\/\/www.ebay.fr\/itm\/332449231778?hash=item4d6784b3a2%3Ag%3AkPoAAOSwsYpaCrZ8&LH_BIN=1","result_wayback_raw_url":"https:\/\/web.archive.org\/web\/20211026163403id_\/https:\/\/www.ebay.fr\/itm\/332449231778?hash=item4d6784b3a2%3Ag%3AkPoAAOSwsYpaCrZ8&LH_BIN=1","result_snippet_rank":61,"result_snippet_title":"CRYSTAL AURUM 2X 001 AUR2 Swarovski 5328 Xilion Bobine biconique Perles Or 4 Mm 1 brut 144","result_snippet_text":null,"result_warc_relative_path":null,"result_warc_byte_offset":null,"serp_id":"1f6fd756-b7df-50af-8c23-2d426d5fd772","serp_url":"https:\/\/www.ebay.fr\/sch\/i.html?_from=R40&_trksid=m570.l1313&_nkw=X812003-001&_sacat=0&LH_TitleDesc=0&_udlo=3&toolid=10001&_blrs=recall_filtering&mkcid=1&campid=5337603625&LH_BIN=1&_odkw=microsoft+%28hdd%2Ctransfer%29+xbox+%28drive%2Ccable%2Ccables%29&_sop=15&siteid=71&_ipg=200&mkrid=709-53476-19255-0&customid=windows-search-cat-1249-dom-gamecableadapter.com%2Fmicrosoft-x812003001-x815251002-genuine-hard-serv-3KX16CORE-sent-FRtoFR-ref-www.bing.com-formtop","serp_timestamp":1635258843000,"serp_wayback_url":"https:\/\/web.archive.org\/web\/20211026163403\/https:\/\/www.ebay.fr\/sch\/i.html?_from=R40&_trksid=m570.l1313&_nkw=X812003-001&_sacat=0&LH_TitleDesc=0&_udlo=3&toolid=10001&_blrs=recall_filtering&mkcid=1&campid=5337603625&LH_BIN=1&_odkw=microsoft+%28hdd%2Ctransfer%29+xbox+%28drive%2Ccable%2Ccables%29&_sop=15&siteid=71&_ipg=200&mkrid=709-53476-19255-0&customid=windows-search-cat-1249-dom-gamecableadapter.com%2Fmicrosoft-x812003001-x815251002-genuine-hard-serv-3KX16CORE-sent-FRtoFR-ref-www.bing.com-formtop","serp_wayback_raw_url":"https:\/\/web.archive.org\/web\/20211026163403id_\/https:\/\/www.ebay.fr\/sch\/i.html?_from=R40&_trksid=m570.l1313&_nkw=X812003-001&_sacat=0&LH_TitleDesc=0&_udlo=3&toolid=10001&_blrs=recall_filtering&mkcid=1&campid=5337603625&LH_BIN=1&_odkw=microsoft+%28hdd%2Ctransfer%29+xbox+%28drive%2Ccable%2Ccables%29&_sop=15&siteid=71&_ipg=200&mkrid=709-53476-19255-0&customid=windows-search-cat-1249-dom-gamecableadapter.com%2Fmicrosoft-x812003001-x815251002-genuine-hard-serv-3KX16CORE-sent-FRtoFR-ref-www.bing.com-formtop","serp_page":null,"serp_offset":null,"serp_query_text_url":"X812003-001","serp_query_text_url_language":"uk","serp_query_text_html":"X812003-001","serp_warc_relative_path":"focused\/archived-raw-serps\/ebay\/ebay.fr%2Fsch%2Fi.html%3F\/0000000002\/0000000000.warc.gz","serp_warc_byte_offset":162515,"search_provider_name":"ebay","search_provider_alexa_domain":"ebay.com","search_provider_alexa_domain_public_suffix":"com","search_provider_alexa_rank":31,"search_provider_category":"e-commerce"}
