{"result_id":"3a1a28de-d1a0-5bc1-bf2c-b42303612db0","result_url":"https:\/\/www.amazon.com.br\/Kingdom-Hearts-Melody-Memory-PlayStation\/dp\/B08KHRGZ3F\/ref=sr_1_13?dchild=1&keywords=playsatiton+5&linkCode=sl2&linkId=7270eca69574c3fd214c92e96a3363e6&qid=1634856889&sr=8-13&ufe=app_do%3Aamzn1.fos.6a09f7ec-d911-4889-ad70-de8dd83c8a74","result_domain":"www.amazon.com.br","result_domain_public_suffix":"com.br","result_wayback_url":"https:\/\/web.archive.org\/web\/20211021225449\/https:\/\/www.amazon.com.br\/Kingdom-Hearts-Melody-Memory-PlayStation\/dp\/B08KHRGZ3F\/ref=sr_1_13?dchild=1&keywords=playsatiton+5&linkCode=sl2&linkId=7270eca69574c3fd214c92e96a3363e6&qid=1634856889&sr=8-13&ufe=app_do%3Aamzn1.fos.6a09f7ec-d911-4889-ad70-de8dd83c8a74","result_wayback_raw_url":"https:\/\/web.archive.org\/web\/20211021225449id_\/https:\/\/www.amazon.com.br\/Kingdom-Hearts-Melody-Memory-PlayStation\/dp\/B08KHRGZ3F\/ref=sr_1_13?dchild=1&keywords=playsatiton+5&linkCode=sl2&linkId=7270eca69574c3fd214c92e96a3363e6&qid=1634856889&sr=8-13&ufe=app_do%3Aamzn1.fos.6a09f7ec-d911-4889-ad70-de8dd83c8a74","result_snippet_rank":14,"result_snippet_title":"Kingdom Hearts: Melody Of Memory PlayStation 4","result_snippet_text":null,"result_warc_relative_path":null,"result_warc_byte_offset":null,"serp_id":"6456beea-96b7-5c69-8e22-ff92924c3d16","serp_url":"https:\/\/www.amazon.com.br\/s?k=playsatiton+5&linkCode=sl2&tag=jsh0f-20&linkId=7270eca69574c3fd214c92e96a3363e6&language=pt_BR&ref_=as_li_ss_tl","serp_timestamp":1634849689000,"serp_wayback_url":"https:\/\/web.archive.org\/web\/20211021225449\/https:\/\/www.amazon.com.br\/s?k=playsatiton+5&linkCode=sl2&tag=jsh0f-20&linkId=7270eca69574c3fd214c92e96a3363e6&language=pt_BR&ref_=as_li_ss_tl","serp_wayback_raw_url":"https:\/\/web.archive.org\/web\/20211021225449id_\/https:\/\/www.amazon.com.br\/s?k=playsatiton+5&linkCode=sl2&tag=jsh0f-20&linkId=7270eca69574c3fd214c92e96a3363e6&language=pt_BR&ref_=as_li_ss_tl","serp_page":null,"serp_offset":null,"serp_query_text_url":"playsatiton 5","serp_query_text_url_language":"lt","serp_query_text_html":"playsatiton 5","serp_warc_relative_path":"focused\/archived-raw-serps\/amazon\/amazon.com.br%2Fs%3F\/0000000004\/0000000000.warc.gz","serp_warc_byte_offset":68559915,"search_provider_name":"amazon","search_provider_alexa_domain":"amazon.com","search_provider_alexa_domain_public_suffix":"com","search_provider_alexa_rank":10,"search_provider_category":"e-commerce"}
