{"result_id":"c8708d9a-a1a5-5fbd-9517-22cc31e96003","result_url":"https:\/\/www.youtube.com\/watch?v=DRklV6CamSE","result_domain":"www.youtube.com","result_domain_public_suffix":"com","result_wayback_url":"https:\/\/web.archive.org\/web\/20200203014735\/https:\/\/www.youtube.com\/watch?v=DRklV6CamSE","result_wayback_raw_url":"https:\/\/web.archive.org\/web\/20200203014735id_\/https:\/\/www.youtube.com\/watch?v=DRklV6CamSE","result_snippet_rank":19,"result_snippet_title":"\u041a\u043e\u043b\u0435\u0441\u043e \u043e\u0431\u043e\u0437\u0440\u0435\u043d\u0438\u044f-\u0421\u0443\u0434\u0430\u043a, \u0441\u0442\u043e\u0438\u043c\u043e\u0441\u0442\u044c, \u043e\u0442\u043b\u0438\u0447\u043d\u044b\u0439 \u0432\u0438\u0434 \u043d\u0430 \u0437\u0430\u043a\u0430\u0442. - \u041f\u0440\u043e\u0434\u043e\u043b\u0436\u0438\u0442\u0435\u043b\u044c\u043d\u043e\u0441\u0442\u044c: 4:00","result_snippet_text":"\u0412\u0441\u0435\u043c \u043f\u0440\u0438\u0432\u0435\u0442! \u041f\u0440\u0438\u0433\u043b\u0430\u0448\u0430\u0435\u043c \u043f\u0440\u043e\u043a\u0430\u0442\u0438\u0442\u044c\u0441\u044f \u0432\u043c\u0435\u0441\u0442\u0435 \u0441 \u043d\u0430\u043c\u0438 \u043d\u0430 \u043a\u043e\u043b\u0435\u0441\u0435 \u043e\u0431\u043e\u0437\u0440\u0435\u043d\u0438\u044f \u0432 \u0433.<em>\u0421\u0443\u0434\u0430\u043a<\/em>.\u041d\u0435 \u0437\u0430\u0431\u044b\u0432\u0430\u0435\u043c \u0441\u0442\u0430\u0432\u0438\u0442\u044c...","result_warc_relative_path":null,"result_warc_byte_offset":null,"serp_id":"4cc0fbc2-5925-53b9-9694-33d710292842","serp_url":"https:\/\/www.youtube.com\/results?search_query=%D1%81%D1%83%D0%B4%D0%B0%D0%BA+2019+%D0%B0%D1%82%D1%82%D1%80%D0%B0%D0%BA%D1%86%D0%B8%D0%BE%D0%BD%D1%8B","serp_timestamp":1580690855000,"serp_wayback_url":"https:\/\/web.archive.org\/web\/20200203014735\/https:\/\/www.youtube.com\/results?search_query=%D1%81%D1%83%D0%B4%D0%B0%D0%BA+2019+%D0%B0%D1%82%D1%82%D1%80%D0%B0%D0%BA%D1%86%D0%B8%D0%BE%D0%BD%D1%8B","serp_wayback_raw_url":"https:\/\/web.archive.org\/web\/20200203014735id_\/https:\/\/www.youtube.com\/results?search_query=%D1%81%D1%83%D0%B4%D0%B0%D0%BA+2019+%D0%B0%D1%82%D1%82%D1%80%D0%B0%D0%BA%D1%86%D0%B8%D0%BE%D0%BD%D1%8B","serp_page":null,"serp_offset":null,"serp_query_text_url":"\u0441\u0443\u0434\u0430\u043a 2019 \u0430\u0442\u0442\u0440\u0430\u043a\u0446\u0438\u043e\u043d\u044b","serp_query_text_url_language":"be","serp_query_text_html":"\u0441\u0443\u0434\u0430\u043a 2019 \u0430\u0442\u0442\u0440\u0430\u043a\u0446\u0438\u043e\u043d\u044b","serp_warc_relative_path":"focused\/archived-raw-serps\/youtube\/youtube.com%2Fresults%3F\/0000000807\/0000000000.warc.gz","serp_warc_byte_offset":387589,"search_provider_name":"youtube","search_provider_alexa_domain":"youtube.com","search_provider_alexa_domain_public_suffix":"com","search_provider_alexa_rank":2,"search_provider_category":"media-sharing"}
