{"result_id":"48b3b517-b074-5cbe-b3c9-4addc206642f","result_url":"https:\/\/www.amazon.com\/32-Thread-Unlocked-Processor-Tomahawk-Motherboard\/dp\/B09L12JMG5\/ref=sr_1_3?geniuslink=true&keywords=AMD+Ryzen+9+5950X&qid=1645671141&sr=8-3","result_domain":"www.amazon.com","result_domain_public_suffix":"com","result_wayback_url":"https:\/\/web.archive.org\/web\/20220224025221\/https:\/\/www.amazon.com\/32-Thread-Unlocked-Processor-Tomahawk-Motherboard\/dp\/B09L12JMG5\/ref=sr_1_3?geniuslink=true&keywords=AMD+Ryzen+9+5950X&qid=1645671141&sr=8-3","result_wayback_raw_url":"https:\/\/web.archive.org\/web\/20220224025221id_\/https:\/\/www.amazon.com\/32-Thread-Unlocked-Processor-Tomahawk-Motherboard\/dp\/B09L12JMG5\/ref=sr_1_3?geniuslink=true&keywords=AMD+Ryzen+9+5950X&qid=1645671141&sr=8-3","result_snippet_rank":4,"result_snippet_title":"Micro Center AMD Ryzen 9 5950X 16-Core 32-Thread AM4 Unlocked Desktop Processor with MSI MAG X570 Tomahawk WiFi ATX Gaming Motherboard with Core Boost, DDR4 Boost, M.2 Shield Frozr, Wi-Fi 6","result_snippet_text":null,"result_warc_relative_path":null,"result_warc_byte_offset":null,"serp_id":"66b591bc-fcdb-5321-a254-3367c81cb79d","serp_url":"https:\/\/www.amazon.com\/s?k=AMD+Ryzen+9+5950X&geniuslink=true","serp_timestamp":1645667541000,"serp_wayback_url":"https:\/\/web.archive.org\/web\/20220224025221\/https:\/\/www.amazon.com\/s?k=AMD+Ryzen+9+5950X&geniuslink=true","serp_wayback_raw_url":"https:\/\/web.archive.org\/web\/20220224025221id_\/https:\/\/www.amazon.com\/s?k=AMD+Ryzen+9+5950X&geniuslink=true","serp_page":null,"serp_offset":null,"serp_query_text_url":"AMD Ryzen 9 5950X","serp_query_text_url_language":null,"serp_query_text_html":"AMD Ryzen 9 5950X","serp_warc_relative_path":"focused\/archived-raw-serps\/amazon\/amazon.com%2Fs%3F\/0000001108\/0000000000.warc.gz","serp_warc_byte_offset":705297,"search_provider_name":"amazon","search_provider_alexa_domain":"amazon.com","search_provider_alexa_domain_public_suffix":"com","search_provider_alexa_rank":10,"search_provider_category":"e-commerce"}
