{"result_id":"b97ced3d-709c-50d0-a503-64fcda7d33ac","result_url":"https:\/\/rodaleinstitute.org\/blog\/what-bidens-climate-plan-means-for-regenerative-ag\/","result_domain":"rodaleinstitute.org","result_domain_public_suffix":"org","result_wayback_url":"https:\/\/web.archive.org\/web\/20210423062233\/https:\/\/rodaleinstitute.org\/blog\/what-bidens-climate-plan-means-for-regenerative-ag\/","result_wayback_raw_url":"https:\/\/web.archive.org\/web\/20210423062233id_\/https:\/\/rodaleinstitute.org\/blog\/what-bidens-climate-plan-means-for-regenerative-ag\/","result_snippet_rank":10,"result_snippet_title":"What Biden's Climate Plan Means For Regenerative Ag ...","result_snippet_text":"1 Feb 2021 \u2014 President Joe <em>Biden<\/em> has introduced an ambitious climate plan for the ... on soil microbiome, <em>reduced<\/em> tilling, <em>livestock<\/em> integration, and more.","result_warc_relative_path":null,"result_warc_byte_offset":null,"serp_id":"01cc02b3-ac60-55c2-8b04-2146ba65f216","serp_url":"https:\/\/www.google.com\/search?q=biden+reduce+livestock","serp_timestamp":1619151753000,"serp_wayback_url":"https:\/\/web.archive.org\/web\/20210423062233\/https:\/\/www.google.com\/search?q=biden+reduce+livestock","serp_wayback_raw_url":"https:\/\/web.archive.org\/web\/20210423062233id_\/https:\/\/www.google.com\/search?q=biden+reduce+livestock","serp_page":null,"serp_offset":null,"serp_query_text_url":"biden reduce livestock","serp_query_text_url_language":null,"serp_query_text_html":"biden reduce livestock","serp_warc_relative_path":"focused\/archived-raw-serps\/google\/google.com%2Fsearch%3F\/0000002547\/0000000000.warc.gz","serp_warc_byte_offset":420323,"search_provider_name":"google","search_provider_alexa_domain":"google.com","search_provider_alexa_domain_public_suffix":"com","search_provider_alexa_rank":1,"search_provider_category":"search-engine"}
