{"result_id":"888dc065-4733-5ec9-ad76-562dff5efa8c","result_url":"https:\/\/stackoverflow.com\/questions\/43366627\/cracks-in-webaudio-playback-during-streaming-of-raw-audio-data","result_domain":"stackoverflow.com","result_domain_public_suffix":"com","result_wayback_url":"https:\/\/web.archive.org\/web\/20200518111006\/https:\/\/stackoverflow.com\/questions\/43366627\/cracks-in-webaudio-playback-during-streaming-of-raw-audio-data","result_wayback_raw_url":"https:\/\/web.archive.org\/web\/20200518111006id_\/https:\/\/stackoverflow.com\/questions\/43366627\/cracks-in-webaudio-playback-during-streaming-of-raw-audio-data","result_snippet_rank":6,"result_snippet_title":"Cracks in webaudio playback during streaming of raw audio data","result_snippet_text":"I have a server sending chunks of raw audio over a websocket. The idea is to retrieve those and play them in a way to have the smoothest playback possible.\n\nHere is the most important piece of code:\n\n...","result_warc_relative_path":null,"result_warc_byte_offset":null,"serp_id":"162c8b57-d1ff-5061-8aa2-832e54964d5d","serp_url":"https:\/\/stackoverflow.com\/questions\/tagged\/audio-streaming+web-audio-api","serp_timestamp":1589793006000,"serp_wayback_url":"https:\/\/web.archive.org\/web\/20200518111006\/https:\/\/stackoverflow.com\/questions\/tagged\/audio-streaming+web-audio-api","serp_wayback_raw_url":"https:\/\/web.archive.org\/web\/20200518111006id_\/https:\/\/stackoverflow.com\/questions\/tagged\/audio-streaming+web-audio-api","serp_page":null,"serp_offset":null,"serp_query_text_url":"audio-streaming+web-audio-api","serp_query_text_url_language":null,"serp_query_text_html":"[audio-streaming] [web-audio-api]","serp_warc_relative_path":"focused\/archived-raw-serps\/stackoverflow\/stackoverflow.com%2Fquestions%2Ftagged\/0000000060\/0000000000.warc.gz","serp_warc_byte_offset":451128,"search_provider_name":"stackoverflow","search_provider_alexa_domain":"stackoverflow.com","search_provider_alexa_domain_public_suffix":"com","search_provider_alexa_rank":43,"search_provider_category":"question-and-answer"}
