{"serp_id":"f4998b98-d297-583c-a7a3-4c24ce7b4eff","serp_url":"https:\/\/www.youtube.com\/results?search_query=%D0%BC%D0%B8%D1%81%D1%82%D0%B5%D1%80+%D0%BA%D0%BE%D1%82+%D0%BC%D0%B0%D0%B9%D0%BD%D0%BA%D1%80%D0%B0%D1%84%D1%82","serp_timestamp":1579313748000,"serp_wayback_url":"https:\/\/web.archive.org\/web\/20200118031548\/https:\/\/www.youtube.com\/results?search_query=%D0%BC%D0%B8%D1%81%D1%82%D0%B5%D1%80+%D0%BA%D0%BE%D1%82+%D0%BC%D0%B0%D0%B9%D0%BD%D0%BA%D1%80%D0%B0%D1%84%D1%82","serp_wayback_raw_url":"https:\/\/web.archive.org\/web\/20200118031548id_\/https:\/\/www.youtube.com\/results?search_query=%D0%BC%D0%B8%D1%81%D1%82%D0%B5%D1%80+%D0%BA%D0%BE%D1%82+%D0%BC%D0%B0%D0%B9%D0%BD%D0%BA%D1%80%D0%B0%D1%84%D1%82","serp_page":null,"serp_offset":null,"serp_query_text_url":"\u043c\u0438\u0441\u0442\u0435\u0440 \u043a\u043e\u0442 \u043c\u0430\u0439\u043d\u043a\u0440\u0430\u0444\u0442","serp_query_text_url_language":"mk","serp_query_text_html":"\u043c\u0438\u0441\u0442\u0435\u0440 \u043a\u043e\u0442 \u043c\u0430\u0439\u043d\u043a\u0440\u0430\u0444\u0442","serp_warc_relative_path":"focused\/archived-raw-serps\/youtube\/youtube.com%2Fresults%3F\/0000000612\/0000000000.warc.gz","serp_warc_byte_offset":423957,"serp_results":[{"result_id":"66587c6b-d38d-5f61-9603-8685b342d83d","result_url":"https:\/\/www.youtube.com\/watch?v=d_40KXu1hl0","result_domain":"www.youtube.com","result_domain_public_suffix":"com","result_wayback_url":"https:\/\/web.archive.org\/web\/20200118031548\/https:\/\/www.youtube.com\/watch?v=d_40KXu1hl0","result_wayback_raw_url":"https:\/\/web.archive.org\/web\/20200118031548id_\/https:\/\/www.youtube.com\/watch?v=d_40KXu1hl0","result_snippet_rank":1,"result_snippet_title":"\u041c\u0410\u0413\u0410\u0417\u0418\u041d \u0417\u0410 \u0417\u0415\u041c\u041b\u0418 \u0412 \u041c\u0410\u0419\u041d\u041a\u0420\u0410\u0424\u0422 - \u041f\u0440\u043e\u0434\u043e\u043b\u0436\u0438\u0442\u0435\u043b\u044c\u043d\u043e\u0441\u0442\u044c: 17:42","result_snippet_text":null,"result_warc_relative_path":null,"result_warc_byte_offset":null},{"result_id":"3beedd0d-35cd-550b-8051-c483662c8dc0","result_url":"https:\/\/www.youtube.com\/watch?v=KjJia-QuLCU","result_domain":"www.youtube.com","result_domain_public_suffix":"com","result_wayback_url":"https:\/\/web.archive.org\/web\/20200118031548\/https:\/\/www.youtube.com\/watch?v=KjJia-QuLCU","result_wayback_raw_url":"https:\/\/web.archive.org\/web\/20200118031548id_\/https:\/\/www.youtube.com\/watch?v=KjJia-QuLCU","result_snippet_rank":2,"result_snippet_title":"Minecraft - 33 \u043b\u0435\u0442\u043d\u0438\u0439 Mr. Cat \u0432 \u043f\u0435\u0440\u0432\u044b\u0439 \u0440\u0430\u0437 \u043f\u0440\u043e\u0431\u0443\u0435\u0442 \u041c\u0430\u0439\u043d\u043a\u0440\u0430\u0444\u0442! - \u041f\u0440\u043e\u0434\u043e\u043b\u0436\u0438\u0442\u0435\u043b\u044c\u043d\u043e\u0441\u0442\u044c: 15:15","result_snippet_text":"\u041d\u0435\u0441\u0442\u0430\u043d\u0434\u0430\u0440\u0442\u043d\u043e\u0435 \u043f\u0440\u043e\u0445\u043e\u0436\u0434\u0435\u043d\u0438\u0435 Skyrim SE \u0412\u044b\u0436\u0438\u0432\u0430\u043d\u0438\u0435  -- https:\/\/www.youtube.com\/playlist?list=PL9mRuCrDoPYsk2v_90... ...","result_warc_relative_path":null,"result_warc_byte_offset":null},{"result_id":"31df8052-e255-5fc7-a68f-bf4c7779e778","result_url":"https:\/\/www.youtube.com\/watch?v=tKwDRDsVM08","result_domain":"www.youtube.com","result_domain_public_suffix":"com","result_wayback_url":"https:\/\/web.archive.org\/web\/20200118031548\/https:\/\/www.youtube.com\/watch?v=tKwDRDsVM08","result_wayback_raw_url":"https:\/\/web.archive.org\/web\/20200118031548id_\/https:\/\/www.youtube.com\/watch?v=tKwDRDsVM08","result_snippet_rank":3,"result_snippet_title":"Minecraft - \u042f \u0422\u0410\u041a\u041e\u0413\u041e \u041d\u0415 \u041e\u0416\u0418\u0414\u0410\u041b! - \u041f\u0440\u043e\u0434\u043e\u043b\u0436\u0438\u0442\u0435\u043b\u044c\u043d\u043e\u0441\u0442\u044c: 19:54","result_snippet_text":"\u041d\u0435\u0441\u0442\u0430\u043d\u0434\u0430\u0440\u0442\u043d\u043e\u0435 \u043f\u0440\u043e\u0445\u043e\u0436\u0434\u0435\u043d\u0438\u0435 Skyrim SE \u0412\u044b\u0436\u0438\u0432\u0430\u043d\u0438\u0435  -- https:\/\/www.youtube.com\/playlist?list=PL9mRuCrDoPYsk2v_90... ...","result_warc_relative_path":null,"result_warc_byte_offset":null},{"result_id":"b318dc49-6f50-5ed2-869b-075a33d69fc9","result_url":"https:\/\/www.youtube.com\/watch?v=YLNIm0ZrqQA","result_domain":"www.youtube.com","result_domain_public_suffix":"com","result_wayback_url":"https:\/\/web.archive.org\/web\/20200118031548\/https:\/\/www.youtube.com\/watch?v=YLNIm0ZrqQA","result_wayback_raw_url":"https:\/\/web.archive.org\/web\/20200118031548id_\/https:\/\/www.youtube.com\/watch?v=YLNIm0ZrqQA","result_snippet_rank":4,"result_snippet_title":"\u041c\u0410\u0419\u041d\u041a\u0420\u0410\u0424\u0422|MINECRAFT \u041d\u0410 \u0421\u0415\u0420\u0412\u0415\u0420\u0410\u0425 1 - \u041f\u0440\u043e\u0434\u043e\u043b\u0436\u0438\u0442\u0435\u043b\u044c\u043d\u043e\u0441\u0442\u044c: 43:53","result_snippet_text":"<em>\u041c\u0410\u0419\u041d\u041a\u0420\u0410\u0424\u0422<\/em>|<em>MINECRAFT<\/em> \u041d\u0410 \u0421\u0415\u0420\u0412\u0415\u0420\u0410\u0425. \u0427\u0430\u0441\u0442\u044c 1.","result_warc_relative_path":null,"result_warc_byte_offset":null},{"result_id":"a59ad62e-2b24-52cb-bc6c-0ce31f9d78c2","result_url":"https:\/\/www.youtube.com\/watch?v=8KU55i66CJw","result_domain":"www.youtube.com","result_domain_public_suffix":"com","result_wayback_url":"https:\/\/web.archive.org\/web\/20200118031548\/https:\/\/www.youtube.com\/watch?v=8KU55i66CJw","result_wayback_raw_url":"https:\/\/web.archive.org\/web\/20200118031548id_\/https:\/\/www.youtube.com\/watch?v=8KU55i66CJw","result_snippet_rank":5,"result_snippet_title":"Minecraft \u041c\u0410\u041a\u0421 \u041d\u0415 \u041d\u0423\u0411!!! - \u041f\u0440\u043e\u0434\u043e\u043b\u0436\u0438\u0442\u0435\u043b\u044c\u043d\u043e\u0441\u0442\u044c: 19:17","result_snippet_text":"\u041c\u041e\u0419 Instagram \u25bb \u041f\u041e\u0414\u041f\u0418\u0421\u042b\u0412\u0410\u0415\u041c\u0421\u042f!!! https:\/\/www.instagram.com\/officialmistermax\/ \u041c\u043e\u0439 \u0421\u0423\u041f\u0415\u0420 \u043a\u0430\u043d\u0430\u043b <em>Mister<\/em> Max:\u00a0...","result_warc_relative_path":null,"result_warc_byte_offset":null},{"result_id":"fd6bcb2d-4806-532c-9fa0-58ae6c85ca63","result_url":"https:\/\/www.youtube.com\/channel\/UCr4eNGYYzPqLvIjTlluEn0A","result_domain":"www.youtube.com","result_domain_public_suffix":"com","result_wayback_url":"https:\/\/web.archive.org\/web\/20200118031548\/https:\/\/www.youtube.com\/channel\/UCr4eNGYYzPqLvIjTlluEn0A","result_wayback_raw_url":"https:\/\/web.archive.org\/web\/20200118031548id_\/https:\/\/www.youtube.com\/channel\/UCr4eNGYYzPqLvIjTlluEn0A","result_snippet_rank":6,"result_snippet_title":"Dr. cat - \u041a\u0430\u043d\u0430\u043b","result_snippet_text":"\u0412\u0441\u0435\u043c \u043f\u0440\u0438\u0432\u0435\u0442! \u0412\u044b \u043d\u0430 \u0445\u043e\u0434\u0438\u0442\u0435\u0441\u044c \u043d\u0430 \u043a\u0430\u043d\u0430\u043b\u0435 Dr.<em>Cat<\/em>. \u0417\u0434\u0435\u0441\u044c \u0432\u044b \u043d\u0430\u0439\u0434\u0435\u0442\u0435 \u043c\u043d\u043e\u0433\u043e \u043a\u0440\u0443\u0442\u044b\u0445 \u0438 \u0432\u0435\u0441\u0435\u043b\u044b\u0445 \u0432\u0438\u0434\u0435\u043e, \u0442\u0430\u043a\u0438\u0435 \u043a\u0430\u043a: \u0432\u0438\u0434\u0435\u043e...","result_warc_relative_path":null,"result_warc_byte_offset":null},{"result_id":"1a11244a-5d78-5e6f-b781-2e03140609b5","result_url":"https:\/\/www.youtube.com\/watch?v=uneC_5eqwSI","result_domain":"www.youtube.com","result_domain_public_suffix":"com","result_wayback_url":"https:\/\/web.archive.org\/web\/20200118031548\/https:\/\/www.youtube.com\/watch?v=uneC_5eqwSI","result_wayback_raw_url":"https:\/\/web.archive.org\/web\/20200118031548id_\/https:\/\/www.youtube.com\/watch?v=uneC_5eqwSI","result_snippet_rank":7,"result_snippet_title":"\u041c\u0410\u0419\u041d\u041a\u0420\u0410\u0424\u0422. \u0421\u0422\u0410\u041b \u041f\u0420\u041e\u0414\u0410\u0412\u0426\u041e\u041c \u041c\u0410\u0413\u0410\u0417\u0418\u041d\u0410 \u0417\u0410 \u0417\u0415\u041c\u041b\u042e \u0412 MINECRAFT - \u041f\u0440\u043e\u0434\u043e\u043b\u0436\u0438\u0442\u0435\u043b\u044c\u043d\u043e\u0441\u0442\u044c: 20:53","result_snippet_text":"\u042f \u0432 \u0448\u043e\u043a\u0435!!! \u041d\u0438\u043a\u043e\u0433\u0434\u0430 \u043d\u0435 \u0431\u044b\u043b\u043e \u0442\u0430\u043a \u043c\u043d\u043e\u0433\u043e \u0441\u043e\u0431\u044b\u0442\u0438\u0439 \u043d\u0430 \u043e\u0434\u043d\u043e\u043c \u0441\u0435\u0440\u0432\u0435\u0440\u0435 \u043c\u0443\u043b\u044c\u0442\u0438\u043f\u043b\u0435\u0435\u0440\u0430: \u0441\u043b\u0443\u0447\u0430\u0439\u043d\u043e \u0441\u043a\u0438\u043d\u0443\u043b\u0438 \u0430\u043b\u043c\u0430\u0437\u043d\u0443\u044e \u043b\u043e\u043f\u0430\u0442...","result_warc_relative_path":null,"result_warc_byte_offset":null},{"result_id":"a535281d-4882-5144-a93d-b3c6df92749e","result_url":"https:\/\/www.youtube.com\/watch?v=ZZHJGwY5ves","result_domain":"www.youtube.com","result_domain_public_suffix":"com","result_wayback_url":"https:\/\/web.archive.org\/web\/20200118031548\/https:\/\/www.youtube.com\/watch?v=ZZHJGwY5ves","result_wayback_raw_url":"https:\/\/web.archive.org\/web\/20200118031548id_\/https:\/\/www.youtube.com\/watch?v=ZZHJGwY5ves","result_snippet_rank":8,"result_snippet_title":"\u041a\u0410\u0422\u042f \u041d\u0415 \u041d\u0423\u0411 \u0432 Minecraft - \u041f\u0440\u043e\u0434\u043e\u043b\u0436\u0438\u0442\u0435\u043b\u044c\u043d\u043e\u0441\u0442\u044c: 15:53","result_snippet_text":"\u041c\u041e\u0419 Instagram \u25bb https:\/\/www.instagram.com\/katymisskaty\/ \u041f\u041e\u0414\u041f\u0418\u0421\u042b\u0412\u0410\u0419\u0421\u042f!!!! \u041c\u043e\u0439 \u0421\u0423\u041f\u0415\u0420 \u041a\u0430\u043d\u0430\u043b Miss Katy:\u00a0...","result_warc_relative_path":null,"result_warc_byte_offset":null},{"result_id":"36272f76-ac95-5997-a5b9-7e2e24f6c08b","result_url":"https:\/\/www.youtube.com\/watch?v=B-16AAv5y4o","result_domain":"www.youtube.com","result_domain_public_suffix":"com","result_wayback_url":"https:\/\/web.archive.org\/web\/20200118031548\/https:\/\/www.youtube.com\/watch?v=B-16AAv5y4o","result_wayback_raw_url":"https:\/\/web.archive.org\/web\/20200118031548id_\/https:\/\/www.youtube.com\/watch?v=B-16AAv5y4o","result_snippet_rank":9,"result_snippet_title":"Minecraft - \u0421\u0412\u0418\u041d\u0418\u041d\u0410 \u0425\u041e\u0420\u041e\u0428\u041e \u041a\u041e\u041f\u0410\u0415\u0422 - \u041f\u0440\u043e\u0434\u043e\u043b\u0436\u0438\u0442\u0435\u043b\u044c\u043d\u043e\u0441\u0442\u044c: 11:29","result_snippet_text":"\u041c\u041e\u0419 Instagram \u25bb \u041f\u041e\u0414\u041f\u0418\u0421\u042b\u0412\u0410\u0415\u041c\u0421\u042f!!! https:\/\/www.instagram.com\/officialmistermax\/ \u041c\u043e\u0439 \u0421\u0423\u041f\u0415\u0420 \u043a\u0430\u043d\u0430\u043b <em>Mister<\/em> Max:\u00a0...","result_warc_relative_path":null,"result_warc_byte_offset":null},{"result_id":"95165a68-e00f-5a91-bad9-dfa7b2b72b88","result_url":"https:\/\/www.youtube.com\/watch?v=oapFXM5wvFs","result_domain":"www.youtube.com","result_domain_public_suffix":"com","result_wayback_url":"https:\/\/web.archive.org\/web\/20200118031548\/https:\/\/www.youtube.com\/watch?v=oapFXM5wvFs","result_wayback_raw_url":"https:\/\/web.archive.org\/web\/20200118031548id_\/https:\/\/www.youtube.com\/watch?v=oapFXM5wvFs","result_snippet_rank":10,"result_snippet_title":"\u0427\u0422\u041e \u0414\u0415\u041b\u0410\u0415\u0422 \u0432\u0430\u0448 \u041a\u041e\u0422 \u041f\u041e\u041a\u0410 \u0412\u042b \u0421\u041f\u0418\u0422\u0415 \u0432 \u041c\u0410\u0419\u041d\u041a\u0420\u0410\u0424\u0422 - \u041f\u0440\u043e\u0434\u043e\u043b\u0436\u0438\u0442\u0435\u043b\u044c\u043d\u043e\u0441\u0442\u044c: 6:02","result_snippet_text":"\u0421\u0435\u043a\u0440\u0435\u0442\u044b \u0438 \u0444\u0430\u043a\u0442\u044b \u043e \u043d\u043e\u0432\u044b\u0445 \u043a\u043e\u0442\u0430\u0445 minecraft 1.14\ud83d\udd38\u042f \u0432 \u0412\u041a - https:\/\/vk.com\/mr_bav#minecraft#\u043c\u0430\u0439\u043d\u043a\u0440\u0430\u0444\u0442","result_warc_relative_path":null,"result_warc_byte_offset":null},{"result_id":"633251d5-c3b7-577e-8dc4-3d5117172228","result_url":"https:\/\/www.youtube.com\/watch?v=uN6lDE2kdQk","result_domain":"www.youtube.com","result_domain_public_suffix":"com","result_wayback_url":"https:\/\/web.archive.org\/web\/20200118031548\/https:\/\/www.youtube.com\/watch?v=uN6lDE2kdQk","result_wayback_raw_url":"https:\/\/web.archive.org\/web\/20200118031548id_\/https:\/\/www.youtube.com\/watch?v=uN6lDE2kdQk","result_snippet_rank":11,"result_snippet_title":"\u041b\u044e\u0442\u044b\u0435 \u043f\u0440\u0438\u043a\u043e\u043b\u044b. \u041a\u041e\u0413\u0414\u0410 \u041a\u041e\u0422 \u0412\u0421\u042e \u041d\u041e\u0427\u042c \u0418\u0413\u0420\u0410\u041b \u0412 \u041c\u0410\u0419\u041d\u041a\u0420\u0410\u0424\u0422!!! \u0421\u041c\u0415\u0428\u041d\u042b\u0415 \u041a\u041e\u0422\u042b! \u0417\u0430\u0441\u043c\u0435\u044f\u043b\u0441\u044f \u043f\u0440\u043e\u0438\u0433\u0440\u0430\u043b \u2013 Domi Show - \u041f\u0440\u043e\u0434\u043e\u043b\u0436\u0438\u0442\u0435\u043b\u044c\u043d\u043e\u0441\u0442\u044c: 11:48","result_snippet_text":"\u041b\u044e\u0442\u044b\u0435 \u043f\u0440\u0438\u043a\u043e\u043b\u044b. \u041a\u041e\u0413\u0414\u0410 \u041a\u041e\u0422 \u0412\u0421\u042e \u041d\u041e\u0427\u042c \u0418\u0413\u0420\u0410\u041b \u0412 \u041c\u0410\u0419\u041d\u041a\u0420\u0410\u0424\u0422!!! \u0421\u041c\u0415\u0428\u041d\u042b\u0415 \u041a\u041e\u0422\u042b! \u0417\u0430\u0441\u043c\u0435\u044f\u043b\u0441\u044f \u043f\u0440\u043e\u0438\u0433\u0440\u0430\u043b! \u0415\u0441\u043b\u0438 \u043a\u043e\u0442 \u0432\u0441\u044e \u043d\u043e\u0447\u044c...","result_warc_relative_path":null,"result_warc_byte_offset":null},{"result_id":"bba93292-a2d2-5e01-a670-ddc98a03db9e","result_url":"https:\/\/www.youtube.com\/watch?v=LuzOmgEfTaQ","result_domain":"www.youtube.com","result_domain_public_suffix":"com","result_wayback_url":"https:\/\/web.archive.org\/web\/20200118031548\/https:\/\/www.youtube.com\/watch?v=LuzOmgEfTaQ","result_wayback_raw_url":"https:\/\/web.archive.org\/web\/20200118031548id_\/https:\/\/www.youtube.com\/watch?v=LuzOmgEfTaQ","result_snippet_rank":12,"result_snippet_title":"\u0411\u0415\u0414 \u0412\u0410\u0420\u0421 \u0412 \u041c\u0410\u0419\u041d\u041a\u0420\u0410\u0424\u0422 - \u041f\u0440\u043e\u0434\u043e\u043b\u0436\u0438\u0442\u0435\u043b\u044c\u043d\u043e\u0441\u0442\u044c: 33:52","result_snippet_text":"\u0411\u0435\u0434 \u0412\u0430\u0440\u0441 \u0432 Minecarft.","result_warc_relative_path":null,"result_warc_byte_offset":null},{"result_id":"7ca51189-c7dc-5123-95d1-098cee0fcfd7","result_url":"https:\/\/www.youtube.com\/watch?v=E6TVv9ZdtBM","result_domain":"www.youtube.com","result_domain_public_suffix":"com","result_wayback_url":"https:\/\/web.archive.org\/web\/20200118031548\/https:\/\/www.youtube.com\/watch?v=E6TVv9ZdtBM","result_wayback_raw_url":"https:\/\/web.archive.org\/web\/20200118031548id_\/https:\/\/www.youtube.com\/watch?v=E6TVv9ZdtBM","result_snippet_rank":13,"result_snippet_title":"\u041c\u0410\u0419\u041d\u041a\u0420\u0410\u0424\u0422. \u0420\u0410\u0411\u041e\u0422\u0410\u042e \u041e\u0425\u0420\u0410\u041d\u041d\u0418\u041a\u041e\u041c \u0412 \u041c\u0418\u041d\u0418 \u0413\u041e\u0420\u041e\u0414\u0415 \u0412 MINECRAFT - \u041f\u0440\u043e\u0434\u043e\u043b\u0436\u0438\u0442\u0435\u043b\u044c\u043d\u043e\u0441\u0442\u044c: 19:46","result_snippet_text":"\u0423\u0441\u0442\u0440\u043e\u0438\u043b\u0441\u044f \u043d\u0430 \u0440\u0430\u0431\u043e\u0442\u0443 \u043e\u0445\u0440\u0430\u043d\u043d\u0438\u043a\u043e\u043c \u0432 <em>\u041c\u0430\u0439\u043d\u043a\u0440\u0430\u0444\u0442<\/em>. \u041a\u043e\u043c\u043c\u0435\u043d\u0442\u0430\u0440\u0438\u0438 \u0441 \u043c\u0430\u0442\u0430\u043c\u0438 \u0438 \u043e\u0441\u043a\u043e\u0440\u0431\u043b\u0435\u043d\u0438\u044f\u043c\u0438 \u0443\u0434\u0430\u043b\u044f\u044e\u0442\u0441\u044f. \u0423\u0432\u0430\u0436\u0430\u0439\u0442\u0435...","result_warc_relative_path":null,"result_warc_byte_offset":null},{"result_id":"3c6ae20e-8c37-5544-a50c-7b89878d3015","result_url":"https:\/\/www.youtube.com\/watch?v=t687XuDNLKs","result_domain":"www.youtube.com","result_domain_public_suffix":"com","result_wayback_url":"https:\/\/web.archive.org\/web\/20200118031548\/https:\/\/www.youtube.com\/watch?v=t687XuDNLKs","result_wayback_raw_url":"https:\/\/web.archive.org\/web\/20200118031548id_\/https:\/\/www.youtube.com\/watch?v=t687XuDNLKs","result_snippet_rank":14,"result_snippet_title":"\u041c\u0443\u043b\u044c\u0442\u0438\u043f\u043b\u0435\u0435\u0440 \u041c\u0430\u0433\u0430\u0437\u0438\u043d \u0437\u0430 \u0437\u0435\u043c\u043b\u044e - \u041f\u0440\u043e\u0434\u043e\u043b\u0436\u0438\u0442\u0435\u043b\u044c\u043d\u043e\u0441\u0442\u044c: 10:52","result_snippet_text":null,"result_warc_relative_path":null,"result_warc_byte_offset":null},{"result_id":"75aef3a0-ae0d-54d9-8c95-c4fa0437c4b8","result_url":"https:\/\/www.youtube.com\/watch?v=TSEj93RtDt0","result_domain":"www.youtube.com","result_domain_public_suffix":"com","result_wayback_url":"https:\/\/web.archive.org\/web\/20200118031548\/https:\/\/www.youtube.com\/watch?v=TSEj93RtDt0","result_wayback_raw_url":"https:\/\/web.archive.org\/web\/20200118031548id_\/https:\/\/www.youtube.com\/watch?v=TSEj93RtDt0","result_snippet_rank":15,"result_snippet_title":"\u041c\u0410\u0419\u041d\u041a\u0420\u0410\u0424\u0422. \u0421\u0411\u0415\u0416\u0410\u041b \u0418\u0417 \u0422\u042e\u0420\u042c\u041c\u042b \u0421 \u041f\u041e\u0414\u041f\u0418\u0421\u0427\u0418\u041a\u041e\u041c, \u041d\u041e \u041d\u0410\u0421 \u041f\u041e\u0419\u041c\u0410\u041b\u0418 \u0412 MINECRAFT - \u041f\u0440\u043e\u0434\u043e\u043b\u0436\u0438\u0442\u0435\u043b\u044c\u043d\u043e\u0441\u0442\u044c: 11:12","result_snippet_text":"\u0421\u0431\u0435\u0436\u0430\u043b \u0438\u0437 \u0442\u044e\u0440\u044c\u043c\u044b \u0441 \u043f\u043e\u0434\u043f\u0438\u0441\u0447\u0438\u043a\u043e\u043c, \u043d\u043e \u043d\u0430\u0441 \u043f\u043e\u0439\u043c\u0430\u043b\u0438 \u0432 <em>\u041c\u0430\u0439\u043d\u043a\u0440\u0430\u0444\u0442<\/em>. \u041a\u043e\u043c\u043c\u0435\u043d\u0442\u0430\u0440\u0438\u0438 \u0441 \u043c\u0430\u0442\u0430\u043c\u0438 \u0438 \u043e\u0441\u043a\u043e\u0440\u0431\u043b\u0435\u043d\u0438\u044f\u043c\u0438 \u0443\u0434\u0430\u043b\u044f\u044e...","result_warc_relative_path":null,"result_warc_byte_offset":null},{"result_id":"c000f0ff-6f1b-5bde-9de0-dede544b8c8f","result_url":"https:\/\/www.youtube.com\/watch?v=c1euJCWjEDA","result_domain":"www.youtube.com","result_domain_public_suffix":"com","result_wayback_url":"https:\/\/web.archive.org\/web\/20200118031548\/https:\/\/www.youtube.com\/watch?v=c1euJCWjEDA","result_wayback_raw_url":"https:\/\/web.archive.org\/web\/20200118031548id_\/https:\/\/www.youtube.com\/watch?v=c1euJCWjEDA","result_snippet_rank":16,"result_snippet_title":"\u0413\u0440\u0438\u0444 \u043c\u0430\u0433\u0430\u0437\u0438\u043d\u0430!!!!!!!!!!!!!!!!!!!!!!!!!!!!!!!!!!!!!!!!!!!!!!!!!!!!!!!!!!!!!!! - \u041f\u0440\u043e\u0434\u043e\u043b\u0436\u0438\u0442\u0435\u043b\u044c\u043d\u043e\u0441\u0442\u044c: 59:12","result_snippet_text":"\u041f\u043e\u0441\u0442\u0430\u0432\u044c \u043b\u0430\u0439\u043a \u0438 \u043f\u0430\u0434\u043f\u0438\u0448\u0438\u0441\u044c !!!","result_warc_relative_path":null,"result_warc_byte_offset":null},{"result_id":"bfc1574d-ef88-5153-a0db-f344b94b4fde","result_url":"https:\/\/www.youtube.com\/watch?v=obO3czrz9es","result_domain":"www.youtube.com","result_domain_public_suffix":"com","result_wayback_url":"https:\/\/web.archive.org\/web\/20200118031548\/https:\/\/www.youtube.com\/watch?v=obO3czrz9es","result_wayback_raw_url":"https:\/\/web.archive.org\/web\/20200118031548id_\/https:\/\/www.youtube.com\/watch?v=obO3czrz9es","result_snippet_rank":17,"result_snippet_title":"\u041c\u0430\u0433\u0430\u0437\u0438\u043d \u0437\u0430 \u0437\u0435\u043c\u043b\u044e \u0432 \u043c\u0430\u0439\u043d\u043a\u0440\u0430\u0444\u0442\u0435..... - \u041f\u0440\u043e\u0434\u043e\u043b\u0436\u0438\u0442\u0435\u043b\u044c\u043d\u043e\u0441\u0442\u044c: 12:10","result_snippet_text":"\u0410 \u0432\u043e\u0442 \u0441\u0441\u044b\u043b\u043a\u0430 \u043d\u0430 \u043c\u043e\u0438 \u043a\u0430\u043d\u0438\u043a\u0443\u043b\u044b..... https:\/\/vk.com\/video397302207_456239017.","result_warc_relative_path":null,"result_warc_byte_offset":null},{"result_id":"a5199e8b-cc67-528a-b9d7-a74ee7b27aab","result_url":"https:\/\/www.youtube.com\/watch?v=KVRkeeJx2vE","result_domain":"www.youtube.com","result_domain_public_suffix":"com","result_wayback_url":"https:\/\/web.archive.org\/web\/20200118031548\/https:\/\/www.youtube.com\/watch?v=KVRkeeJx2vE","result_wayback_raw_url":"https:\/\/web.archive.org\/web\/20200118031548id_\/https:\/\/www.youtube.com\/watch?v=KVRkeeJx2vE","result_snippet_rank":18,"result_snippet_title":"\u041c\u0410\u0413\u0410\u0417\u0418\u041d \u0417\u0410 \u0417\u0415\u041c\u041b\u042e \u0412 \u043c\u0430\u0439\u043d\u043a\u0440\u0430\u0444\u0442 10000 \u0410\u041b\u041c\u0410\u0417\u041e\u0412 \u0417\u0410 1 \u0417\u0415\u041c\u041b\u042e \u041d\u0423\u0411 \u041c\u0415\u041d\u042f\u0415\u0422\u0421\u042f \u0421 \u041f\u0420\u041e \u0422\u0420\u041e\u041b\u041b\u0418\u041d\u0413 \u041b\u041e\u0412\u0423\u0428\u041a\u0410 MINECRAFT - \u041f\u0440\u043e\u0434\u043e\u043b\u0436\u0438\u0442\u0435\u043b\u044c\u043d\u043e\u0441\u0442\u044c: 11:48","result_snippet_text":"\u041c\u0410\u0413\u0410\u0417\u0418\u041d \u0417\u0410 \u0417\u0415\u041c\u041b\u042e \u0412 \u041c\u0410\u0419\u041d\u041a\u0420\u0410\u0424\u0422 10000 \u0410\u041b\u041c\u0410\u0417\u041e\u0412 \u0417\u0410 1 \u0417\u0415\u041c\u041b\u042e \u041d\u0423\u0411 \u041c\u0415\u041d\u042f\u0415\u0422\u0421\u042f \u0421 \u041f\u0420\u041e \u0422\u0420\u041e\u041b\u041b\u0418\u041d\u0413 \u041b\u041e\u0412\u0423\u0428\u041a\u0410 MINECRAFT \u041f\u0440\u0438\u0432\u0435\u0442 \u0434\u0440\u0443\u0433...","result_warc_relative_path":null,"result_warc_byte_offset":null},{"result_id":"b785845b-981a-58b5-9532-911cde652c1a","result_url":"https:\/\/www.youtube.com\/watch?v=PP_Hb-mq0K0","result_domain":"www.youtube.com","result_domain_public_suffix":"com","result_wayback_url":"https:\/\/web.archive.org\/web\/20200118031548\/https:\/\/www.youtube.com\/watch?v=PP_Hb-mq0K0","result_wayback_raw_url":"https:\/\/web.archive.org\/web\/20200118031548id_\/https:\/\/www.youtube.com\/watch?v=PP_Hb-mq0K0","result_snippet_rank":19,"result_snippet_title":"\u041c\u0410\u0419\u041d\u041a\u0420\u0410\u0424\u0422. \u042f \u0412 \u0428\u041a\u041e\u041b\u0415 - \u041f\u0440\u043e\u0434\u043e\u043b\u0436\u0438\u0442\u0435\u043b\u044c\u043d\u043e\u0441\u0442\u044c: 27:27","result_snippet_text":"Dr <em>cat<\/em> \u041f\u041e\u041f\u0410\u041b \u0412 \u0428\u041a\u041e\u041b\u0423 \u0418 \u0412 \u041a\u041e\u041d\u0426\u0415 \u0421\u0414\u0415\u041b\u0410\u0415\u0422 \u041f\u041e\u0411\u0415\u0413.","result_warc_relative_path":null,"result_warc_byte_offset":null},{"result_id":"72b4500f-0355-517d-b439-98628705f3be","result_url":"https:\/\/www.youtube.com\/watch?v=Zx3avk2pxlI","result_domain":"www.youtube.com","result_domain_public_suffix":"com","result_wayback_url":"https:\/\/web.archive.org\/web\/20200118031548\/https:\/\/www.youtube.com\/watch?v=Zx3avk2pxlI","result_wayback_raw_url":"https:\/\/web.archive.org\/web\/20200118031548id_\/https:\/\/www.youtube.com\/watch?v=Zx3avk2pxlI","result_snippet_rank":20,"result_snippet_title":"\u0413\u0440\u0438\u0444\u0435\u0440\u044e \u043c\u0430\u0433\u0430\u0437\u0438\u043d !!! - \u041f\u0440\u043e\u0434\u043e\u043b\u0436\u0438\u0442\u0435\u043b\u044c\u043d\u043e\u0441\u0442\u044c: 6:34","result_snippet_text":"\u0412\u0441\u0435\u043c \u043f\u0440\u0438\u0432\u0435\u0442! \u041c\u0435\u043d\u044f \u0437\u043e\u0432\u0443\u0442 \u041c\u0438\u0448\u0430. \u041f\u043e\u0434\u043f\u0438\u0441\u044b\u0432\u0430\u0439\u0442\u0435\u0441\u044c \u043d\u0430 \u043c\u043e\u0439 \u043a\u0430\u043d\u0430\u043b \u0437\u0434\u0435\u0441\u044c:\u00a0...","result_warc_relative_path":null,"result_warc_byte_offset":null},{"result_id":"4630a8d2-b529-5a85-a9da-a86564055ddd","result_url":"https:\/\/www.youtube.com\/watch?v=qmL3nACfL5U","result_domain":"www.youtube.com","result_domain_public_suffix":"com","result_wayback_url":"https:\/\/web.archive.org\/web\/20200118031548\/https:\/\/www.youtube.com\/watch?v=qmL3nACfL5U","result_wayback_raw_url":"https:\/\/web.archive.org\/web\/20200118031548id_\/https:\/\/www.youtube.com\/watch?v=qmL3nACfL5U","result_snippet_rank":21,"result_snippet_title":"\u0412\u042b\u0416\u0418\u0412\u0410\u041d\u0418\u0415 \u0412 \u0421\u0423\u041c\u0410\u0421\u0428\u0415\u0421\u0422\u0412\u0418\u0418 - \u041f\u0440\u043e\u0434\u043e\u043b\u0436\u0438\u0442\u0435\u043b\u044c\u043d\u043e\u0441\u0442\u044c: 36:30","result_snippet_text":null,"result_warc_relative_path":null,"result_warc_byte_offset":null},{"result_id":"88c2104d-cf5d-5da6-896b-8bf8ce5faed0","result_url":"https:\/\/www.youtube.com\/watch?v=yQHXvACuUts","result_domain":"www.youtube.com","result_domain_public_suffix":"com","result_wayback_url":"https:\/\/web.archive.org\/web\/20200118031548\/https:\/\/www.youtube.com\/watch?v=yQHXvACuUts","result_wayback_raw_url":"https:\/\/web.archive.org\/web\/20200118031548id_\/https:\/\/www.youtube.com\/watch?v=yQHXvACuUts","result_snippet_rank":22,"result_snippet_title":"Multiplayer Master 2 \u0447\u0430\u0441\u0442\u044c - \u041f\u0440\u043e\u0434\u043e\u043b\u0436\u0438\u0442\u0435\u043b\u044c\u043d\u043e\u0441\u0442\u044c: 6:03","result_snippet_text":null,"result_warc_relative_path":null,"result_warc_byte_offset":null},{"result_id":"4efbfc7c-e1b5-5398-bec3-677349306361","result_url":"https:\/\/www.youtube.com\/watch?v=CWkKyd9b0-8","result_domain":"www.youtube.com","result_domain_public_suffix":"com","result_wayback_url":"https:\/\/web.archive.org\/web\/20200118031548\/https:\/\/www.youtube.com\/watch?v=CWkKyd9b0-8","result_wayback_raw_url":"https:\/\/web.archive.org\/web\/20200118031548id_\/https:\/\/www.youtube.com\/watch?v=CWkKyd9b0-8","result_snippet_rank":23,"result_snippet_title":"Minecraft Xbox - Ocean Adventure [165] - \u041f\u0440\u043e\u0434\u043e\u043b\u0436\u0438\u0442\u0435\u043b\u044c\u043d\u043e\u0441\u0442\u044c: 12:49","result_snippet_text":"Part 166 - http:\/\/youtu.be\/6R5SytoEbjs Welcome to my Let's Play of the Xbox 360 Edition of <em>Minecraft<\/em>. These videos will showcase\u00a0...","result_warc_relative_path":null,"result_warc_byte_offset":null},{"result_id":"bc95161f-d768-558e-8996-02302bf5bd25","result_url":"https:\/\/www.youtube.com\/channel\/UCzK_qU_rnQ_W9CTKq7XTe3A","result_domain":"www.youtube.com","result_domain_public_suffix":"com","result_wayback_url":"https:\/\/web.archive.org\/web\/20200118031548\/https:\/\/www.youtube.com\/channel\/UCzK_qU_rnQ_W9CTKq7XTe3A","result_wayback_raw_url":"https:\/\/web.archive.org\/web\/20200118031548id_\/https:\/\/www.youtube.com\/channel\/UCzK_qU_rnQ_W9CTKq7XTe3A","result_snippet_rank":24,"result_snippet_title":"Mr. Cat - \u041a\u0430\u043d\u0430\u043b","result_snippet_text":"\u0414\u043e\u0431\u0440\u043e \u043f\u043e\u0436\u0430\u043b\u043e\u0432\u0430\u0442\u044c! \u041f\u0440\u0438\u0432\u0435\u0442, \u043c\u0435\u043d\u044f \u0437\u043e\u0432\u0443\u0442 \u0412\u0430\u043d\u044f \u0421\u0430\u0433\u0438\u0440\u043e\u0432 \u0438 \u044f \u043d\u0435 \u0445\u043e\u0447\u0443 \u0432\u0437\u0440\u043e\u0441\u043b\u0435\u0442\u044c) \u042f \u0438\u0433\u0440\u0430\u044e \u0411\u0415\u0417 \u043c\u0430\u0442\u0430! \u0418\u0433\u0440\u0430\u044e \u043a\u0430\u043a \u0445\u043e\u0447\u0443...","result_warc_relative_path":null,"result_warc_byte_offset":null},{"result_id":"1feff4b3-789a-5f0c-9d01-60ba3e5e8b25","result_url":"https:\/\/www.youtube.com\/watch?v=EZvmQva11A8","result_domain":"www.youtube.com","result_domain_public_suffix":"com","result_wayback_url":"https:\/\/web.archive.org\/web\/20200118031548\/https:\/\/www.youtube.com\/watch?v=EZvmQva11A8","result_wayback_raw_url":"https:\/\/web.archive.org\/web\/20200118031548id_\/https:\/\/www.youtube.com\/watch?v=EZvmQva11A8","result_snippet_rank":25,"result_snippet_title":"\u041c\u0430\u0439\u043d\u043a\u0440\u0430\u0444\u0442 \u0430\u043d\u0438\u043c\u0430\u0446\u0438\u044f - \u0436\u0438\u0437\u043d\u044c \u043a\u043e\u0448\u043a\u0438 \/ cat life - \u041f\u0440\u043e\u0434\u043e\u043b\u0436\u0438\u0442\u0435\u043b\u044c\u043d\u043e\u0441\u0442\u044c: 5:47","result_snippet_text":"\u0412\u0441\u0435\u043c \u043f\u0440\u0438\u0432\u0435\u0442 ! \u042f Doggy \u042d\u0442\u0430 \u0438\u0441\u0442\u043e\u0440\u0438\u044f \u0440\u0430\u0441\u0441\u043a\u0430\u0436\u0435\u0442 \u0432\u0430\u043c \u043e \u0436\u0438\u0437\u043d\u0438 \u0445\u043e\u0440\u043e\u0448\u0435\u043d\u044c\u043a\u043e\u0439 \u0440\u044b\u0436\u0435\u0439 \u043a\u043e\u0448\u0435\u0447\u043a\u0438 \u0432 <em>\u041c\u0430\u0439\u043d\u043a\u0440\u0430\u0444\u0442\u0435<\/em> \u041c\u043e\u0439 \u0418\u043d\u0441\u0442\u0430\u0433\u0440...","result_warc_relative_path":null,"result_warc_byte_offset":null},{"result_id":"9111973a-5282-575c-8ea9-e10a50b4680e","result_url":"https:\/\/www.youtube.com\/watch?v=ouC0_BwXbzA","result_domain":"www.youtube.com","result_domain_public_suffix":"com","result_wayback_url":"https:\/\/web.archive.org\/web\/20200118031548\/https:\/\/www.youtube.com\/watch?v=ouC0_BwXbzA","result_wayback_raw_url":"https:\/\/web.archive.org\/web\/20200118031548id_\/https:\/\/www.youtube.com\/watch?v=ouC0_BwXbzA","result_snippet_rank":26,"result_snippet_title":"\u0427\u0442\u043e \u0434\u0435\u043b\u0430\u044e\u0442 \u041f\u0420\u041e \u0438\u0433\u0440\u043e\u043a\u0438? \u041a\u041e\u0422 \u0438 \u041f\u0410\u0423\u041a \u041c\u0410\u0419\u041d\u041a\u0420\u0410\u0424\u0422 \u0411\u0438\u0442\u0432\u0430 \u0441\u0442\u0440\u043e\u0438\u0442\u0435\u043b\u0435\u0439 \u2116477 - \u041f\u0440\u043e\u0434\u043e\u043b\u0436\u0438\u0442\u0435\u043b\u044c\u043d\u043e\u0441\u0442\u044c: 9:32","result_snippet_text":"\u0412 \u0441\u043e\u0440\u0435\u0432\u043d\u043e\u0432\u0430\u043d\u0438\u0438 \u0411\u0418\u0422\u0412\u0410 \u0421\u0422\u0420\u041e\u0418\u0422\u0415\u041b\u0415\u0419 \u0443\u0447\u0430\u0441\u0442\u043d\u0438\u043a\u0438 \u043f\u043e\u043f\u0440\u043e\u0431\u043e\u0432\u0430\u043b\u0438 \u043f\u043e\u0441\u0442\u0440\u043e\u0438\u0442\u044c \u0432 <em>\u043c\u0430\u0439\u043d\u043a\u0440\u0430\u0444\u0442<\/em> \u041f\u0410\u0423\u041a\u0410 \u0438 \u041a\u041e\u0422\u0410!!. \u0421\u043c\u043e\u0442\u0440\u0438\u043c \u0447\u0442\u043e...","result_warc_relative_path":null,"result_warc_byte_offset":null},{"result_id":"5753778c-1916-5bf0-b836-5f182917abba","result_url":"https:\/\/www.youtube.com\/watch?v=OoTNwILY8zo","result_domain":"www.youtube.com","result_domain_public_suffix":"com","result_wayback_url":"https:\/\/web.archive.org\/web\/20200118031548\/https:\/\/www.youtube.com\/watch?v=OoTNwILY8zo","result_wayback_raw_url":"https:\/\/web.archive.org\/web\/20200118031548id_\/https:\/\/www.youtube.com\/watch?v=OoTNwILY8zo","result_snippet_rank":27,"result_snippet_title":"\u041c\u0430\u0439\u043d\u043a\u0440\u0430\u0444\u0442 \u0434\u043b\u044f \u043d\u0443\u0431\u043e\u0432, \u0447\u0430\u0441\u0442\u044c 12 \"\u0414\u0435\u0440\u0435\u0432\u043d\u044f \u0441\u0432\u043e\u0438\u043c\u0438 \u0440\u0443\u043a\u0430\u043c\u0438\" [\u041e\u0444\u0438\u0446\u0438\u0430\u043b\u044c\u043d\u044b\u0439 \u043f\u0435\u0440\u0435\u0432\u043e\u0434] - \u041f\u0440\u043e\u0434\u043e\u043b\u0436\u0438\u0442\u0435\u043b\u044c\u043d\u043e\u0441\u0442\u044c: 11:53","result_snippet_text":"\u041c\u0443\u0437\u044b\u043a\u0430: <em>Minecraft<\/em> OST, Nicolai Heidlas - \"Sunday\u00a0...","result_warc_relative_path":null,"result_warc_byte_offset":null},{"result_id":"fffe4eff-546a-5f2a-99a9-4dfe8a28b4e6","result_url":"https:\/\/www.youtube.com\/watch?v=g4rZBonYHRg","result_domain":"www.youtube.com","result_domain_public_suffix":"com","result_wayback_url":"https:\/\/web.archive.org\/web\/20200118031548\/https:\/\/www.youtube.com\/watch?v=g4rZBonYHRg","result_wayback_raw_url":"https:\/\/web.archive.org\/web\/20200118031548id_\/https:\/\/www.youtube.com\/watch?v=g4rZBonYHRg","result_snippet_rank":28,"result_snippet_title":"\u041a\u041e\u0422 \u0418 \u041f\u0401\u0421 \u0423\u041a\u0420\u0410\u041b\u0418 IPHONE XS \u0423 \u0428\u041a\u041e\u041b\u042c\u041d\u0418\u041a\u0410 \u0412 \u041c\u0410\u0419\u041d\u041a\u0420\u0410\u0424\u0422!  \u0416\u0418\u0417\u041d\u042c \u0416\u0418\u0412\u041e\u0422\u041d\u042b\u0425 \u0412 MINECRAFT - \u041f\u0440\u043e\u0434\u043e\u043b\u0436\u0438\u0442\u0435\u043b\u044c\u043d\u043e\u0441\u0442\u044c: 12:19","result_snippet_text":"\ud83c\udfae\u041c\u043e\u0439 \u0441\u0435\u0440\u0432\u0435\u0440 \u043f\u043e Minecraft! (1.9-1.14)IP: play.lollipopmc.net \u0416\u0435\u043a\u0430 \u0438 \u0418\u0433\u043e\u0440\u044c \u043f\u0440\u0435\u0432\u0440\u0430\u0442\u0438\u043b\u0438\u0441\u044c \u0432 \u043a\u043e\u0442\u0430 \u0438 \u0441\u043e\u0431\u0430\u043a\u0443 \u0432 \u043c\u0430\u0439\u043d\u043a\u0440\u0430\u0444\u0442\u0435! \u041a\u0438\u0441\u0430 ...","result_warc_relative_path":null,"result_warc_byte_offset":null},{"result_id":"e5a04595-4eb4-5035-8f88-aee1625c6edf","result_url":"https:\/\/www.youtube.com\/watch?v=gDcQCzmEoiE","result_domain":"www.youtube.com","result_domain_public_suffix":"com","result_wayback_url":"https:\/\/web.archive.org\/web\/20200118031548\/https:\/\/www.youtube.com\/watch?v=gDcQCzmEoiE","result_wayback_raw_url":"https:\/\/web.archive.org\/web\/20200118031548id_\/https:\/\/www.youtube.com\/watch?v=gDcQCzmEoiE","result_snippet_rank":29,"result_snippet_title":"Minecraft Fnaf: Funtime Foxy Becomes Lolbits Cat (Minecraft Roleplay) - \u041f\u0440\u043e\u0434\u043e\u043b\u0436\u0438\u0442\u0435\u043b\u044c\u043d\u043e\u0441\u0442\u044c: 22:13","result_snippet_text":"<em>Minecraft<\/em> Fnaf: Funtime Foxy Becomes Lolbits <em>Cat<\/em> (<em>Minecraft<\/em> Roleplay) In today's video somehow foxy becomes lolbits cute <em>cat<\/em>\u00a0...","result_warc_relative_path":null,"result_warc_byte_offset":null},{"result_id":"92d9db30-780f-5e43-9a8b-08c97d98fdde","result_url":"https:\/\/www.youtube.com\/watch?v=dz52NVPE4tU","result_domain":"www.youtube.com","result_domain_public_suffix":"com","result_wayback_url":"https:\/\/web.archive.org\/web\/20200118031548\/https:\/\/www.youtube.com\/watch?v=dz52NVPE4tU","result_wayback_raw_url":"https:\/\/web.archive.org\/web\/20200118031548id_\/https:\/\/www.youtube.com\/watch?v=dz52NVPE4tU","result_snippet_rank":30,"result_snippet_title":"Minecraft - \u043f\u0435\u0440\u0432\u044b\u0439 letsplay \u043e\u0442 Miss Katy - \u041f\u0440\u043e\u0434\u043e\u043b\u0436\u0438\u0442\u0435\u043b\u044c\u043d\u043e\u0441\u0442\u044c: 16:22","result_snippet_text":"\u041c\u041e\u0419 Instagram \u25bb https:\/\/www.instagram.com\/katymisskaty\/ \u041f\u041e\u0414\u041f\u0418\u0421\u042b\u0412\u0410\u0419\u0421\u042f!!!! \u041c\u043e\u0439 \u0421\u0423\u041f\u0415\u0420 \u041a\u0430\u043d\u0430\u043b Miss Katy:\u00a0...","result_warc_relative_path":null,"result_warc_byte_offset":null}],"search_provider_name":"youtube","search_provider_alexa_domain":"youtube.com","search_provider_alexa_domain_public_suffix":"com","search_provider_alexa_rank":2,"search_provider_category":"media-sharing"}
{"serp_id":"3018c0cf-2a44-5ed3-845a-c4574bffb3bd","serp_url":"https:\/\/www.youtube.com\/results?search_query=%D0%B2%D0%B5%D1%82%D1%80%D0%B5%D0%BD%D1%8B%D0%B9+23","serp_timestamp":1578876282000,"serp_wayback_url":"https:\/\/web.archive.org\/web\/20200113014442\/https:\/\/www.youtube.com\/results?search_query=%D0%B2%D0%B5%D1%82%D1%80%D0%B5%D0%BD%D1%8B%D0%B9+23","serp_wayback_raw_url":"https:\/\/web.archive.org\/web\/20200113014442id_\/https:\/\/www.youtube.com\/results?search_query=%D0%B2%D0%B5%D1%82%D1%80%D0%B5%D0%BD%D1%8B%D0%B9+23","serp_page":null,"serp_offset":null,"serp_query_text_url":"\u0432\u0435\u0442\u0440\u0435\u043d\u044b\u0439 23","serp_query_text_url_language":"ru","serp_query_text_html":"\u0432\u0435\u0442\u0440\u0435\u043d\u044b\u0439 23","serp_warc_relative_path":"focused\/archived-raw-serps\/youtube\/youtube.com%2Fresults%3F\/0000000338\/0000000000.warc.gz","serp_warc_byte_offset":231439,"serp_results":[{"result_id":"528cc697-cbbb-551e-9a2e-7e597a150435","result_url":"https:\/\/www.youtube.com\/watch?v=v6ka2HlCO1w","result_domain":"www.youtube.com","result_domain_public_suffix":"com","result_wayback_url":"https:\/\/web.archive.org\/web\/20200113014442\/https:\/\/www.youtube.com\/watch?v=v6ka2HlCO1w","result_wayback_raw_url":"https:\/\/web.archive.org\/web\/20200113014442id_\/https:\/\/www.youtube.com\/watch?v=v6ka2HlCO1w","result_snippet_rank":1,"result_snippet_title":"\u0412\u0415\u0422\u0420\u0415\u041d\u042b\u0419 23 \u0421\u0415\u0420\u0418\u042f \u0420\u0423\u0421\u0421\u041a\u0410\u042f \u041e\u0417\u0412\u0423\u0427\u041a\u0410 - \u041f\u0440\u043e\u0434\u043e\u043b\u0436\u0438\u0442\u0435\u043b\u044c\u043d\u043e\u0441\u0442\u044c: 2:46:16","result_snippet_text":"<em>\u0412\u0415\u0422\u0420\u0415\u041d\u042b\u0419 23<\/em> \u0421\u0415\u0420\u0418\u042f \u0420\u0423\u0421\u0421\u041a\u0410\u042f \u041e\u0417\u0412\u0423\u0427\u041a\u0410 \u041d\u0430 \u0433\u043b\u0430\u0432\u043d\u0443\u044e \u0441\u0442\u0440\u0430\u043d\u0438\u0446\u0443 \u043a\u0430\u043d\u0430\u043b\u0430\u00a0...","result_warc_relative_path":null,"result_warc_byte_offset":null},{"result_id":"5c7bc4ec-c278-52f3-88f9-78f335297f7b","result_url":"https:\/\/www.youtube.com\/watch?v=1_mv1nay4R0","result_domain":"www.youtube.com","result_domain_public_suffix":"com","result_wayback_url":"https:\/\/web.archive.org\/web\/20200113014442\/https:\/\/www.youtube.com\/watch?v=1_mv1nay4R0","result_wayback_raw_url":"https:\/\/web.archive.org\/web\/20200113014442id_\/https:\/\/www.youtube.com\/watch?v=1_mv1nay4R0","result_snippet_rank":2,"result_snippet_title":"\u0421\u043c\u043e\u0442\u0440\u0435\u0442\u044c \u0432\u0435\u0442\u0440\u0435\u043d\u044b\u0439 23 \u0441\u0435\u0440\u0438\u044f \u043d\u0430 \u0440\u0443\u0441\u0441\u043a\u043e\u043c \u044f\u0437\u044b\u043a\u0435 - \u041f\u0440\u043e\u0434\u043e\u043b\u0436\u0438\u0442\u0435\u043b\u044c\u043d\u043e\u0441\u0442\u044c: 2:46:44","result_snippet_text":"\u041d\u0430 \u0433\u043b\u0430\u0432\u043d\u0443\u044e \u0441\u0442\u0440\u0430\u043d\u0438\u0446\u0443 \u043a\u0430\u043d\u0430\u043b\u0430 https:\/\/www.youtube.com\/channel\/UC9gG0fjEIq8V0jROMniQBLQ?... \u0412 \u0440\u0443\u0431\u0440\u0438\u043a\u0435\u00a0...","result_warc_relative_path":null,"result_warc_byte_offset":null},{"result_id":"d1e75146-1e45-5fa3-bf74-d45adb562f95","result_url":"https:\/\/www.youtube.com\/watch?v=lh4pt2oTb3M","result_domain":"www.youtube.com","result_domain_public_suffix":"com","result_wayback_url":"https:\/\/web.archive.org\/web\/20200113014442\/https:\/\/www.youtube.com\/watch?v=lh4pt2oTb3M","result_wayback_raw_url":"https:\/\/web.archive.org\/web\/20200113014442id_\/https:\/\/www.youtube.com\/watch?v=lh4pt2oTb3M","result_snippet_rank":3,"result_snippet_title":"\u0412\u0435\u0442\u0440\u0435\u043d\u044b\u0439 24 \u0441\u0435\u0440\u0438\u044f \u0440\u0443\u0441\u0441\u043a\u0430\u044f \u043e\u0437\u0432\u0443\u0447\u043a\u0430 - \u041f\u0440\u043e\u0434\u043e\u043b\u0436\u0438\u0442\u0435\u043b\u044c\u043d\u043e\u0441\u0442\u044c: 2:47:58","result_snippet_text":"<em>\u0412\u0435\u0442\u0440\u0435\u043d\u044b\u0439<\/em> 24 \u0441\u0435\u0440\u0438\u044f \u0440\u0443\u0441\u0441\u043a\u0430\u044f \u043e\u0437\u0432\u0443\u0447\u043a\u0430 \u0441\u043c\u043e\u0442\u0440\u0435\u0442\u044c \u043e\u043d\u043b\u0430\u0439\u043d.","result_warc_relative_path":null,"result_warc_byte_offset":null},{"result_id":"df546022-1573-5d35-a95e-7c3b82c86fc2","result_url":"https:\/\/www.youtube.com\/watch?v=1yO3JRCGzxk","result_domain":"www.youtube.com","result_domain_public_suffix":"com","result_wayback_url":"https:\/\/web.archive.org\/web\/20200113014442\/https:\/\/www.youtube.com\/watch?v=1yO3JRCGzxk","result_wayback_raw_url":"https:\/\/web.archive.org\/web\/20200113014442id_\/https:\/\/www.youtube.com\/watch?v=1yO3JRCGzxk","result_snippet_rank":4,"result_snippet_title":"\u0412\u0435\u0442\u0440\u0435\u043d\u044b\u0439 27 \u0441\u0435\u0440\u0438\u044f \u0440\u0443\u0441\u0441\u043a\u0430\u044f \u043e\u0437\u0432\u0443\u0447\u043a\u0430 (\u0431\u043e\u043a\u043e\u0432\u0430\u044f \u0432\u0435\u0440\u0441\u0438\u044f) - \u041f\u0440\u043e\u0434\u043e\u043b\u0436\u0438\u0442\u0435\u043b\u044c\u043d\u043e\u0441\u0442\u044c: 2:38:56","result_snippet_text":"<em>\u0412\u0435\u0442\u0440\u0435\u043d\u044b\u0439<\/em> 27 \u0441\u0435\u0440\u0438\u044f \u0440\u0443\u0441\u0441\u043a\u0430\u044f \u043e\u0437\u0432\u0443\u0447\u043a\u0430 \u0441\u043c\u043e\u0442\u0440\u0435\u0442\u044c \u043e\u043d\u043b\u0430\u0439\u043d.","result_warc_relative_path":null,"result_warc_byte_offset":null},{"result_id":"52607d37-3051-5280-be05-7d0c56e12df5","result_url":"https:\/\/www.youtube.com\/watch?v=KtQw8FKhQZs","result_domain":"www.youtube.com","result_domain_public_suffix":"com","result_wayback_url":"https:\/\/web.archive.org\/web\/20200113014442\/https:\/\/www.youtube.com\/watch?v=KtQw8FKhQZs","result_wayback_raw_url":"https:\/\/web.archive.org\/web\/20200113014442id_\/https:\/\/www.youtube.com\/watch?v=KtQw8FKhQZs","result_snippet_rank":5,"result_snippet_title":"\u0432\u0435\u0442\u0440\u0435\u043d\u044b\u0439 25 \u0441\u0435\u0440\u0438\u044f \u0440\u0443\u0441\u0441\u043a\u0430\u044f \u043e\u0437\u0432\u0443\u0447\u043a\u0430 - \u041f\u0440\u043e\u0434\u043e\u043b\u0436\u0438\u0442\u0435\u043b\u044c\u043d\u043e\u0441\u0442\u044c: 2:34:22","result_snippet_text":"\u041d\u0430\u0448 \u043a\u0430\u043d\u0430\u043b https:\/\/www.youtube.com\/channel\/UC9POrCLAMUIZGhDVzvMkJ9w?... <em>\u0432\u0435\u0442\u0440\u0435\u043d\u044b\u0439<\/em> 25 \u0441\u0435\u0440\u0438\u044f\u00a0...","result_warc_relative_path":null,"result_warc_byte_offset":null},{"result_id":"19faa9de-17ca-50f7-952c-e8ef4359a719","result_url":"https:\/\/www.youtube.com\/watch?v=FEW5uNQkW98","result_domain":"www.youtube.com","result_domain_public_suffix":"com","result_wayback_url":"https:\/\/web.archive.org\/web\/20200113014442\/https:\/\/www.youtube.com\/watch?v=FEW5uNQkW98","result_wayback_raw_url":"https:\/\/web.archive.org\/web\/20200113014442id_\/https:\/\/www.youtube.com\/watch?v=FEW5uNQkW98","result_snippet_rank":6,"result_snippet_title":"\u0412\u0415\u0422\u0420\u0415\u041d\u042b\u0419 23 \u0421\u0415\u0420\u0418\u042f (\u0420\u0423\u0421\u0421\u041a\u0410\u042f \u041e\u0417\u0412\u0423\u0427\u041a\u0410) - \u041f\u0440\u043e\u0434\u043e\u043b\u0436\u0438\u0442\u0435\u043b\u044c\u043d\u043e\u0441\u0442\u044c: 2:47:50","result_snippet_text":"\u041d\u0430\u0448\u0430 \u0433\u0440\u0443\u043f\u043f\u0430 https:\/\/vk.com\/hercai2 \u041f\u0440\u0438\u044f\u0442\u043d\u043e\u0433\u043e \u043f\u0440\u043e\u0441\u043c\u043e\u0442\u0440\u0430 !","result_warc_relative_path":null,"result_warc_byte_offset":null},{"result_id":"b569dc2e-e101-553f-b534-b7f00fdf97b9","result_url":"https:\/\/www.youtube.com\/watch?v=sJDVUz8xT1s","result_domain":"www.youtube.com","result_domain_public_suffix":"com","result_wayback_url":"https:\/\/web.archive.org\/web\/20200113014442\/https:\/\/www.youtube.com\/watch?v=sJDVUz8xT1s","result_wayback_raw_url":"https:\/\/web.archive.org\/web\/20200113014442id_\/https:\/\/www.youtube.com\/watch?v=sJDVUz8xT1s","result_snippet_rank":7,"result_snippet_title":"\u0432\u0435\u0442\u0440\u0435\u043d\u044b\u0439 26 \u0441\u0435\u0440\u0438\u044f \u0440\u0443\u0441\u0441\u043a\u0430\u044f \u043e\u0437\u0432\u0443\u0447\u043a\u0430 - \u041f\u0440\u043e\u0434\u043e\u043b\u0436\u0438\u0442\u0435\u043b\u044c\u043d\u043e\u0441\u0442\u044c: 2:38:28","result_snippet_text":"<em>\u0412\u0435\u0442\u0440\u0435\u043d\u044b\u0439<\/em> 26 \u0441\u0435\u0440\u0438\u044f \u0440\u0443\u0441\u0441\u043a\u0430\u044f \u043e\u0437\u0432\u0443\u0447\u043a\u0430 \u041d\u0430\u0448 \u043a\u0430\u043d\u0430\u043b\u00a0...","result_warc_relative_path":null,"result_warc_byte_offset":null},{"result_id":"bfad3040-fd4a-59aa-a5a1-381c9aee3f28","result_url":"https:\/\/www.youtube.com\/watch?v=uaHiVOt07oM","result_domain":"www.youtube.com","result_domain_public_suffix":"com","result_wayback_url":"https:\/\/web.archive.org\/web\/20200113014442\/https:\/\/www.youtube.com\/watch?v=uaHiVOt07oM","result_wayback_raw_url":"https:\/\/web.archive.org\/web\/20200113014442id_\/https:\/\/www.youtube.com\/watch?v=uaHiVOt07oM","result_snippet_rank":8,"result_snippet_title":"\u0412\u0415\u0422\u0420\u0415\u041d\u042b\u0419 22 \u0421\u0415\u0420\u0418\u042f \u0420\u0423\u0421\u0421\u041a\u0410\u042f \u041e\u0417\u0412\u0423\u0427\u041a\u0410 - \u041f\u0440\u043e\u0434\u043e\u043b\u0436\u0438\u0442\u0435\u043b\u044c\u043d\u043e\u0441\u0442\u044c: 2:45:47","result_snippet_text":"\u041d\u0430 \u0433\u043b\u0430\u0432\u043d\u0443\u044e \u0441\u0442\u0440\u0430\u043d\u0438\u0446\u0443 \u043a\u0430\u043d\u0430\u043b\u0430 https:\/\/www.youtube.com\/channel\/UC9gG0fjEIq8V0jROMniQBLQ?... \u0412 \u0440\u0443\u0431\u0440\u0438\u043a\u0435\u00a0...","result_warc_relative_path":null,"result_warc_byte_offset":null},{"result_id":"1bcfb786-dcc2-5583-b073-36f121d7fc7b","result_url":"https:\/\/www.youtube.com\/watch?v=7UP5LJjOv8c","result_domain":"www.youtube.com","result_domain_public_suffix":"com","result_wayback_url":"https:\/\/web.archive.org\/web\/20200113014442\/https:\/\/www.youtube.com\/watch?v=7UP5LJjOv8c","result_wayback_raw_url":"https:\/\/web.archive.org\/web\/20200113014442id_\/https:\/\/www.youtube.com\/watch?v=7UP5LJjOv8c","result_snippet_rank":9,"result_snippet_title":"\u0412\u0435\u0442\u0440\u0435\u043d\u044b\u0439 24 \u0441\u0435\u0440\u0438\u044f \u0440\u0443\u0441\u0441\u043a\u0430\u044f \u043e\u0437\u0432\u0443\u0447\u043a\u0430 - \u041f\u0440\u043e\u0434\u043e\u043b\u0436\u0438\u0442\u0435\u043b\u044c\u043d\u043e\u0441\u0442\u044c: 2:51:40","result_snippet_text":"<em>\u0412\u0435\u0442\u0440\u0435\u043d\u044b\u0439<\/em> 24 \u0441\u0435\u0440\u0438\u044f \u0440\u0443\u0441\u0441\u043a\u0430\u044f \u043e\u0437\u0432\u0443\u0447\u043a\u0430 \u0441\u043c\u043e\u0442\u0440\u0435\u0442\u044c \u043e\u043d\u043b\u0430\u0439\u043d.","result_warc_relative_path":null,"result_warc_byte_offset":null},{"result_id":"262a46f3-320b-552c-a768-3e56562e623e","result_url":"https:\/\/www.youtube.com\/watch?v=DNbr3Du0Zew","result_domain":"www.youtube.com","result_domain_public_suffix":"com","result_wayback_url":"https:\/\/web.archive.org\/web\/20200113014442\/https:\/\/www.youtube.com\/watch?v=DNbr3Du0Zew","result_wayback_raw_url":"https:\/\/web.archive.org\/web\/20200113014442id_\/https:\/\/www.youtube.com\/watch?v=DNbr3Du0Zew","result_snippet_rank":10,"result_snippet_title":"\u0412\u0435\u0442\u0440\u0435\u043d\u044b\u0439 23 \u0441\u0435\u0440\u0438\u044f \u0440\u0443\u0441\u0441\u043a\u0430\u044f \u043e\u0437\u0432\u0443\u0447\u043a\u0430 ( \u0441\u0443\u0431\u0430\u0442\u0440\u044b) - \u041f\u0440\u043e\u0434\u043e\u043b\u0436\u0438\u0442\u0435\u043b\u044c\u043d\u043e\u0441\u0442\u044c: 2:47:49","result_snippet_text":null,"result_warc_relative_path":null,"result_warc_byte_offset":null},{"result_id":"9e3e1b7a-29a6-5a7d-a2ac-3e9dabf5fba2","result_url":"https:\/\/www.youtube.com\/watch?v=X89aHK4QyFo","result_domain":"www.youtube.com","result_domain_public_suffix":"com","result_wayback_url":"https:\/\/web.archive.org\/web\/20200113014442\/https:\/\/www.youtube.com\/watch?v=X89aHK4QyFo","result_wayback_raw_url":"https:\/\/web.archive.org\/web\/20200113014442id_\/https:\/\/www.youtube.com\/watch?v=X89aHK4QyFo","result_snippet_rank":11,"result_snippet_title":"\u0412\u0415\u0422\u0420\u0415\u041d\u042b\u0419 27 \u0421\u0415\u0420\u0418\u042f (\u0420\u0423\u0421\u0421\u041a\u0410\u042f \u041e\u0417\u0412\u0423\u0427\u041a\u0410) - \u041f\u0440\u043e\u0434\u043e\u043b\u0436\u0438\u0442\u0435\u043b\u044c\u043d\u043e\u0441\u0442\u044c: 2:36:54","result_snippet_text":"\u041d\u0430\u0448\u0430 \u0433\u0440\u0443\u043f\u043f\u0430 \u0432\u0441\u0442\u0443\u043f\u0430\u0439\u0442\u0435 ! \u0421\u0435\u0440\u0438\u044f \u0432 \u043f\u043e\u043b\u043d\u044b\u0439 \u044d\u043a\u0440\u0430\u043d \u0443 \u043d\u0430\u0441 \u0432 \u0433\u0440\u0443\u043f\u043f\u0435 https:\/\/vk.com\/hercai2 <em>\u0432\u0435\u0442\u0440\u0435\u043d\u044b\u0439<\/em> 27 \u0441\u0435\u0440\u0438\u044f, <em>\u0432\u0435\u0442\u0440\u0435\u043d\u044b\u0439<\/em>...","result_warc_relative_path":null,"result_warc_byte_offset":null},{"result_id":"5eb05fd1-1094-5ba3-bee8-fd0554a62740","result_url":"https:\/\/www.youtube.com\/watch?v=XmYSLHRV7Lg","result_domain":"www.youtube.com","result_domain_public_suffix":"com","result_wayback_url":"https:\/\/web.archive.org\/web\/20200113014442\/https:\/\/www.youtube.com\/watch?v=XmYSLHRV7Lg","result_wayback_raw_url":"https:\/\/web.archive.org\/web\/20200113014442id_\/https:\/\/www.youtube.com\/watch?v=XmYSLHRV7Lg","result_snippet_rank":12,"result_snippet_title":"\u0412\u0435\u0442\u0440\u0435\u043d\u044b\u0439 24 \u0441\u0435\u0440\u0438\u044f \u0440\u0443\u0441\u0441\u043a\u0430\u044f \u043e\u0437\u0432\u0443\u0447\u043a\u0430 - \u041f\u0440\u043e\u0434\u043e\u043b\u0436\u0438\u0442\u0435\u043b\u044c\u043d\u043e\u0441\u0442\u044c: 2:40:25","result_snippet_text":null,"result_warc_relative_path":null,"result_warc_byte_offset":null},{"result_id":"8061e7c5-82d0-5467-a24d-8cfbd5c26147","result_url":"https:\/\/www.youtube.com\/watch?v=Bmfg3cGbYM8","result_domain":"www.youtube.com","result_domain_public_suffix":"com","result_wayback_url":"https:\/\/web.archive.org\/web\/20200113014442\/https:\/\/www.youtube.com\/watch?v=Bmfg3cGbYM8","result_wayback_raw_url":"https:\/\/web.archive.org\/web\/20200113014442id_\/https:\/\/www.youtube.com\/watch?v=Bmfg3cGbYM8","result_snippet_rank":13,"result_snippet_title":"\u0412\u0415\u0422\u0420\u0415\u041d\u042b\u0419 24 \u0421\u0415\u0420\u0418\u042f \u0420\u0423\u0421\u0421\u041a\u0410\u042f \u041e\u0417\u0412\u0423\u0427\u041a\u0410 - \u041f\u0440\u043e\u0434\u043e\u043b\u0436\u0438\u0442\u0435\u043b\u044c\u043d\u043e\u0441\u0442\u044c: 2:43:25","result_snippet_text":"\u041d\u0430 \u0433\u043b\u0430\u0432\u043d\u0443\u044e \u0441\u0442\u0440\u0430\u043d\u0438\u0446\u0443 \u043a\u0430\u043d\u0430\u043b\u0430 https:\/\/www.youtube.com\/channel\/UC9gG0fjEIq8V0jROMniQBLQ?... \u0412 \u0440\u0443\u0431\u0440\u0438\u043a\u0435\u00a0...","result_warc_relative_path":null,"result_warc_byte_offset":null},{"result_id":"6d8a598c-7425-52fb-b12c-4cbc96a5041b","result_url":"https:\/\/www.youtube.com\/watch?v=jAgIQQ_PMHs","result_domain":"www.youtube.com","result_domain_public_suffix":"com","result_wayback_url":"https:\/\/web.archive.org\/web\/20200113014442\/https:\/\/www.youtube.com\/watch?v=jAgIQQ_PMHs","result_wayback_raw_url":"https:\/\/web.archive.org\/web\/20200113014442id_\/https:\/\/www.youtube.com\/watch?v=jAgIQQ_PMHs","result_snippet_rank":14,"result_snippet_title":"\u0412\u0415\u0422\u0420\u0415\u041d\u042b\u0419 23 \u0421\u0415\u0420\u0418\u042f \u0420\u0423\u0421\u0421\u041a\u0410\u042f \u041e\u0417\u0412\u0423\u0427\u041a\u0410.. - \u041f\u0440\u043e\u0434\u043e\u043b\u0436\u0438\u0442\u0435\u043b\u044c\u043d\u043e\u0441\u0442\u044c: 2:48:07","result_snippet_text":null,"result_warc_relative_path":null,"result_warc_byte_offset":null},{"result_id":"6c4efef9-8684-5331-963e-c120477c4ebb","result_url":"https:\/\/www.youtube.com\/watch?v=f3aHyirruFo","result_domain":"www.youtube.com","result_domain_public_suffix":"com","result_wayback_url":"https:\/\/web.archive.org\/web\/20200113014442\/https:\/\/www.youtube.com\/watch?v=f3aHyirruFo","result_wayback_raw_url":"https:\/\/web.archive.org\/web\/20200113014442id_\/https:\/\/www.youtube.com\/watch?v=f3aHyirruFo","result_snippet_rank":15,"result_snippet_title":"\u0412\u0415\u0422\u0420\u0415\u041d\u042b\u0419 25 \u0421\u0415\u0420\u0418\u042f \u0420\u0423\u0421\u0421\u041a\u0410\u042f \u041e\u0417\u0412\u0423\u0427\u041a\u0410 - \u041f\u0440\u043e\u0434\u043e\u043b\u0436\u0438\u0442\u0435\u043b\u044c\u043d\u043e\u0441\u0442\u044c: 2:36:03","result_snippet_text":"<em>\u0412\u0415\u0422\u0420\u0415\u041d\u042b\u0419<\/em> 25 \u0421\u0415\u0420\u0418\u042f \u0420\u0423\u0421\u0421\u041a\u0410\u042f \u041e\u0417\u0412\u0423\u0427\u041a\u0410.","result_warc_relative_path":null,"result_warc_byte_offset":null},{"result_id":"25e005dc-e0f5-5635-a08f-8a14d7c6fe32","result_url":"https:\/\/www.youtube.com\/watch?v=vMfsmYRvtrs","result_domain":"www.youtube.com","result_domain_public_suffix":"com","result_wayback_url":"https:\/\/web.archive.org\/web\/20200113014442\/https:\/\/www.youtube.com\/watch?v=vMfsmYRvtrs","result_wayback_raw_url":"https:\/\/web.archive.org\/web\/20200113014442id_\/https:\/\/www.youtube.com\/watch?v=vMfsmYRvtrs","result_snippet_rank":16,"result_snippet_title":"Beqaror 23-24 seriya \/ \u0411\u0435\u049b\u0430\u0440\u043e\u0440 23-14 \u049b\u0438\u0441\u043c \u0423\u0437\u0431\u0435\u043a \u0442\u0438\u043b\u0438\u0434\u0430 (\u0412\u0435\u0442\u0440\u0435\u043d\u044b\u0439) - \u041f\u0440\u043e\u0434\u043e\u043b\u0436\u0438\u0442\u0435\u043b\u044c\u043d\u043e\u0441\u0442\u044c: 1:05:31","result_snippet_text":null,"result_warc_relative_path":null,"result_warc_byte_offset":null},{"result_id":"d8c5d58f-173a-5186-a35f-6a648d244a6e","result_url":"https:\/\/www.youtube.com\/watch?v=zWCTAmzUBOg","result_domain":"www.youtube.com","result_domain_public_suffix":"com","result_wayback_url":"https:\/\/web.archive.org\/web\/20200113014442\/https:\/\/www.youtube.com\/watch?v=zWCTAmzUBOg","result_wayback_raw_url":"https:\/\/web.archive.org\/web\/20200113014442id_\/https:\/\/www.youtube.com\/watch?v=zWCTAmzUBOg","result_snippet_rank":17,"result_snippet_title":"\u041f\u043e\u0442\u0440\u0435\u0431\u0438\u0442\u0435\u043b\u044c\u0441\u043a\u0430\u044f \u043f\u0440\u043e\u0433\u0440\u0430\u043c\u043c\u0430 \u043f\u0440\u0435\u0446\u0435\u0441\u0441\u0438\u044f! - \u041f\u0440\u043e\u0434\u043e\u043b\u0436\u0438\u0442\u0435\u043b\u044c\u043d\u043e\u0441\u0442\u044c: 25:57","result_snippet_text":"\u0425\u041e\u0427\u0423 \u041f\u0420\u0415\u0414\u041b\u041e\u0416\u0418\u0422\u042c \u0412\u0410\u041c \u0417\u0410\u0420\u0410\u0411\u041e\u0422\u0410\u0422\u042c \u0411\u043e\u043b\u044c\u0448\u0438\u0435 \u0434\u0435\u043d\u044c\u0433\u0438 \u0432  \u041a\u041e\u041c\u041f\u0410\u041d\u0418\u0418 2019 \u0433\u043e\u0434\u0430 \"PRECESSION\"- \u0423\u041d\u0418\u041a\u0410\u041b\u042c\u041d\u042b\u041c  \u041c\u0410\u0420\u041a\u0415\u0422\u0418\u041d\u0413\u041e\u041c !!\ud83d\udd25...","result_warc_relative_path":null,"result_warc_byte_offset":null},{"result_id":"a49ada29-d4ad-52bc-9494-cd2e2e0bf04a","result_url":"https:\/\/www.youtube.com\/watch?v=whppYXJF424","result_domain":"www.youtube.com","result_domain_public_suffix":"com","result_wayback_url":"https:\/\/web.archive.org\/web\/20200113014442\/https:\/\/www.youtube.com\/watch?v=whppYXJF424","result_wayback_raw_url":"https:\/\/web.archive.org\/web\/20200113014442id_\/https:\/\/www.youtube.com\/watch?v=whppYXJF424","result_snippet_rank":18,"result_snippet_title":"\u0412\u0415\u0422\u0420\u0415\u041d\u042b\u0419 28 \u0420\u0423\u0421\u0421\u041a\u0410\u042f \u041e\u0417\u0412\u0423\u0427\u041a\u0410 - \u041f\u0440\u043e\u0434\u043e\u043b\u0436\u0438\u0442\u0435\u043b\u044c\u043d\u043e\u0441\u0442\u044c: 2:37:00","result_snippet_text":"2.","result_warc_relative_path":null,"result_warc_byte_offset":null},{"result_id":"7b190e89-8d90-59f0-a4af-4c0c96d937b1","result_url":"https:\/\/www.youtube.com\/watch?v=2j11FpAY2Pc","result_domain":"www.youtube.com","result_domain_public_suffix":"com","result_wayback_url":"https:\/\/web.archive.org\/web\/20200113014442\/https:\/\/www.youtube.com\/watch?v=2j11FpAY2Pc","result_wayback_raw_url":"https:\/\/web.archive.org\/web\/20200113014442id_\/https:\/\/www.youtube.com\/watch?v=2j11FpAY2Pc","result_snippet_rank":19,"result_snippet_title":"\u0412\u0435\u0442\u0440\u0435\u043d\u044b\u0439 22 \u0441\u0435\u0440\u0438\u044f \u0440\u0443\u0441\u0441\u043a\u0430\u044f \u043e\u0437\u0432\u0443\u0447\u043a\u0430 - \u041f\u0440\u043e\u0434\u043e\u043b\u0436\u0438\u0442\u0435\u043b\u044c\u043d\u043e\u0441\u0442\u044c: 2:56:14","result_snippet_text":"<em>\u0412\u0435\u0442\u0440\u0435\u043d\u044b\u0439<\/em> 22 \u0441\u0435\u0440\u0438\u044f \u0440\u0443\u0441\u0441\u043a\u0430\u044f \u043e\u0437\u0432\u0443\u0447\u043a\u0430 \u0441\u043c\u043e\u0442\u0440\u0435\u0442\u044c \u043e\u043d\u043b\u0430\u0439\u043d.","result_warc_relative_path":null,"result_warc_byte_offset":null},{"result_id":"5323b063-cc87-5296-8ff1-0eac33a18587","result_url":"https:\/\/www.youtube.com\/watch?v=wtP0mIu8Wac","result_domain":"www.youtube.com","result_domain_public_suffix":"com","result_wayback_url":"https:\/\/web.archive.org\/web\/20200113014442\/https:\/\/www.youtube.com\/watch?v=wtP0mIu8Wac","result_wayback_raw_url":"https:\/\/web.archive.org\/web\/20200113014442id_\/https:\/\/www.youtube.com\/watch?v=wtP0mIu8Wac","result_snippet_rank":20,"result_snippet_title":"\u0412\u0415\u0422\u0420\u0415\u041d\u042b\u0419 23 \u0421\u0415\u0420\u0418\u042f \u0420\u0423\u0421\u0421\u041a\u0410\u042f \u041e\u0417\u0412\u0423\u0427\u041a\u0410 - \u041f\u0440\u043e\u0434\u043e\u043b\u0436\u0438\u0442\u0435\u043b\u044c\u043d\u043e\u0441\u0442\u044c: 3:05","result_snippet_text":"\u0412 \u044d\u0442\u043e\u043c \u0432\u0438\u0434\u0435\u043e \u0441\u043c\u043e\u0442\u0440\u0438\u0442\u0435 <em>\u0412\u0415\u0422\u0420\u0415\u041d\u042b\u0419 23<\/em> \u0421\u0415\u0420\u0418\u042f \u0420\u0423\u0421\u0421\u041a\u0410\u042f \u041e\u0417\u0412\u0423\u0427\u041a\u0410 \u0410\u041d\u041e\u041d\u0421 \u0438 \u0434\u0430\u0442\u0430 \u0432\u044b\u0445\u043e\u0434\u0430, \u0447\u0442\u043e \u0431\u0443\u0434\u0435\u0442 \u0432 23 \u0441\u0435\u0440\u0438\u0438\u00a0...","result_warc_relative_path":null,"result_warc_byte_offset":null}],"search_provider_name":"youtube","search_provider_alexa_domain":"youtube.com","search_provider_alexa_domain_public_suffix":"com","search_provider_alexa_rank":2,"search_provider_category":"media-sharing"}
{"serp_id":"9c054fd9-d2df-5f23-89c9-7bfa404bd2f3","serp_url":"https:\/\/www.youtube.com\/results?search_query=%D1%88%D0%BF+%D0%BF%D1%80%D0%B8%D1%81%D1%82+8.2.5+%D0%BF%D0%B2%D0%B5","serp_timestamp":1579301058000,"serp_wayback_url":"https:\/\/web.archive.org\/web\/20200117234418\/https:\/\/www.youtube.com\/results?search_query=%D1%88%D0%BF+%D0%BF%D1%80%D0%B8%D1%81%D1%82+8.2.5+%D0%BF%D0%B2%D0%B5","serp_wayback_raw_url":"https:\/\/web.archive.org\/web\/20200117234418id_\/https:\/\/www.youtube.com\/results?search_query=%D1%88%D0%BF+%D0%BF%D1%80%D0%B8%D1%81%D1%82+8.2.5+%D0%BF%D0%B2%D0%B5","serp_page":null,"serp_offset":null,"serp_query_text_url":"\u0448\u043f \u043f\u0440\u0438\u0441\u0442 8.2.5 \u043f\u0432\u0435","serp_query_text_url_language":"sr","serp_query_text_html":"\u0448\u043f \u043f\u0440\u0438\u0441\u0442 8.2.5 \u043f\u0432\u0435","serp_warc_relative_path":"focused\/archived-raw-serps\/youtube\/youtube.com%2Fresults%3F\/0000000893\/0000000000.warc.gz","serp_warc_byte_offset":391948,"serp_results":[{"result_id":"6e58f0e6-103e-57c3-a39e-78e0ebde4c3c","result_url":"https:\/\/www.youtube.com\/watch?v=FVqihu11kyI","result_domain":"www.youtube.com","result_domain_public_suffix":"com","result_wayback_url":"https:\/\/web.archive.org\/web\/20200117234418\/https:\/\/www.youtube.com\/watch?v=FVqihu11kyI","result_wayback_raw_url":"https:\/\/web.archive.org\/web\/20200117234418id_\/https:\/\/www.youtube.com\/watch?v=FVqihu11kyI","result_snippet_rank":1,"result_snippet_title":"\ud83c\udf86\u0416\u0440\u0435\u0446 \u0422\u042c\u041c\u0410 \u0433\u0430\u0439\u0434 \u0411\u0424\u0410 PVE \u043f\u0430\u0442\u0447 8.2.5 WOW Battle for Azeroth\ud83c\udf86 - \u041f\u0440\u043e\u0434\u043e\u043b\u0436\u0438\u0442\u0435\u043b\u044c\u043d\u043e\u0441\u0442\u044c: 21:32","result_snippet_text":"\ud83c\udf86\u0416\u0440\u0435\u0446 \u0422\u042c\u041c\u0410 \u0433\u0430\u0439\u0434 \u0411\u0424\u0410 PVE \u043f\u0430\u0442\u0447 8.2.5 WOW Battle for Azeroth\ud83c\udf86\u0422\u0430\u0431\u043b\u0438\u0447\u043a\u0430 http:\/\/bit.ly\/DPriestSheetBFA1\u0412\u0441\u0442\u0443\u043f\u043b\u0435\u043d\u0438\u0435 00:17\u041f\u043b\u044e\u0441\u044b \u0438 ...","result_warc_relative_path":null,"result_warc_byte_offset":null},{"result_id":"0919ba7b-7c6e-5e35-b245-755fbd279056","result_url":"https:\/\/www.youtube.com\/watch?v=1Mpzg7W48is","result_domain":"www.youtube.com","result_domain_public_suffix":"com","result_wayback_url":"https:\/\/web.archive.org\/web\/20200117234418\/https:\/\/www.youtube.com\/watch?v=1Mpzg7W48is","result_wayback_raw_url":"https:\/\/web.archive.org\/web\/20200117234418id_\/https:\/\/www.youtube.com\/watch?v=1Mpzg7W48is","result_snippet_rank":2,"result_snippet_title":"\u0413\u0410\u0419\u0414 \u041d\u0410 \u0428\u041f \u041f\u0420\u0418\u0421\u0422\u0410 WoW 8.2.5. \u0416\u0440\u0435\u0446 \u0422\u044c\u043c\u0430 - \u041f\u0440\u043e\u0434\u043e\u043b\u0436\u0438\u0442\u0435\u043b\u044c\u043d\u043e\u0441\u0442\u044c: 28:32","result_snippet_text":"\u0412 \u044d\u0442\u043e\u043c \u0432\u0438\u0434\u0435\u043e\u0440\u043e\u043b\u0438\u043a\u0435 \u044f \u0412\u0430\u0441 \u043d\u0430\u0443\u0447\u0443, \u043a\u0430\u043a \u0431\u044b\u0442\u044c \u0442\u043e\u043f \u0434\u043f\u0441 \u0432 WoW Bfa \u0411\u0438\u0442\u0432\u0430 \u0437\u0430 \u0410\u0437\u0435\u0440\u043e\u0442 Battle for Azeroth \u043f\u0430\u0442\u0447 8.2.5 \u0437\u0430 \u0416\u0440\u0435\u0446\u0430(\u041f\u0440\u0438\u0441\u0442 ...","result_warc_relative_path":null,"result_warc_byte_offset":null},{"result_id":"ff47891c-4454-5ed3-9abb-3b8e6451f692","result_url":"https:\/\/www.youtube.com\/watch?v=BlQyT-bMEHY","result_domain":"www.youtube.com","result_domain_public_suffix":"com","result_wayback_url":"https:\/\/web.archive.org\/web\/20200117234418\/https:\/\/www.youtube.com\/watch?v=BlQyT-bMEHY","result_wayback_raw_url":"https:\/\/web.archive.org\/web\/20200117234418id_\/https:\/\/www.youtube.com\/watch?v=BlQyT-bMEHY","result_snippet_rank":3,"result_snippet_title":"\u0413\u0430\u0439\u0434 \u043d\u0430 \u0428\u041f \u043f\u0440\u0438\u0441\u0442\u0430 WOW BFA 8.2.0 - \u041f\u0440\u043e\u0434\u043e\u043b\u0436\u0438\u0442\u0435\u043b\u044c\u043d\u043e\u0441\u0442\u044c: 30:15","result_snippet_text":"\u0413\u0430\u0439\u0434, \u043c\u0435\u0445\u0430\u043d\u0438\u043a\u0430 \u0441\u043a\u0438\u043b\u043e\u0432 \u0438 \u0440\u043e\u0442\u0430\u0446\u0438\u044f <em>\u0428\u041f \u043f\u0440\u0438\u0441\u0442\u0430<\/em>.","result_warc_relative_path":null,"result_warc_byte_offset":null},{"result_id":"39da3fb3-b243-5f2a-9231-312af4f87b71","result_url":"https:\/\/www.youtube.com\/watch?v=JjjW3BwJz1g","result_domain":"www.youtube.com","result_domain_public_suffix":"com","result_wayback_url":"https:\/\/web.archive.org\/web\/20200117234418\/https:\/\/www.youtube.com\/watch?v=JjjW3BwJz1g","result_wayback_raw_url":"https:\/\/web.archive.org\/web\/20200117234418id_\/https:\/\/www.youtube.com\/watch?v=JjjW3BwJz1g","result_snippet_rank":4,"result_snippet_title":"BFA 8.2 Shadow Priest: \u0413\u0430\u0439\u0434 - \u041f\u0440\u043e\u0434\u043e\u043b\u0436\u0438\u0442\u0435\u043b\u044c\u043d\u043e\u0441\u0442\u044c: 36:16","result_snippet_text":"\u041d\u0430 \u043a\u0430\u043d\u0430\u043b\u0435 \u043c\u043d\u043e\u0433\u0438\u0435 \u043f\u0440\u043e\u0441\u0438\u043b\u0438 \u0437\u0430\u043f\u0438\u0441\u0430\u0442\u044c \u0413\u0430\u0439\u0434, \u043e\u0431\u0437\u043e\u0440 \u0438\u043b\u0438 \u043f\u0440\u043e\u0441\u0442\u043e \u0432\u0432\u0435\u0441\u0442\u0438 \u0432 \u043a\u0443\u0440\u0441 \u0438\u0433\u0440\u044b \u0437\u0430 <em>\u0428\u041f<\/em> (\u0416\u0440\u0435\u0446\u0430 \u0422\u044c\u043c\u044b). \u042f \u043f\u043e\u0441\u0442\u0430\u0440\u0430\u043b...","result_warc_relative_path":null,"result_warc_byte_offset":null},{"result_id":"f1a79c7e-195d-559b-8322-b17cb73a4d3c","result_url":"https:\/\/www.youtube.com\/watch?v=mhHUl8rCtLA","result_domain":"www.youtube.com","result_domain_public_suffix":"com","result_wayback_url":"https:\/\/web.archive.org\/web\/20200117234418\/https:\/\/www.youtube.com\/watch?v=mhHUl8rCtLA","result_wayback_raw_url":"https:\/\/web.archive.org\/web\/20200117234418id_\/https:\/\/www.youtube.com\/watch?v=mhHUl8rCtLA","result_snippet_rank":5,"result_snippet_title":"\u0428\u041f \u043d\u0430 \u0434\u043d\u0435? | \u041a\u043b\u044e\u0447\u0438\u043a\u0438, \u043b\u043e\u043a\u0430\u043b\u043a\u0438 | WOW BFA 8.2 - \u041f\u0440\u043e\u0434\u043e\u043b\u0436\u0438\u0442\u0435\u043b\u044c\u043d\u043e\u0441\u0442\u044c: 2:36:57","result_snippet_text":"\u041f\u043e\u0434\u0434\u0435\u0440\u0436\u0430\u0442\u044c \u043a\u0430\u043d\u0430\u043b (\u0435\u0441\u0442\u044c \u0432\u043e\u0437\u043c\u043e\u0436\u043d\u043e\u0441\u0442\u044c \u0437\u0430\u043a\u0430\u0437\u0430\u0442\u044c \u043c\u0443\u0437\u044b\u043a\u0443!): http:\/\/www.donationalerts.ru\/r\/hell_squad Btags \u041a\u043e\u043b\u044f: RaZZoR#2143\u00a0...","result_warc_relative_path":null,"result_warc_byte_offset":null},{"result_id":"18646812-78ea-5251-aeb5-ac786c68262e","result_url":"https:\/\/www.youtube.com\/watch?v=y_WebeTlIGY","result_domain":"www.youtube.com","result_domain_public_suffix":"com","result_wayback_url":"https:\/\/web.archive.org\/web\/20200117234418\/https:\/\/www.youtube.com\/watch?v=y_WebeTlIGY","result_wayback_raw_url":"https:\/\/web.archive.org\/web\/20200117234418id_\/https:\/\/www.youtube.com\/watch?v=y_WebeTlIGY","result_snippet_rank":6,"result_snippet_title":"SHADOW PRIEST IS AMAZING! 8.2.5 Shadow Priest GUIDE - \u041f\u0440\u043e\u0434\u043e\u043b\u0436\u0438\u0442\u0435\u043b\u044c\u043d\u043e\u0441\u0442\u044c: 16:11","result_snippet_text":"Shadow Priest is amazing and our 8.2.5 Shadow Priest Guide will teach you how to play shadow priest in both raiding and m+ ...","result_warc_relative_path":null,"result_warc_byte_offset":null},{"result_id":"8a93126b-fa27-570b-ad1c-7a40684109f0","result_url":"https:\/\/www.youtube.com\/watch?v=Vfmkpm79c1s","result_domain":"www.youtube.com","result_domain_public_suffix":"com","result_wayback_url":"https:\/\/web.archive.org\/web\/20200117234418\/https:\/\/www.youtube.com\/watch?v=Vfmkpm79c1s","result_wayback_raw_url":"https:\/\/web.archive.org\/web\/20200117234418id_\/https:\/\/www.youtube.com\/watch?v=Vfmkpm79c1s","result_snippet_rank":7,"result_snippet_title":"Shadow Priest Mythic+ Guide 8.2.5 - \u041f\u0440\u043e\u0434\u043e\u043b\u0436\u0438\u0442\u0435\u043b\u044c\u043d\u043e\u0441\u0442\u044c: 14:36","result_snippet_text":"Hey, can you tell I made this in an editing program I never used before? I hope this has been at least a bit useful for you. Enjoy the\u00a0...","result_warc_relative_path":null,"result_warc_byte_offset":null},{"result_id":"6e88dc3f-8f28-5df4-a4cc-46a60e5cb030","result_url":"https:\/\/www.youtube.com\/watch?v=fXaOLkvgBg0","result_domain":"www.youtube.com","result_domain_public_suffix":"com","result_wayback_url":"https:\/\/web.archive.org\/web\/20200117234418\/https:\/\/www.youtube.com\/watch?v=fXaOLkvgBg0","result_wayback_raw_url":"https:\/\/web.archive.org\/web\/20200117234418id_\/https:\/\/www.youtube.com\/watch?v=fXaOLkvgBg0","result_snippet_rank":8,"result_snippet_title":"\u0428\u041f PvE bfa 8.1.5 -  \u0413\u0440\u043e\u0431\u043d\u0438\u0446\u0430 \u041a\u043e\u0440\u043e\u043b\u0435\u0439 mythic + (12 key) , \u041b\u0435\u0442\u0438\u043c \u043d\u0430 +2 \u0441 \u043a\u043e\u043c\u0430\u043d\u0434\u043e\u0439 \u043c\u0435\u0447\u0442\u044b! - \u041f\u0440\u043e\u0434\u043e\u043b\u0436\u0438\u0442\u0435\u043b\u044c\u043d\u043e\u0441\u0442\u044c: 30:52","result_snippet_text":"\u041a\u043e\u043c\u0443 \u0438\u043d\u0442\u0435\u0440\u0435\u0441\u043d\u043e , \u0431\u0443\u0434\u0443 \u0434\u0435\u043b\u0430\u0442\u044c \u043d\u0430\u0440\u0435\u0437\u043a\u0438 \u0440\u0435\u0439\u0434\u043e\u0432 \u0438 \u043a\u043b\u044e\u0447\u0435\u0439 !) \u0442\u043e\u043b\u044c\u043a\u043e \u0433\u043b\u0430\u0437\u0430\u043c\u0438 <em>\u0428\u041f<\/em>.","result_warc_relative_path":null,"result_warc_byte_offset":null},{"result_id":"cfaed210-2044-5f71-8ab9-1ca960886536","result_url":"https:\/\/www.youtube.com\/watch?v=vXbP5nNr1CE","result_domain":"www.youtube.com","result_domain_public_suffix":"com","result_wayback_url":"https:\/\/web.archive.org\/web\/20200117234418\/https:\/\/www.youtube.com\/watch?v=vXbP5nNr1CE","result_wayback_raw_url":"https:\/\/web.archive.org\/web\/20200117234418id_\/https:\/\/www.youtube.com\/watch?v=vXbP5nNr1CE","result_snippet_rank":9,"result_snippet_title":"BFA 8.2 World PVP \u0437\u0430 \u0428\u041f - \u041f\u0440\u043e\u0434\u043e\u043b\u0436\u0438\u0442\u0435\u043b\u044c\u043d\u043e\u0441\u0442\u044c: 11:22","result_snippet_text":"\u0412\u0438\u0434\u0435\u043e \u043f\u043e\u043b\u0443\u0447\u0438\u043b\u043e\u0441\u044c \u0441\u043f\u043e\u043d\u0442\u0430\u043d\u043d\u043e, \u043f\u043e\u0441\u043b\u0435 \u0437\u0430\u043c\u0435\u0441\u0430 \u0432 \u043f\u0435\u0449\u0435\u0440\u0435 \u0437\u0430 \u0430\u0437\u0435\u0440\u0438\u0442. \u041e\u0447\u0435\u043d\u044c \u0436\u0430\u043b\u044c \u0447\u0442\u043e \u044f \u043d\u0435 \u0437\u0430\u043f\u0438\u0441\u0430\u043b 15 \u043c\u0438\u043d\u0443\u0442 \u043d\u0430\u0447\u0430\u043b\u0430 \u044d\u0442\u043e\u0439...","result_warc_relative_path":null,"result_warc_byte_offset":null},{"result_id":"de81031f-481d-5f05-abd2-8cc14d467b32","result_url":"https:\/\/www.youtube.com\/watch?v=gydm88auyqs","result_domain":"www.youtube.com","result_domain_public_suffix":"com","result_wayback_url":"https:\/\/web.archive.org\/web\/20200117234418\/https:\/\/www.youtube.com\/watch?v=gydm88auyqs","result_wayback_raw_url":"https:\/\/web.archive.org\/web\/20200117234418id_\/https:\/\/www.youtube.com\/watch?v=gydm88auyqs","result_snippet_rank":10,"result_snippet_title":"\u0422\u041e\u041f 5 \u0441\u0430\u043c\u044b\u0445 \u043a\u0440\u0443\u0442\u044b\u0445 \u0420\u0414\u0414 \u0440\u0435\u0439\u0434\u0430 \u0432\u0435\u0447\u043d\u044b\u0439 \u0410\u0437\u0448\u0430\u0440\u044b wow battle for azeroth \u043f\u0430\u0442\u0447 8.2 - \u041f\u0440\u043e\u0434\u043e\u043b\u0436\u0438\u0442\u0435\u043b\u044c\u043d\u043e\u0441\u0442\u044c: 4:35","result_snippet_text":"\u041f\u043e\u043a\u0443\u043f\u0430\u0439\u0442\u0435 \u043b\u0443\u0442-\u0440\u0435\u0439\u0434\u044b \u0432 \u0412\u0435\u0447\u043d\u044b\u0439 \u0414\u0432\u043e\u0440\u0435\u0446 \u043d\u0430 \u0431\u0438\u0440\u0436\u0435 FunPay: https:\/\/funpay.ru\/lots\/339\/?srcid=106 \u0412\u0441\u0435\u043c \u043f\u0440\u0438\u0432\u0435\u0442, \u0440\u0435\u0431\u044f\u0442, \u0441 \u0432\u0430\u043c\u0438\u00a0...","result_warc_relative_path":null,"result_warc_byte_offset":null},{"result_id":"04901d4c-5e99-5ef4-8b33-0d9022f41696","result_url":"https:\/\/www.youtube.com\/watch?v=y63gX3GTtjw","result_domain":"www.youtube.com","result_domain_public_suffix":"com","result_wayback_url":"https:\/\/web.archive.org\/web\/20200117234418\/https:\/\/www.youtube.com\/watch?v=y63gX3GTtjw","result_wayback_raw_url":"https:\/\/web.archive.org\/web\/20200117234418id_\/https:\/\/www.youtube.com\/watch?v=y63gX3GTtjw","result_snippet_rank":11,"result_snippet_title":"Shadow Priest Arena 2x2, patch 8.2.5 - \u041f\u0440\u043e\u0434\u043e\u043b\u0436\u0438\u0442\u0435\u043b\u044c\u043d\u043e\u0441\u0442\u044c: 30:14","result_snippet_text":"<em>\u0428\u041f<\/em> - \u044d\u0442\u043e \u043a\u043b\u0430\u0441\u0441 \u043e\u0442 \u043a\u043e\u0442\u043e\u0440\u043e\u0433\u043e \u044f \u043f\u043e\u043b\u0443\u0447\u0430\u044e \u043e\u0433\u0440\u043e\u043c\u043d\u043e\u0435 \u0443\u0434\u043e\u0432\u043e\u043b\u044c\u0441\u0442\u0432\u0438\u0435 \u0438\u0433\u0440\u0430\u044f \u043f\u043e\u0434\u043e\u0431\u043d\u044b\u0435 \u0430\u0440\u0435\u043d\u043a\u0438) \u043f\u0440\u0438\u044f\u0442\u043d\u043e\u0433\u043e \u043f\u0440\u043e\u0441\u043c\u043e\u0442\u0440\u0430.","result_warc_relative_path":null,"result_warc_byte_offset":null},{"result_id":"c2d2f7f7-3780-5020-828d-6f329843f0b8","result_url":"https:\/\/www.youtube.com\/watch?v=jt2BSVVPEf4","result_domain":"www.youtube.com","result_domain_public_suffix":"com","result_wayback_url":"https:\/\/web.archive.org\/web\/20200117234418\/https:\/\/www.youtube.com\/watch?v=jt2BSVVPEf4","result_wayback_raw_url":"https:\/\/web.archive.org\/web\/20200117234418id_\/https:\/\/www.youtube.com\/watch?v=jt2BSVVPEf4","result_snippet_rank":12,"result_snippet_title":"BFA 8.2.5 Shadow Priest PvP: \u041d\u0435 \u0443\u0431\u0438\u0432\u0430\u0435\u043c\u044b\u0439 - \u041f\u0440\u043e\u0434\u043e\u043b\u0436\u0438\u0442\u0435\u043b\u044c\u043d\u043e\u0441\u0442\u044c: 16:04","result_snippet_text":"\u041d\u0435 \u0432\u0435\u0440\u044c\u0442\u0435 \u0442\u0435\u043c, \u043a\u0442\u043e \u0433\u043e\u0432\u043e\u0440\u0438\u0442 \u0447\u0442\u043e <em>\u0428\u041f<\/em> \u043d\u0435 \u043e\u0447\u0435\u043d\u044c! \u0418\u043c \u043f\u0440\u0438\u044f\u0442\u043d\u043e \u0444\u0430\u0440\u043c\u0438\u0442\u044c \u0445\u043e\u043d\u043e\u0440 \u043a\u0438\u043b\u044b \u043d\u0430 \u0431\u0433, \u0430 \u0435\u0441\u043b\u0438 \u0434\u0435\u043b\u0430\u0442\u044c \u043d\u0435\u0447\u0435\u0433\u043e,...","result_warc_relative_path":null,"result_warc_byte_offset":null},{"result_id":"fdfbe41b-c63a-5822-a1b4-273c1eb3caa1","result_url":"https:\/\/www.youtube.com\/watch?v=dCq3wyvF4Mw","result_domain":"www.youtube.com","result_domain_public_suffix":"com","result_wayback_url":"https:\/\/web.archive.org\/web\/20200117234418\/https:\/\/www.youtube.com\/watch?v=dCq3wyvF4Mw","result_wayback_raw_url":"https:\/\/web.archive.org\/web\/20200117234418id_\/https:\/\/www.youtube.com\/watch?v=dCq3wyvF4Mw","result_snippet_rank":13,"result_snippet_title":"\u0412\u042b\u0428\u0415\u041b 1 \u041d\u0410 1 \u041f\u0420\u041e\u0422\u0418\u0412 \u0428\u0410\u0414\u041e\u0423 \u041f\u0420\u0418\u0421\u0422\u0410 \u0412 WOW - \u041f\u0440\u043e\u0434\u043e\u043b\u0436\u0438\u0442\u0435\u043b\u044c\u043d\u043e\u0441\u0442\u044c: 14:28","result_snippet_text":"\u0420\u0435\u0439\u0442\u0438\u043d\u0433 \u0430\u0440\u0435\u043d\u044b, \u0440\u0431\u0433, \u0441\u0435\u0434\u043b\u043e \u044f\u0440\u043e\u0441\u0442\u0438 \u0438 \u0434\u0440\u0443\u0433\u0438\u0435 PvP-\u0443\u0441\u043b\u0443\u0433\u0438 \u0432\u044b \u043c\u043e\u0436\u0435\u0442\u0435 \u043d\u0430\u0439\u0442\u0438 \u0442\u0443\u0442: https:\/\/funpay.ru\/lots\/341\/?srcid=109 \u041f\u0440\u0438\u044f\u0442\u043d\u043e\u0433\u043e\u00a0...","result_warc_relative_path":null,"result_warc_byte_offset":null},{"result_id":"5c2fb9a3-6e0d-51cb-9584-0ef4f01bd336","result_url":"https:\/\/www.youtube.com\/watch?v=dvdi4PdNZeg","result_domain":"www.youtube.com","result_domain_public_suffix":"com","result_wayback_url":"https:\/\/web.archive.org\/web\/20200117234418\/https:\/\/www.youtube.com\/watch?v=dvdi4PdNZeg","result_wayback_raw_url":"https:\/\/web.archive.org\/web\/20200117234418id_\/https:\/\/www.youtube.com\/watch?v=dvdi4PdNZeg","result_snippet_rank":14,"result_snippet_title":"5 \u043f\u0440\u0438\u0447\u0438\u043d \u0438\u0433\u0440\u0430\u0442\u044c \u0437\u0430 \u0428\u041f! - \u041f\u0440\u043e\u0434\u043e\u043b\u0436\u0438\u0442\u0435\u043b\u044c\u043d\u043e\u0441\u0442\u044c: 5:41","result_snippet_text":"\u041c\u043e\u0438 \u043f\u0440\u0438\u0447\u0438\u043d\u044b \u0432\u044b\u0431\u043e\u0440\u0430 \u044d\u0442\u043e\u0439 \u0441\u043f\u0435\u0446\u0438\u0430\u043b\u0438\u0437\u0430\u0446\u0438\u0438. \u0421\u043f\u0430\u0441\u0438\u0431\u043e \u0437\u0430 \u043f\u0440\u043e\u0441\u043c\u043e\u0442\u0440. vk.com\/zaptv\u00a0...","result_warc_relative_path":null,"result_warc_byte_offset":null},{"result_id":"0badd2f8-f302-5044-9ba3-43c1fae74d63","result_url":"https:\/\/www.youtube.com\/watch?v=06nxwE3grOU","result_domain":"www.youtube.com","result_domain_public_suffix":"com","result_wayback_url":"https:\/\/web.archive.org\/web\/20200117234418\/https:\/\/www.youtube.com\/watch?v=06nxwE3grOU","result_wayback_raw_url":"https:\/\/web.archive.org\/web\/20200117234418id_\/https:\/\/www.youtube.com\/watch?v=06nxwE3grOU","result_snippet_rank":15,"result_snippet_title":"\u0413\u0430\u0439\u0434 \u043d\u0430 \u0428\u041f \u0432 \u0411\u0438\u0442\u0432\u0435 \u0437\u0430 \u0410\u0437\u0435\u0440\u043e\u0442. 8.0.1 - \u041f\u0440\u043e\u0434\u043e\u043b\u0436\u0438\u0442\u0435\u043b\u044c\u043d\u043e\u0441\u0442\u044c: 23:47","result_snippet_text":"\u0414\u043e\u043b\u0433\u043e\u0436\u0434\u0430\u043d\u043d\u044b\u0439 \u0433\u0430\u0439\u0434 \u043d\u0430 <em>\u0428\u041f<\/em>. \u0420\u0430\u0437\u0431\u043e\u0440 \u0441 \u043f\u0440\u0438\u043c\u0435\u0440\u0430\u043c\u0438 \u0432 \u0411\u0438\u0442\u0432\u0435 \u0437\u0430 \u0410\u0437\u0435\u0440\u043e\u0442. ============================= \u041d\u0430\u0448\u0435 \u0441\u043e\u043e\u0431\u0449\u0435\u0441\u0442\u0432\u043e\u00a0...","result_warc_relative_path":null,"result_warc_byte_offset":null},{"result_id":"dbe52dd9-3f39-540c-be9a-fc4a5bef44a6","result_url":"https:\/\/www.youtube.com\/watch?v=-zXhvWfUgKM","result_domain":"www.youtube.com","result_domain_public_suffix":"com","result_wayback_url":"https:\/\/web.archive.org\/web\/20200117234418\/https:\/\/www.youtube.com\/watch?v=-zXhvWfUgKM","result_wayback_raw_url":"https:\/\/web.archive.org\/web\/20200117234418id_\/https:\/\/www.youtube.com\/watch?v=-zXhvWfUgKM","result_snippet_rank":16,"result_snippet_title":"8.2 Shadow Priest PVP Guide - \u041f\u0440\u043e\u0434\u043e\u043b\u0436\u0438\u0442\u0435\u043b\u044c\u043d\u043e\u0441\u0442\u044c: 25:46","result_snippet_text":"Talking about the best talents, pvp talents, essences, azerite traits, stats prio and general gameplay. Hope the video it helps!","result_warc_relative_path":null,"result_warc_byte_offset":null},{"result_id":"333be09b-59f1-517b-aed0-70c54fbb4295","result_url":"https:\/\/www.youtube.com\/watch?v=SCrto1sKlkM","result_domain":"www.youtube.com","result_domain_public_suffix":"com","result_wayback_url":"https:\/\/web.archive.org\/web\/20200117234418\/https:\/\/www.youtube.com\/watch?v=SCrto1sKlkM","result_wayback_raw_url":"https:\/\/web.archive.org\/web\/20200117234418id_\/https:\/\/www.youtube.com\/watch?v=SCrto1sKlkM","result_snippet_rank":17,"result_snippet_title":"\u0421\u0430\u043c\u044b\u0435 \u043b\u0451\u0433\u043a\u0438\u0435 \u0445\u0438\u043b\u044b \u0432 \u0411\u0438\u0442\u0432\u0435 \u0437\u0430 \u0410\u0437\u0435\u0440\u043e\u0442 \u041f\u0430\u0442\u0447 8.0 WoW - \u041f\u0440\u043e\u0434\u043e\u043b\u0436\u0438\u0442\u0435\u043b\u044c\u043d\u043e\u0441\u0442\u044c: 10:37","result_snippet_text":"\u0421\u0430\u043c\u044b\u0435 \u043b\u0451\u0433\u043a\u0438\u0435 \u0445\u0438\u043b\u044b \u0432 \u0411\u0438\u0442\u0432\u0435 \u0437\u0430 \u0410\u0437\u0435\u0440\u043e\u0442 \u041f\u0430\u0442\u0447 8.0 WoW \u25d8\u25d8\u25d8\u25d8\u25d8\u25d8\u25d8\u25d8\u25d8\u25d8\u25d8\u25d8\u25d8\u25d8\u25d8\u25d8\u25d8\u25d8\u25d8\u25d8\u25d8\u25d8\u25d8\u25d8\u25d8\u25d8\u25d8\u25d8\u25d8\u25d8\u25d8\u25d8\u25d8\u25d8\u25d8\u25d8\u25d8\u25d8...","result_warc_relative_path":null,"result_warc_byte_offset":null},{"result_id":"6c20bce7-c56b-58f5-bf89-b5df362f586a","result_url":"https:\/\/www.youtube.com\/watch?v=EgPS-LaoyQI","result_domain":"www.youtube.com","result_domain_public_suffix":"com","result_wayback_url":"https:\/\/web.archive.org\/web\/20200117234418\/https:\/\/www.youtube.com\/watch?v=EgPS-LaoyQI","result_wayback_raw_url":"https:\/\/web.archive.org\/web\/20200117234418id_\/https:\/\/www.youtube.com\/watch?v=EgPS-LaoyQI","result_snippet_rank":18,"result_snippet_title":"\u0422\u041e\u041f 5 \u0421\u0410\u041c\u042b\u0425 \u041a\u0420\u0423\u0422\u042b\u0425 \u0420\u0414\u0414 \u0414\u041b\u042f \u041c\u0418\u0424\u0418\u041a + \u0411\u0418\u0422\u0412\u042b \u0417\u0410 \u0410\u0417\u0415\u0420\u041e\u0422 - \u041f\u0440\u043e\u0434\u043e\u043b\u0436\u0438\u0442\u0435\u043b\u044c\u043d\u043e\u0441\u0442\u044c: 7:05","result_snippet_text":"\u0417\u0430\u043a\u0430\u0437\u044b\u0432\u0430\u0439\u0442\u0435 \u043f\u0440\u043e\u0445\u043e\u0436\u0434\u0435\u043d\u0438\u0435 \u043f\u043e\u0434\u0437\u0435\u043c\u0435\u043b\u0438\u0439 \u0438 \u043c\u0438\u0444\u0438\u043a+ \u043a\u043b\u044e\u0447\u0435\u0439 \u043d\u0430 FunPay: https:\/\/funpay.ru\/lots\/340\/?srcid=106 \u0412 \u044d\u0442\u043e\u043c \u0432\u0438\u0434\u0435\u043e \u044f\u00a0...","result_warc_relative_path":null,"result_warc_byte_offset":null},{"result_id":"09ee1d12-9934-589d-ae26-1739e6b8ad3a","result_url":"https:\/\/www.youtube.com\/watch?v=h4CHrp2Gick","result_domain":"www.youtube.com","result_domain_public_suffix":"com","result_wayback_url":"https:\/\/web.archive.org\/web\/20200117234418\/https:\/\/www.youtube.com\/watch?v=h4CHrp2Gick","result_wayback_raw_url":"https:\/\/web.archive.org\/web\/20200117234418id_\/https:\/\/www.youtube.com\/watch?v=h4CHrp2Gick","result_snippet_rank":19,"result_snippet_title":"2400 - 2v2 Shadow Destro walkthrough - 8.2 double dps - \u041f\u0440\u043e\u0434\u043e\u043b\u0436\u0438\u0442\u0435\u043b\u044c\u043d\u043e\u0441\u0442\u044c: 11:22","result_snippet_text":"Me and Papagen played some big 2400 shadow <em>priest<\/em> destruction warlock 2v2 and despite playing without any previous\u00a0...","result_warc_relative_path":null,"result_warc_byte_offset":null},{"result_id":"114ff465-0c2b-5422-846b-86c908830014","result_url":"https:\/\/www.youtube.com\/watch?v=ukLYeAYf_x4","result_domain":"www.youtube.com","result_domain_public_suffix":"com","result_wayback_url":"https:\/\/web.archive.org\/web\/20200117234418\/https:\/\/www.youtube.com\/watch?v=ukLYeAYf_x4","result_wayback_raw_url":"https:\/\/web.archive.org\/web\/20200117234418id_\/https:\/\/www.youtube.com\/watch?v=ukLYeAYf_x4","result_snippet_rank":20,"result_snippet_title":"\u041b\u0423\u0427\u0428\u0418\u0415 \u041c\u0438\u043b\u0438 \u0414\u0414 \u041a\u043b\u0430\u0441\u0441\u044b \u0432 \u0411\u0418\u0422\u0412\u0415 \u0417\u0410 \u0410\u0417\u0415\u0420\u041e\u0422 \u0434\u043b\u044f \u041f\u0432\u0415 \u0438 \u041f\u0432\u041f! \u041a\u043e\u0433\u043e \u041f\u0440\u043e\u043a\u0430\u0447\u0430\u0442\u044c? - \u041f\u0440\u043e\u0434\u043e\u043b\u0436\u0438\u0442\u0435\u043b\u044c\u043d\u043e\u0441\u0442\u044c: 7:23","result_snippet_text":"\u0417\u0430\u043a\u0430\u0437\u044b\u0432\u0430\u0439\u0442\u0435 \u043f\u0440\u043e\u043a\u0430\u0447\u043a\u0443 \u043f\u0435\u0440\u0441\u043e\u043d\u0430\u0436\u0430, \u043f\u0440\u043e\u0444\u0435\u0441\u0441\u0438\u0439 \u0438 \u043f\u043e\u043a\u0443\u043f\u043a\u0443 \u0437\u043e\u043b\u043e\u0442\u0430 \u043d\u0430 FunPay: https:\/\/funpay.ru\/lots\/344\/?srcid=110 \u0421\u0441\u044b\u043b\u043a\u0430 \u043d\u0430\u00a0...","result_warc_relative_path":null,"result_warc_byte_offset":null},{"result_id":"13e3c225-1fc7-562a-b02b-4990ac348ea1","result_url":"https:\/\/www.youtube.com\/watch?v=UMVFbSFLoRQ","result_domain":"www.youtube.com","result_domain_public_suffix":"com","result_wayback_url":"https:\/\/web.archive.org\/web\/20200117234418\/https:\/\/www.youtube.com\/watch?v=UMVFbSFLoRQ","result_wayback_raw_url":"https:\/\/web.archive.org\/web\/20200117234418id_\/https:\/\/www.youtube.com\/watch?v=UMVFbSFLoRQ","result_snippet_rank":21,"result_snippet_title":"DISCIPLINE PRIEST IS PURE FUN! 8.2.5 DISC Priest GUIDE - \u041f\u0440\u043e\u0434\u043e\u043b\u0436\u0438\u0442\u0435\u043b\u044c\u043d\u043e\u0441\u0442\u044c: 19:33","result_snippet_text":"Discipline Priest is pure fun and our 8.2.5 Disc priest guide will solidify that taking you through disc priest talents, gear ...","result_warc_relative_path":null,"result_warc_byte_offset":null},{"result_id":"c7e84ba0-f336-5b80-8202-ed306aab424d","result_url":"https:\/\/www.youtube.com\/watch?v=h_5nPX0kH-E","result_domain":"www.youtube.com","result_domain_public_suffix":"com","result_wayback_url":"https:\/\/web.archive.org\/web\/20200117234418\/https:\/\/www.youtube.com\/watch?v=h_5nPX0kH-E","result_wayback_raw_url":"https:\/\/web.archive.org\/web\/20200117234418id_\/https:\/\/www.youtube.com\/watch?v=h_5nPX0kH-E","result_snippet_rank":22,"result_snippet_title":"GET 430 ITEM LEVEL FAST - How To GEAR UP In Patch 8.2 | WoW BfA - \u041f\u0440\u043e\u0434\u043e\u043b\u0436\u0438\u0442\u0435\u043b\u044c\u043d\u043e\u0441\u0442\u044c: 17:04","result_snippet_text":"It's that time of year again, GEARING UP TIME! Let's have a look at how you can get 430 item level in Patch 8.2. Twitter\u00a0...","result_warc_relative_path":null,"result_warc_byte_offset":null},{"result_id":"d55bdeaf-ec94-5bf2-b039-59246f18a85c","result_url":"https:\/\/www.youtube.com\/watch?v=W-Br6dKxEnE","result_domain":"www.youtube.com","result_domain_public_suffix":"com","result_wayback_url":"https:\/\/web.archive.org\/web\/20200117234418\/https:\/\/www.youtube.com\/watch?v=W-Br6dKxEnE","result_wayback_raw_url":"https:\/\/web.archive.org\/web\/20200117234418id_\/https:\/\/www.youtube.com\/watch?v=W-Br6dKxEnE","result_snippet_rank":23,"result_snippet_title":"\u041b\u0423\u0427\u0428\u0418\u0415 \u041a\u041b\u0410\u0421\u0421\u042b \u0412 WoW 8.2.5 \u0434\u043b\u044f \u041c\u0418\u0424+ World of Wacraft BFA  (\u044d\u043f\u043e\u0445\u0430\u043b\u044c\u043d\u044b\u0435 \u043f\u043e\u0434\u0437\u0435\u043c\u0435\u043b\u044c\u044f \u0441 \u043a\u043b\u044e\u0447\u043e\u043c) - \u041f\u0440\u043e\u0434\u043e\u043b\u0436\u0438\u0442\u0435\u043b\u044c\u043d\u043e\u0441\u0442\u044c: 8:06","result_snippet_text":"\u0412\u0441\u0435\u043c \u043f\u0440\u0438\u0432\u0435\u0442 \u0434\u0440\u0443\u0437\u044c\u044f, \u0441 \u0432\u0430\u043c\u0438 \u041b\u0435\u0442\u0451\u0445\u0430 \u0441\u0435\u0433\u043e\u0434\u043d\u044f \u043c\u044b \u043f\u043e\u0433\u043e\u0432\u043e\u0440\u0438\u043c \u043e\u0431 \u0438\u0433\u0440\u043e\u0432\u044b\u0445 \u043a\u043b\u0430\u0441\u0441\u0430\u0445 \u0438 \u043a\u0430\u043a \u043e\u043d\u0438 \u043f\u043e\u043a\u0430\u0437\u044b\u0432\u0430\u044e\u0442 \u0441\u0435\u0431\u044f \u0432 \u043c\u0438\u0444\u0438\u043a...","result_warc_relative_path":null,"result_warc_byte_offset":null},{"result_id":"a8128ca6-49b0-5434-862a-efa9f11f1571","result_url":"https:\/\/www.youtube.com\/watch?v=ZA9ILkPSvVw","result_domain":"www.youtube.com","result_domain_public_suffix":"com","result_wayback_url":"https:\/\/web.archive.org\/web\/20200117234418\/https:\/\/www.youtube.com\/watch?v=ZA9ILkPSvVw","result_wayback_raw_url":"https:\/\/web.archive.org\/web\/20200117234418id_\/https:\/\/www.youtube.com\/watch?v=ZA9ILkPSvVw","result_snippet_rank":24,"result_snippet_title":"\u0428\u041f \u043f\u0430\u0442\u0447 8.2.5! \u0423\u043f\u0440\u0430\u0432\u043b\u044f\u0435\u043c \u0442\u044c\u043c\u043e\u0439 - \u041f\u0440\u043e\u0434\u043e\u043b\u0436\u0438\u0442\u0435\u043b\u044c\u043d\u043e\u0441\u0442\u044c: 2:45:18","result_snippet_text":"\u041f\u043e\u0434\u0434\u0435\u0440\u0436\u0430\u0442\u044c Zap TV  :http:\/\/donatepay.ru\/d\/ZapTV \u25ad\u25ad\u25ad\u25ad\u25ad\u25ad\u25ad\u25ad\u25ad\u25ad\u25ad\u25ad\u25ad\u25ad\u25ad\u25ad\u25ad\u25ad\u25ad\u25ad\u25ad\u25ad\u25ad\u25ad\u25ad\u25ad\u25ad\u25ad\u25ad \u041c\u043e\u0439 \u043b\u0430\u0439\u0432\u00a0...","result_warc_relative_path":null,"result_warc_byte_offset":null},{"result_id":"7525451a-8595-580c-ad08-ea5b56583abe","result_url":"https:\/\/www.youtube.com\/watch?v=y2-Bn6PuvE8","result_domain":"www.youtube.com","result_domain_public_suffix":"com","result_wayback_url":"https:\/\/web.archive.org\/web\/20200117234418\/https:\/\/www.youtube.com\/watch?v=y2-Bn6PuvE8","result_wayback_raw_url":"https:\/\/web.archive.org\/web\/20200117234418id_\/https:\/\/www.youtube.com\/watch?v=y2-Bn6PuvE8","result_snippet_rank":25,"result_snippet_title":"BFA 8.2 \u0420\u0435\u0439\u0442\u0438\u043d\u0433\u043e\u0432\u0430\u044f \u0410\u0440\u0435\u043d\u0430 \u0428\u041f+ \u0420\u043e\u0433\u0430+ \u0445\u0430\u0440\u0434\u043a\u043e\u0440 :) - \u041f\u0440\u043e\u0434\u043e\u043b\u0436\u0438\u0442\u0435\u043b\u044c\u043d\u043e\u0441\u0442\u044c: 13:33","result_snippet_text":"\u0412\u0435\u0447\u0435\u0440\u043e\u043c \u0432 \u043e\u0447\u0435\u0440\u0435\u0434\u043d\u043e\u0439 \u0440\u0430\u0437 \u0431\u044b\u043b\u043e \u0441\u043a\u0443\u0447\u043d\u043e, \u043f\u043e\u0448\u0435\u043b \u043d\u0430 \u0430\u0440\u0435\u043d\u0443 \u0438\u0441\u043a\u0430\u0442\u044c \u043f\u0440\u0438\u043a\u043b\u044e\u0447\u0435\u043d\u0438\u044f.. \u0412 \u043f\u043e\u0438\u0441\u043a\u0435 \u043d\u0430\u0448\u0435\u043b \u043f\u0435\u0440\u0432\u043e\u0433\u043e \u043f\u043e\u043f\u0430\u0432\u0448\u0435\u0433\u043e\u0441\u044f...","result_warc_relative_path":null,"result_warc_byte_offset":null},{"result_id":"ee7db047-9eb4-5a67-b8a9-a614de3fcfc4","result_url":"https:\/\/www.youtube.com\/watch?v=YP-vtd5ey0A","result_domain":"www.youtube.com","result_domain_public_suffix":"com","result_wayback_url":"https:\/\/web.archive.org\/web\/20200117234418\/https:\/\/www.youtube.com\/watch?v=YP-vtd5ey0A","result_wayback_raw_url":"https:\/\/web.archive.org\/web\/20200117234418id_\/https:\/\/www.youtube.com\/watch?v=YP-vtd5ey0A","result_snippet_rank":26,"result_snippet_title":"Shadow Priest PvE Guide 8.2 | Stats, Talents &amp; Rotation | World of Warcraft Battle for Azeroth - \u041f\u0440\u043e\u0434\u043e\u043b\u0436\u0438\u0442\u0435\u043b\u044c\u043d\u043e\u0441\u0442\u044c: 22:07","result_snippet_text":"Welcome to my Shadow <em>Priest<\/em> guide for World of Warcraft Battle for Azeroth 8.2. Here, you will learn how to play as a Shadow\u00a0...","result_warc_relative_path":null,"result_warc_byte_offset":null},{"result_id":"f42b799f-12e6-5555-b312-b2aa35980117","result_url":"https:\/\/www.youtube.com\/watch?v=Hg9Gnlydjyw","result_domain":"www.youtube.com","result_domain_public_suffix":"com","result_wayback_url":"https:\/\/web.archive.org\/web\/20200117234418\/https:\/\/www.youtube.com\/watch?v=Hg9Gnlydjyw","result_wayback_raw_url":"https:\/\/web.archive.org\/web\/20200117234418id_\/https:\/\/www.youtube.com\/watch?v=Hg9Gnlydjyw","result_snippet_rank":27,"result_snippet_title":"BFA 8.2 Shadow priest PvP: \u0420\u0430\u043d\u0434\u043e\u043c \u0411\u0413 \u0437\u0430 \u0422\u044c\u043c\u0443 - \u041f\u0440\u043e\u0434\u043e\u043b\u0436\u0438\u0442\u0435\u043b\u044c\u043d\u043e\u0441\u0442\u044c: 16:18","result_snippet_text":"\u0411\u0413 \u044d\u0442\u043e \u043e\u0434\u043d\u0430 \u0438\u0437 \u043e\u0441\u043d\u043e\u0432\u043d\u044b\u0445 \u043f\u043b\u043e\u0449\u0430\u0434\u043e\u043a \u0447\u0442\u043e \u0431\u044b \u0440\u0430\u0441\u043a\u0440\u044b\u0442\u044c \u043f\u043e\u0442\u0435\u043d\u0446\u0438\u0430\u043b \u0436\u0440\u0435\u0446\u0430 \u0442\u044c\u043c\u044b. \u0412 \u0441\u0430\u043c\u044b\u0445 \u0437\u0430\u043c\u0435\u0441\u0430\u0445 \u0432\u044b\u0431\u0438\u0440\u0430\u044f \u043f\u0440\u0430\u0432\u0438\u043b\u044c\u043d\u043e\u0435...","result_warc_relative_path":null,"result_warc_byte_offset":null},{"result_id":"062a378f-08be-5816-98c2-f10ea36ea545","result_url":"https:\/\/www.youtube.com\/watch?v=aSPml_IZ1TE","result_domain":"www.youtube.com","result_domain_public_suffix":"com","result_wayback_url":"https:\/\/web.archive.org\/web\/20200117234418\/https:\/\/www.youtube.com\/watch?v=aSPml_IZ1TE","result_wayback_raw_url":"https:\/\/web.archive.org\/web\/20200117234418id_\/https:\/\/www.youtube.com\/watch?v=aSPml_IZ1TE","result_snippet_rank":28,"result_snippet_title":"\u0416\u0440\u0435\u0446 \u043f\u043e\u0441\u043b\u0443\u0448\u0430\u043d\u0438\u0435 \u0433\u0430\u0439\u0434 \u0411\u0424\u0410 PVE \u043f\u0430\u0442\u0447 8.2 WOW Battle for Azeroth - \u041f\u0440\u043e\u0434\u043e\u043b\u0436\u0438\u0442\u0435\u043b\u044c\u043d\u043e\u0441\u0442\u044c: 23:43","result_snippet_text":"\u2694\ufe0f\u0416\u0440\u0435\u0446 \u043f\u043e\u0441\u043b\u0443\u0448\u0430\u043d\u0438\u0435 \u0433\u0430\u0439\u0434 \u0411\u0424\u0410 PVE \u043f\u0430\u0442\u0447 8.2 WOW Battle for Azeroth\u2694\ufe0f\u0422\u0430\u0431\u043b\u0438\u0447\u043a\u0430 http:\/\/bit.ly\/DPriestSheetBFA1\u0412\u0441\u0442\u0443\u043f\u043b\u0435\u043d\u0438\u0435 00:10 ...","result_warc_relative_path":null,"result_warc_byte_offset":null},{"result_id":"83dda04b-35db-5abb-9435-d9e598fcc0f3","result_url":"https:\/\/www.youtube.com\/watch?v=ZkEYbhTWBCQ","result_domain":"www.youtube.com","result_domain_public_suffix":"com","result_wayback_url":"https:\/\/web.archive.org\/web\/20200117234418\/https:\/\/www.youtube.com\/watch?v=ZkEYbhTWBCQ","result_wayback_raw_url":"https:\/\/web.archive.org\/web\/20200117234418id_\/https:\/\/www.youtube.com\/watch?v=ZkEYbhTWBCQ","result_snippet_rank":29,"result_snippet_title":"\u0422\u041e\u041f 7 \u043a\u043b\u0430\u0441\u0441\u043e\u0432 \u0434\u043b\u044f \u041c+ \u0432 BFA 8.2 - \u041f\u0440\u043e\u0434\u043e\u043b\u0436\u0438\u0442\u0435\u043b\u044c\u043d\u043e\u0441\u0442\u044c: 6:15","result_snippet_text":"\u041f\u043e\u0434\u0434\u0435\u0440\u0436\u0430\u0442\u044c \u0444\u0438\u043d\u0430\u043d\u0441\u043e\u0432\u043e : https:\/\/www.donationalerts.ru\/r\/priaa \u0421\u0441\u044b\u043b\u043a\u0430 \u043d\u0430 Discord : http:\/\/discord.gg\/priaa \u0421\u0441\u044b\u043b\u043a\u0430 \u043d\u0430 Twitch\u00a0...","result_warc_relative_path":null,"result_warc_byte_offset":null},{"result_id":"77290795-fda2-52b3-8f24-0f9bdc5cfa1d","result_url":"https:\/\/www.youtube.com\/watch?v=IwPx0seNVK4","result_domain":"www.youtube.com","result_domain_public_suffix":"com","result_wayback_url":"https:\/\/web.archive.org\/web\/20200117234418\/https:\/\/www.youtube.com\/watch?v=IwPx0seNVK4","result_wayback_raw_url":"https:\/\/web.archive.org\/web\/20200117234418id_\/https:\/\/www.youtube.com\/watch?v=IwPx0seNVK4","result_snippet_rank":30,"result_snippet_title":"\u2744\ufe0f\u0410\u043a\u0442\u0443\u0430\u043b\u044c\u043d\u043e\u0441\u0442\u044c \u041f\u0440\u0438\u0441\u0442\u0430 (\u0416\u0440\u0435\u0446)\u0432 \u043f\u0430\u0442\u0447\u0435 8.1.5 WoW Battle for Azeroth\ud83d\udd25 - \u041f\u0440\u043e\u0434\u043e\u043b\u0436\u0438\u0442\u0435\u043b\u044c\u043d\u043e\u0441\u0442\u044c: 16:07","result_snippet_text":"\u2744\ufe0f\u0410\u043a\u0442\u0443\u0430\u043b\u044c\u043d\u043e\u0441\u0442\u044c \u041f\u0440\u0438\u0441\u0442\u0430 (\u0416\u0440\u0435\u0446)\u0432 \u043f\u0430\u0442\u0447\u0435 8.1.5 WoW Battle for Azeroth\ud83d\udd25\u27a1\ufe0f Warcraft Priests Discord: https:\/\/discord.gg\/3hhuah\u27a1\ufe0f ...","result_warc_relative_path":null,"result_warc_byte_offset":null}],"search_provider_name":"youtube","search_provider_alexa_domain":"youtube.com","search_provider_alexa_domain_public_suffix":"com","search_provider_alexa_rank":2,"search_provider_category":"media-sharing"}
