serp_id,serp_url,serp_timestamp,serp_wayback_url,serp_wayback_raw_url,serp_page,serp_offset,serp_query_text_url,serp_query_text_url_language,serp_query_text_html,serp_warc_relative_path,serp_warc_byte_offset,serp_results,search_provider_name,search_provider_alexa_domain,search_provider_alexa_domain_public_suffix,search_provider_alexa_rank,search_provider_category
f4998b98-d297-583c-a7a3-4c24ce7b4eff,https://www.youtube.com/results?search_query=%D0%BC%D0%B8%D1%81%D1%82%D0%B5%D1%80+%D0%BA%D0%BE%D1%82+%D0%BC%D0%B0%D0%B9%D0%BD%D0%BA%D1%80%D0%B0%D1%84%D1%82,2020-01-18 02:15:48,https://web.archive.org/web/20200118031548/https://www.youtube.com/results?search_query=%D0%BC%D0%B8%D1%81%D1%82%D0%B5%D1%80+%D0%BA%D0%BE%D1%82+%D0%BC%D0%B0%D0%B9%D0%BD%D0%BA%D1%80%D0%B0%D1%84%D1%82,https://web.archive.org/web/20200118031548id_/https://www.youtube.com/results?search_query=%D0%BC%D0%B8%D1%81%D1%82%D0%B5%D1%80+%D0%BA%D0%BE%D1%82+%D0%BC%D0%B0%D0%B9%D0%BD%D0%BA%D1%80%D0%B0%D1%84%D1%82,,,мистер кот майнкрафт,mk,мистер кот майнкрафт,focused/archived-raw-serps/youtube/youtube.com%2Fresults%3F/0000000612/0000000000.warc.gz,423957,"[{'result_id': '66587c6b-d38d-5f61-9603-8685b342d83d', 'result_url': 'https://www.youtube.com/watch?v=d_40KXu1hl0', 'result_domain': 'www.youtube.com', 'result_domain_public_suffix': 'com', 'result_wayback_url': 'https://web.archive.org/web/20200118031548/https://www.youtube.com/watch?v=d_40KXu1hl0', 'result_wayback_raw_url': 'https://web.archive.org/web/20200118031548id_/https://www.youtube.com/watch?v=d_40KXu1hl0', 'result_snippet_rank': 1, 'result_snippet_title': 'МАГАЗИН ЗА ЗЕМЛИ В МАЙНКРАФТ - Продолжительность: 17:42', 'result_snippet_text': None, 'result_warc_relative_path': None, 'result_warc_byte_offset': None}
 {'result_id': '3beedd0d-35cd-550b-8051-c483662c8dc0', 'result_url': 'https://www.youtube.com/watch?v=KjJia-QuLCU', 'result_domain': 'www.youtube.com', 'result_domain_public_suffix': 'com', 'result_wayback_url': 'https://web.archive.org/web/20200118031548/https://www.youtube.com/watch?v=KjJia-QuLCU', 'result_wayback_raw_url': 'https://web.archive.org/web/20200118031548id_/https://www.youtube.com/watch?v=KjJia-QuLCU', 'result_snippet_rank': 2, 'result_snippet_title': 'Minecraft - 33 летний Mr. Cat в первый раз пробует Майнкрафт! - Продолжительность: 15:15', 'result_snippet_text': 'Нестандартное прохождение Skyrim SE Выживание  -- https://www.youtube.com/playlist?list=PL9mRuCrDoPYsk2v_90... ...', 'result_warc_relative_path': None, 'result_warc_byte_offset': None}
 {'result_id': '31df8052-e255-5fc7-a68f-bf4c7779e778', 'result_url': 'https://www.youtube.com/watch?v=tKwDRDsVM08', 'result_domain': 'www.youtube.com', 'result_domain_public_suffix': 'com', 'result_wayback_url': 'https://web.archive.org/web/20200118031548/https://www.youtube.com/watch?v=tKwDRDsVM08', 'result_wayback_raw_url': 'https://web.archive.org/web/20200118031548id_/https://www.youtube.com/watch?v=tKwDRDsVM08', 'result_snippet_rank': 3, 'result_snippet_title': 'Minecraft - Я ТАКОГО НЕ ОЖИДАЛ! - Продолжительность: 19:54', 'result_snippet_text': 'Нестандартное прохождение Skyrim SE Выживание  -- https://www.youtube.com/playlist?list=PL9mRuCrDoPYsk2v_90... ...', 'result_warc_relative_path': None, 'result_warc_byte_offset': None}
 {'result_id': 'b318dc49-6f50-5ed2-869b-075a33d69fc9', 'result_url': 'https://www.youtube.com/watch?v=YLNIm0ZrqQA', 'result_domain': 'www.youtube.com', 'result_domain_public_suffix': 'com', 'result_wayback_url': 'https://web.archive.org/web/20200118031548/https://www.youtube.com/watch?v=YLNIm0ZrqQA', 'result_wayback_raw_url': 'https://web.archive.org/web/20200118031548id_/https://www.youtube.com/watch?v=YLNIm0ZrqQA', 'result_snippet_rank': 4, 'result_snippet_title': 'МАЙНКРАФТ|MINECRAFT НА СЕРВЕРАХ 1 - Продолжительность: 43:53', 'result_snippet_text': '<em>МАЙНКРАФТ</em>|<em>MINECRAFT</em> НА СЕРВЕРАХ. Часть 1.', 'result_warc_relative_path': None, 'result_warc_byte_offset': None}
 {'result_id': 'a59ad62e-2b24-52cb-bc6c-0ce31f9d78c2', 'result_url': 'https://www.youtube.com/watch?v=8KU55i66CJw', 'result_domain': 'www.youtube.com', 'result_domain_public_suffix': 'com', 'result_wayback_url': 'https://web.archive.org/web/20200118031548/https://www.youtube.com/watch?v=8KU55i66CJw', 'result_wayback_raw_url': 'https://web.archive.org/web/20200118031548id_/https://www.youtube.com/watch?v=8KU55i66CJw', 'result_snippet_rank': 5, 'result_snippet_title': 'Minecraft МАКС НЕ НУБ!!! - Продолжительность: 19:17', 'result_snippet_text': 'МОЙ Instagram ▻ ПОДПИСЫВАЕМСЯ!!! https://www.instagram.com/officialmistermax/ Мой СУПЕР канал <em>Mister</em> Max:\xa0...', 'result_warc_relative_path': None, 'result_warc_byte_offset': None}
 {'result_id': 'fd6bcb2d-4806-532c-9fa0-58ae6c85ca63', 'result_url': 'https://www.youtube.com/channel/UCr4eNGYYzPqLvIjTlluEn0A', 'result_domain': 'www.youtube.com', 'result_domain_public_suffix': 'com', 'result_wayback_url': 'https://web.archive.org/web/20200118031548/https://www.youtube.com/channel/UCr4eNGYYzPqLvIjTlluEn0A', 'result_wayback_raw_url': 'https://web.archive.org/web/20200118031548id_/https://www.youtube.com/channel/UCr4eNGYYzPqLvIjTlluEn0A', 'result_snippet_rank': 6, 'result_snippet_title': 'Dr. cat - Канал', 'result_snippet_text': 'Всем привет! Вы на ходитесь на канале Dr.<em>Cat</em>. Здесь вы найдете много крутых и веселых видео, такие как: видео...', 'result_warc_relative_path': None, 'result_warc_byte_offset': None}
 {'result_id': '1a11244a-5d78-5e6f-b781-2e03140609b5', 'result_url': 'https://www.youtube.com/watch?v=uneC_5eqwSI', 'result_domain': 'www.youtube.com', 'result_domain_public_suffix': 'com', 'result_wayback_url': 'https://web.archive.org/web/20200118031548/https://www.youtube.com/watch?v=uneC_5eqwSI', 'result_wayback_raw_url': 'https://web.archive.org/web/20200118031548id_/https://www.youtube.com/watch?v=uneC_5eqwSI', 'result_snippet_rank': 7, 'result_snippet_title': 'МАЙНКРАФТ. СТАЛ ПРОДАВЦОМ МАГАЗИНА ЗА ЗЕМЛЮ В MINECRAFT - Продолжительность: 20:53', 'result_snippet_text': 'Я в шоке!!! Никогда не было так много событий на одном сервере мультиплеера: случайно скинули алмазную лопат...', 'result_warc_relative_path': None, 'result_warc_byte_offset': None}
 {'result_id': 'a535281d-4882-5144-a93d-b3c6df92749e', 'result_url': 'https://www.youtube.com/watch?v=ZZHJGwY5ves', 'result_domain': 'www.youtube.com', 'result_domain_public_suffix': 'com', 'result_wayback_url': 'https://web.archive.org/web/20200118031548/https://www.youtube.com/watch?v=ZZHJGwY5ves', 'result_wayback_raw_url': 'https://web.archive.org/web/20200118031548id_/https://www.youtube.com/watch?v=ZZHJGwY5ves', 'result_snippet_rank': 8, 'result_snippet_title': 'КАТЯ НЕ НУБ в Minecraft - Продолжительность: 15:53', 'result_snippet_text': 'МОЙ Instagram ▻ https://www.instagram.com/katymisskaty/ ПОДПИСЫВАЙСЯ!!!! Мой СУПЕР Канал Miss Katy:\xa0...', 'result_warc_relative_path': None, 'result_warc_byte_offset': None}
 {'result_id': '36272f76-ac95-5997-a5b9-7e2e24f6c08b', 'result_url': 'https://www.youtube.com/watch?v=B-16AAv5y4o', 'result_domain': 'www.youtube.com', 'result_domain_public_suffix': 'com', 'result_wayback_url': 'https://web.archive.org/web/20200118031548/https://www.youtube.com/watch?v=B-16AAv5y4o', 'result_wayback_raw_url': 'https://web.archive.org/web/20200118031548id_/https://www.youtube.com/watch?v=B-16AAv5y4o', 'result_snippet_rank': 9, 'result_snippet_title': 'Minecraft - СВИНИНА ХОРОШО КОПАЕТ - Продолжительность: 11:29', 'result_snippet_text': 'МОЙ Instagram ▻ ПОДПИСЫВАЕМСЯ!!! https://www.instagram.com/officialmistermax/ Мой СУПЕР канал <em>Mister</em> Max:\xa0...', 'result_warc_relative_path': None, 'result_warc_byte_offset': None}
 {'result_id': '95165a68-e00f-5a91-bad9-dfa7b2b72b88', 'result_url': 'https://www.youtube.com/watch?v=oapFXM5wvFs', 'result_domain': 'www.youtube.com', 'result_domain_public_suffix': 'com', 'result_wayback_url': 'https://web.archive.org/web/20200118031548/https://www.youtube.com/watch?v=oapFXM5wvFs', 'result_wayback_raw_url': 'https://web.archive.org/web/20200118031548id_/https://www.youtube.com/watch?v=oapFXM5wvFs', 'result_snippet_rank': 10, 'result_snippet_title': 'ЧТО ДЕЛАЕТ ваш КОТ ПОКА ВЫ СПИТЕ в МАЙНКРАФТ - Продолжительность: 6:02', 'result_snippet_text': 'Секреты и факты о новых котах minecraft 1.14🔸Я в ВК - https://vk.com/mr_bav#minecraft#майнкрафт', 'result_warc_relative_path': None, 'result_warc_byte_offset': None}
 {'result_id': '633251d5-c3b7-577e-8dc4-3d5117172228', 'result_url': 'https://www.youtube.com/watch?v=uN6lDE2kdQk', 'result_domain': 'www.youtube.com', 'result_domain_public_suffix': 'com', 'result_wayback_url': 'https://web.archive.org/web/20200118031548/https://www.youtube.com/watch?v=uN6lDE2kdQk', 'result_wayback_raw_url': 'https://web.archive.org/web/20200118031548id_/https://www.youtube.com/watch?v=uN6lDE2kdQk', 'result_snippet_rank': 11, 'result_snippet_title': 'Лютые приколы. КОГДА КОТ ВСЮ НОЧЬ ИГРАЛ В МАЙНКРАФТ!!! СМЕШНЫЕ КОТЫ! Засмеялся проиграл – Domi Show - Продолжительность: 11:48', 'result_snippet_text': 'Лютые приколы. КОГДА КОТ ВСЮ НОЧЬ ИГРАЛ В МАЙНКРАФТ!!! СМЕШНЫЕ КОТЫ! Засмеялся проиграл! Если кот всю ночь...', 'result_warc_relative_path': None, 'result_warc_byte_offset': None}
 {'result_id': 'bba93292-a2d2-5e01-a670-ddc98a03db9e', 'result_url': 'https://www.youtube.com/watch?v=LuzOmgEfTaQ', 'result_domain': 'www.youtube.com', 'result_domain_public_suffix': 'com', 'result_wayback_url': 'https://web.archive.org/web/20200118031548/https://www.youtube.com/watch?v=LuzOmgEfTaQ', 'result_wayback_raw_url': 'https://web.archive.org/web/20200118031548id_/https://www.youtube.com/watch?v=LuzOmgEfTaQ', 'result_snippet_rank': 12, 'result_snippet_title': 'БЕД ВАРС В МАЙНКРАФТ - Продолжительность: 33:52', 'result_snippet_text': 'Бед Варс в Minecarft.', 'result_warc_relative_path': None, 'result_warc_byte_offset': None}
 {'result_id': '7ca51189-c7dc-5123-95d1-098cee0fcfd7', 'result_url': 'https://www.youtube.com/watch?v=E6TVv9ZdtBM', 'result_domain': 'www.youtube.com', 'result_domain_public_suffix': 'com', 'result_wayback_url': 'https://web.archive.org/web/20200118031548/https://www.youtube.com/watch?v=E6TVv9ZdtBM', 'result_wayback_raw_url': 'https://web.archive.org/web/20200118031548id_/https://www.youtube.com/watch?v=E6TVv9ZdtBM', 'result_snippet_rank': 13, 'result_snippet_title': 'МАЙНКРАФТ. РАБОТАЮ ОХРАННИКОМ В МИНИ ГОРОДЕ В MINECRAFT - Продолжительность: 19:46', 'result_snippet_text': 'Устроился на работу охранником в <em>Майнкрафт</em>. Комментарии с матами и оскорблениями удаляются. Уважайте...', 'result_warc_relative_path': None, 'result_warc_byte_offset': None}
 {'result_id': '3c6ae20e-8c37-5544-a50c-7b89878d3015', 'result_url': 'https://www.youtube.com/watch?v=t687XuDNLKs', 'result_domain': 'www.youtube.com', 'result_domain_public_suffix': 'com', 'result_wayback_url': 'https://web.archive.org/web/20200118031548/https://www.youtube.com/watch?v=t687XuDNLKs', 'result_wayback_raw_url': 'https://web.archive.org/web/20200118031548id_/https://www.youtube.com/watch?v=t687XuDNLKs', 'result_snippet_rank': 14, 'result_snippet_title': 'Мультиплеер Магазин за землю - Продолжительность: 10:52', 'result_snippet_text': None, 'result_warc_relative_path': None, 'result_warc_byte_offset': None}
 {'result_id': '75aef3a0-ae0d-54d9-8c95-c4fa0437c4b8', 'result_url': 'https://www.youtube.com/watch?v=TSEj93RtDt0', 'result_domain': 'www.youtube.com', 'result_domain_public_suffix': 'com', 'result_wayback_url': 'https://web.archive.org/web/20200118031548/https://www.youtube.com/watch?v=TSEj93RtDt0', 'result_wayback_raw_url': 'https://web.archive.org/web/20200118031548id_/https://www.youtube.com/watch?v=TSEj93RtDt0', 'result_snippet_rank': 15, 'result_snippet_title': 'МАЙНКРАФТ. СБЕЖАЛ ИЗ ТЮРЬМЫ С ПОДПИСЧИКОМ, НО НАС ПОЙМАЛИ В MINECRAFT - Продолжительность: 11:12', 'result_snippet_text': 'Сбежал из тюрьмы с подписчиком, но нас поймали в <em>Майнкрафт</em>. Комментарии с матами и оскорблениями удаляю...', 'result_warc_relative_path': None, 'result_warc_byte_offset': None}
 {'result_id': 'c000f0ff-6f1b-5bde-9de0-dede544b8c8f', 'result_url': 'https://www.youtube.com/watch?v=c1euJCWjEDA', 'result_domain': 'www.youtube.com', 'result_domain_public_suffix': 'com', 'result_wayback_url': 'https://web.archive.org/web/20200118031548/https://www.youtube.com/watch?v=c1euJCWjEDA', 'result_wayback_raw_url': 'https://web.archive.org/web/20200118031548id_/https://www.youtube.com/watch?v=c1euJCWjEDA', 'result_snippet_rank': 16, 'result_snippet_title': 'Гриф магазина!!!!!!!!!!!!!!!!!!!!!!!!!!!!!!!!!!!!!!!!!!!!!!!!!!!!!!!!!!!!!!! - Продолжительность: 59:12', 'result_snippet_text': 'Поставь лайк и падпишись !!!', 'result_warc_relative_path': None, 'result_warc_byte_offset': None}
 {'result_id': 'bfc1574d-ef88-5153-a0db-f344b94b4fde', 'result_url': 'https://www.youtube.com/watch?v=obO3czrz9es', 'result_domain': 'www.youtube.com', 'result_domain_public_suffix': 'com', 'result_wayback_url': 'https://web.archive.org/web/20200118031548/https://www.youtube.com/watch?v=obO3czrz9es', 'result_wayback_raw_url': 'https://web.archive.org/web/20200118031548id_/https://www.youtube.com/watch?v=obO3czrz9es', 'result_snippet_rank': 17, 'result_snippet_title': 'Магазин за землю в майнкрафте..... - Продолжительность: 12:10', 'result_snippet_text': 'А вот ссылка на мои каникулы..... https://vk.com/video397302207_456239017.', 'result_warc_relative_path': None, 'result_warc_byte_offset': None}
 {'result_id': 'a5199e8b-cc67-528a-b9d7-a74ee7b27aab', 'result_url': 'https://www.youtube.com/watch?v=KVRkeeJx2vE', 'result_domain': 'www.youtube.com', 'result_domain_public_suffix': 'com', 'result_wayback_url': 'https://web.archive.org/web/20200118031548/https://www.youtube.com/watch?v=KVRkeeJx2vE', 'result_wayback_raw_url': 'https://web.archive.org/web/20200118031548id_/https://www.youtube.com/watch?v=KVRkeeJx2vE', 'result_snippet_rank': 18, 'result_snippet_title': 'МАГАЗИН ЗА ЗЕМЛЮ В майнкрафт 10000 АЛМАЗОВ ЗА 1 ЗЕМЛЮ НУБ МЕНЯЕТСЯ С ПРО ТРОЛЛИНГ ЛОВУШКА MINECRAFT - Продолжительность: 11:48', 'result_snippet_text': 'МАГАЗИН ЗА ЗЕМЛЮ В МАЙНКРАФТ 10000 АЛМАЗОВ ЗА 1 ЗЕМЛЮ НУБ МЕНЯЕТСЯ С ПРО ТРОЛЛИНГ ЛОВУШКА MINECRAFT Привет друг...', 'result_warc_relative_path': None, 'result_warc_byte_offset': None}
 {'result_id': 'b785845b-981a-58b5-9532-911cde652c1a', 'result_url': 'https://www.youtube.com/watch?v=PP_Hb-mq0K0', 'result_domain': 'www.youtube.com', 'result_domain_public_suffix': 'com', 'result_wayback_url': 'https://web.archive.org/web/20200118031548/https://www.youtube.com/watch?v=PP_Hb-mq0K0', 'result_wayback_raw_url': 'https://web.archive.org/web/20200118031548id_/https://www.youtube.com/watch?v=PP_Hb-mq0K0', 'result_snippet_rank': 19, 'result_snippet_title': 'МАЙНКРАФТ. Я В ШКОЛЕ - Продолжительность: 27:27', 'result_snippet_text': 'Dr <em>cat</em> ПОПАЛ В ШКОЛУ И В КОНЦЕ СДЕЛАЕТ ПОБЕГ.', 'result_warc_relative_path': None, 'result_warc_byte_offset': None}
 {'result_id': '72b4500f-0355-517d-b439-98628705f3be', 'result_url': 'https://www.youtube.com/watch?v=Zx3avk2pxlI', 'result_domain': 'www.youtube.com', 'result_domain_public_suffix': 'com', 'result_wayback_url': 'https://web.archive.org/web/20200118031548/https://www.youtube.com/watch?v=Zx3avk2pxlI', 'result_wayback_raw_url': 'https://web.archive.org/web/20200118031548id_/https://www.youtube.com/watch?v=Zx3avk2pxlI', 'result_snippet_rank': 20, 'result_snippet_title': 'Гриферю магазин !!! - Продолжительность: 6:34', 'result_snippet_text': 'Всем привет! Меня зовут Миша. Подписывайтесь на мой канал здесь:\xa0...', 'result_warc_relative_path': None, 'result_warc_byte_offset': None}
 {'result_id': '4630a8d2-b529-5a85-a9da-a86564055ddd', 'result_url': 'https://www.youtube.com/watch?v=qmL3nACfL5U', 'result_domain': 'www.youtube.com', 'result_domain_public_suffix': 'com', 'result_wayback_url': 'https://web.archive.org/web/20200118031548/https://www.youtube.com/watch?v=qmL3nACfL5U', 'result_wayback_raw_url': 'https://web.archive.org/web/20200118031548id_/https://www.youtube.com/watch?v=qmL3nACfL5U', 'result_snippet_rank': 21, 'result_snippet_title': 'ВЫЖИВАНИЕ В СУМАСШЕСТВИИ - Продолжительность: 36:30', 'result_snippet_text': None, 'result_warc_relative_path': None, 'result_warc_byte_offset': None}
 {'result_id': '88c2104d-cf5d-5da6-896b-8bf8ce5faed0', 'result_url': 'https://www.youtube.com/watch?v=yQHXvACuUts', 'result_domain': 'www.youtube.com', 'result_domain_public_suffix': 'com', 'result_wayback_url': 'https://web.archive.org/web/20200118031548/https://www.youtube.com/watch?v=yQHXvACuUts', 'result_wayback_raw_url': 'https://web.archive.org/web/20200118031548id_/https://www.youtube.com/watch?v=yQHXvACuUts', 'result_snippet_rank': 22, 'result_snippet_title': 'Multiplayer Master 2 часть - Продолжительность: 6:03', 'result_snippet_text': None, 'result_warc_relative_path': None, 'result_warc_byte_offset': None}
 {'result_id': '4efbfc7c-e1b5-5398-bec3-677349306361', 'result_url': 'https://www.youtube.com/watch?v=CWkKyd9b0-8', 'result_domain': 'www.youtube.com', 'result_domain_public_suffix': 'com', 'result_wayback_url': 'https://web.archive.org/web/20200118031548/https://www.youtube.com/watch?v=CWkKyd9b0-8', 'result_wayback_raw_url': 'https://web.archive.org/web/20200118031548id_/https://www.youtube.com/watch?v=CWkKyd9b0-8', 'result_snippet_rank': 23, 'result_snippet_title': 'Minecraft Xbox - Ocean Adventure [165] - Продолжительность: 12:49', 'result_snippet_text': ""Part 166 - http://youtu.be/6R5SytoEbjs Welcome to my Let's Play of the Xbox 360 Edition of <em>Minecraft</em>. These videos will showcase\xa0..."", 'result_warc_relative_path': None, 'result_warc_byte_offset': None}
 {'result_id': 'bc95161f-d768-558e-8996-02302bf5bd25', 'result_url': 'https://www.youtube.com/channel/UCzK_qU_rnQ_W9CTKq7XTe3A', 'result_domain': 'www.youtube.com', 'result_domain_public_suffix': 'com', 'result_wayback_url': 'https://web.archive.org/web/20200118031548/https://www.youtube.com/channel/UCzK_qU_rnQ_W9CTKq7XTe3A', 'result_wayback_raw_url': 'https://web.archive.org/web/20200118031548id_/https://www.youtube.com/channel/UCzK_qU_rnQ_W9CTKq7XTe3A', 'result_snippet_rank': 24, 'result_snippet_title': 'Mr. Cat - Канал', 'result_snippet_text': 'Добро пожаловать! Привет, меня зовут Ваня Сагиров и я не хочу взрослеть) Я играю БЕЗ мата! Играю как хочу...', 'result_warc_relative_path': None, 'result_warc_byte_offset': None}
 {'result_id': '1feff4b3-789a-5f0c-9d01-60ba3e5e8b25', 'result_url': 'https://www.youtube.com/watch?v=EZvmQva11A8', 'result_domain': 'www.youtube.com', 'result_domain_public_suffix': 'com', 'result_wayback_url': 'https://web.archive.org/web/20200118031548/https://www.youtube.com/watch?v=EZvmQva11A8', 'result_wayback_raw_url': 'https://web.archive.org/web/20200118031548id_/https://www.youtube.com/watch?v=EZvmQva11A8', 'result_snippet_rank': 25, 'result_snippet_title': 'Майнкрафт анимация - жизнь кошки / cat life - Продолжительность: 5:47', 'result_snippet_text': 'Всем привет ! Я Doggy Эта история расскажет вам о жизни хорошенькой рыжей кошечки в <em>Майнкрафте</em> Мой Инстагр...', 'result_warc_relative_path': None, 'result_warc_byte_offset': None}
 {'result_id': '9111973a-5282-575c-8ea9-e10a50b4680e', 'result_url': 'https://www.youtube.com/watch?v=ouC0_BwXbzA', 'result_domain': 'www.youtube.com', 'result_domain_public_suffix': 'com', 'result_wayback_url': 'https://web.archive.org/web/20200118031548/https://www.youtube.com/watch?v=ouC0_BwXbzA', 'result_wayback_raw_url': 'https://web.archive.org/web/20200118031548id_/https://www.youtube.com/watch?v=ouC0_BwXbzA', 'result_snippet_rank': 26, 'result_snippet_title': 'Что делают ПРО игроки? КОТ и ПАУК МАЙНКРАФТ Битва строителей №477 - Продолжительность: 9:32', 'result_snippet_text': 'В соревновании БИТВА СТРОИТЕЛЕЙ участники попробовали построить в <em>майнкрафт</em> ПАУКА и КОТА!!. Смотрим что...', 'result_warc_relative_path': None, 'result_warc_byte_offset': None}
 {'result_id': '5753778c-1916-5bf0-b836-5f182917abba', 'result_url': 'https://www.youtube.com/watch?v=OoTNwILY8zo', 'result_domain': 'www.youtube.com', 'result_domain_public_suffix': 'com', 'result_wayback_url': 'https://web.archive.org/web/20200118031548/https://www.youtube.com/watch?v=OoTNwILY8zo', 'result_wayback_raw_url': 'https://web.archive.org/web/20200118031548id_/https://www.youtube.com/watch?v=OoTNwILY8zo', 'result_snippet_rank': 27, 'result_snippet_title': 'Майнкрафт для нубов, часть 12 ""Деревня своими руками"" [Официальный перевод] - Продолжительность: 11:53', 'result_snippet_text': 'Музыка: <em>Minecraft</em> OST, Nicolai Heidlas - ""Sunday\xa0...', 'result_warc_relative_path': None, 'result_warc_byte_offset': None}
 {'result_id': 'fffe4eff-546a-5f2a-99a9-4dfe8a28b4e6', 'result_url': 'https://www.youtube.com/watch?v=g4rZBonYHRg', 'result_domain': 'www.youtube.com', 'result_domain_public_suffix': 'com', 'result_wayback_url': 'https://web.archive.org/web/20200118031548/https://www.youtube.com/watch?v=g4rZBonYHRg', 'result_wayback_raw_url': 'https://web.archive.org/web/20200118031548id_/https://www.youtube.com/watch?v=g4rZBonYHRg', 'result_snippet_rank': 28, 'result_snippet_title': 'КОТ И ПЁС УКРАЛИ IPHONE XS У ШКОЛЬНИКА В МАЙНКРАФТ!  ЖИЗНЬ ЖИВОТНЫХ В MINECRAFT - Продолжительность: 12:19', 'result_snippet_text': '🎮Мой сервер по Minecraft! (1.9-1.14)IP: play.lollipopmc.net Жека и Игорь превратились в кота и собаку в майнкрафте! Киса ...', 'result_warc_relative_path': None, 'result_warc_byte_offset': None}
 {'result_id': 'e5a04595-4eb4-5035-8f88-aee1625c6edf', 'result_url': 'https://www.youtube.com/watch?v=gDcQCzmEoiE', 'result_domain': 'www.youtube.com', 'result_domain_public_suffix': 'com', 'result_wayback_url': 'https://web.archive.org/web/20200118031548/https://www.youtube.com/watch?v=gDcQCzmEoiE', 'result_wayback_raw_url': 'https://web.archive.org/web/20200118031548id_/https://www.youtube.com/watch?v=gDcQCzmEoiE', 'result_snippet_rank': 29, 'result_snippet_title': 'Minecraft Fnaf: Funtime Foxy Becomes Lolbits Cat (Minecraft Roleplay) - Продолжительность: 22:13', 'result_snippet_text': ""<em>Minecraft</em> Fnaf: Funtime Foxy Becomes Lolbits <em>Cat</em> (<em>Minecraft</em> Roleplay) In today's video somehow foxy becomes lolbits cute <em>cat</em>\xa0..."", 'result_warc_relative_path': None, 'result_warc_byte_offset': None}
 {'result_id': '92d9db30-780f-5e43-9a8b-08c97d98fdde', 'result_url': 'https://www.youtube.com/watch?v=dz52NVPE4tU', 'result_domain': 'www.youtube.com', 'result_domain_public_suffix': 'com', 'result_wayback_url': 'https://web.archive.org/web/20200118031548/https://www.youtube.com/watch?v=dz52NVPE4tU', 'result_wayback_raw_url': 'https://web.archive.org/web/20200118031548id_/https://www.youtube.com/watch?v=dz52NVPE4tU', 'result_snippet_rank': 30, 'result_snippet_title': 'Minecraft - первый letsplay от Miss Katy - Продолжительность: 16:22', 'result_snippet_text': 'МОЙ Instagram ▻ https://www.instagram.com/katymisskaty/ ПОДПИСЫВАЙСЯ!!!! Мой СУПЕР Канал Miss Katy:\xa0...', 'result_warc_relative_path': None, 'result_warc_byte_offset': None}]",youtube,youtube.com,com,2,media-sharing
3018c0cf-2a44-5ed3-845a-c4574bffb3bd,https://www.youtube.com/results?search_query=%D0%B2%D0%B5%D1%82%D1%80%D0%B5%D0%BD%D1%8B%D0%B9+23,2020-01-13 00:44:42,https://web.archive.org/web/20200113014442/https://www.youtube.com/results?search_query=%D0%B2%D0%B5%D1%82%D1%80%D0%B5%D0%BD%D1%8B%D0%B9+23,https://web.archive.org/web/20200113014442id_/https://www.youtube.com/results?search_query=%D0%B2%D0%B5%D1%82%D1%80%D0%B5%D0%BD%D1%8B%D0%B9+23,,,ветреный 23,ru,ветреный 23,focused/archived-raw-serps/youtube/youtube.com%2Fresults%3F/0000000338/0000000000.warc.gz,231439,"[{'result_id': '528cc697-cbbb-551e-9a2e-7e597a150435', 'result_url': 'https://www.youtube.com/watch?v=v6ka2HlCO1w', 'result_domain': 'www.youtube.com', 'result_domain_public_suffix': 'com', 'result_wayback_url': 'https://web.archive.org/web/20200113014442/https://www.youtube.com/watch?v=v6ka2HlCO1w', 'result_wayback_raw_url': 'https://web.archive.org/web/20200113014442id_/https://www.youtube.com/watch?v=v6ka2HlCO1w', 'result_snippet_rank': 1, 'result_snippet_title': 'ВЕТРЕНЫЙ 23 СЕРИЯ РУССКАЯ ОЗВУЧКА - Продолжительность: 2:46:16', 'result_snippet_text': '<em>ВЕТРЕНЫЙ 23</em> СЕРИЯ РУССКАЯ ОЗВУЧКА На главную страницу канала\xa0...', 'result_warc_relative_path': None, 'result_warc_byte_offset': None}
 {'result_id': '5c7bc4ec-c278-52f3-88f9-78f335297f7b', 'result_url': 'https://www.youtube.com/watch?v=1_mv1nay4R0', 'result_domain': 'www.youtube.com', 'result_domain_public_suffix': 'com', 'result_wayback_url': 'https://web.archive.org/web/20200113014442/https://www.youtube.com/watch?v=1_mv1nay4R0', 'result_wayback_raw_url': 'https://web.archive.org/web/20200113014442id_/https://www.youtube.com/watch?v=1_mv1nay4R0', 'result_snippet_rank': 2, 'result_snippet_title': 'Смотреть ветреный 23 серия на русском языке - Продолжительность: 2:46:44', 'result_snippet_text': 'На главную страницу канала https://www.youtube.com/channel/UC9gG0fjEIq8V0jROMniQBLQ?... В рубрике\xa0...', 'result_warc_relative_path': None, 'result_warc_byte_offset': None}
 {'result_id': 'd1e75146-1e45-5fa3-bf74-d45adb562f95', 'result_url': 'https://www.youtube.com/watch?v=lh4pt2oTb3M', 'result_domain': 'www.youtube.com', 'result_domain_public_suffix': 'com', 'result_wayback_url': 'https://web.archive.org/web/20200113014442/https://www.youtube.com/watch?v=lh4pt2oTb3M', 'result_wayback_raw_url': 'https://web.archive.org/web/20200113014442id_/https://www.youtube.com/watch?v=lh4pt2oTb3M', 'result_snippet_rank': 3, 'result_snippet_title': 'Ветреный 24 серия русская озвучка - Продолжительность: 2:47:58', 'result_snippet_text': '<em>Ветреный</em> 24 серия русская озвучка смотреть онлайн.', 'result_warc_relative_path': None, 'result_warc_byte_offset': None}
 {'result_id': 'df546022-1573-5d35-a95e-7c3b82c86fc2', 'result_url': 'https://www.youtube.com/watch?v=1yO3JRCGzxk', 'result_domain': 'www.youtube.com', 'result_domain_public_suffix': 'com', 'result_wayback_url': 'https://web.archive.org/web/20200113014442/https://www.youtube.com/watch?v=1yO3JRCGzxk', 'result_wayback_raw_url': 'https://web.archive.org/web/20200113014442id_/https://www.youtube.com/watch?v=1yO3JRCGzxk', 'result_snippet_rank': 4, 'result_snippet_title': 'Ветреный 27 серия русская озвучка (боковая версия) - Продолжительность: 2:38:56', 'result_snippet_text': '<em>Ветреный</em> 27 серия русская озвучка смотреть онлайн.', 'result_warc_relative_path': None, 'result_warc_byte_offset': None}
 {'result_id': '52607d37-3051-5280-be05-7d0c56e12df5', 'result_url': 'https://www.youtube.com/watch?v=KtQw8FKhQZs', 'result_domain': 'www.youtube.com', 'result_domain_public_suffix': 'com', 'result_wayback_url': 'https://web.archive.org/web/20200113014442/https://www.youtube.com/watch?v=KtQw8FKhQZs', 'result_wayback_raw_url': 'https://web.archive.org/web/20200113014442id_/https://www.youtube.com/watch?v=KtQw8FKhQZs', 'result_snippet_rank': 5, 'result_snippet_title': 'ветреный 25 серия русская озвучка - Продолжительность: 2:34:22', 'result_snippet_text': 'Наш канал https://www.youtube.com/channel/UC9POrCLAMUIZGhDVzvMkJ9w?... <em>ветреный</em> 25 серия\xa0...', 'result_warc_relative_path': None, 'result_warc_byte_offset': None}
 {'result_id': '19faa9de-17ca-50f7-952c-e8ef4359a719', 'result_url': 'https://www.youtube.com/watch?v=FEW5uNQkW98', 'result_domain': 'www.youtube.com', 'result_domain_public_suffix': 'com', 'result_wayback_url': 'https://web.archive.org/web/20200113014442/https://www.youtube.com/watch?v=FEW5uNQkW98', 'result_wayback_raw_url': 'https://web.archive.org/web/20200113014442id_/https://www.youtube.com/watch?v=FEW5uNQkW98', 'result_snippet_rank': 6, 'result_snippet_title': 'ВЕТРЕНЫЙ 23 СЕРИЯ (РУССКАЯ ОЗВУЧКА) - Продолжительность: 2:47:50', 'result_snippet_text': 'Наша группа https://vk.com/hercai2 Приятного просмотра !', 'result_warc_relative_path': None, 'result_warc_byte_offset': None}
 {'result_id': 'b569dc2e-e101-553f-b534-b7f00fdf97b9', 'result_url': 'https://www.youtube.com/watch?v=sJDVUz8xT1s', 'result_domain': 'www.youtube.com', 'result_domain_public_suffix': 'com', 'result_wayback_url': 'https://web.archive.org/web/20200113014442/https://www.youtube.com/watch?v=sJDVUz8xT1s', 'result_wayback_raw_url': 'https://web.archive.org/web/20200113014442id_/https://www.youtube.com/watch?v=sJDVUz8xT1s', 'result_snippet_rank': 7, 'result_snippet_title': 'ветреный 26 серия русская озвучка - Продолжительность: 2:38:28', 'result_snippet_text': '<em>Ветреный</em> 26 серия русская озвучка Наш канал\xa0...', 'result_warc_relative_path': None, 'result_warc_byte_offset': None}
 {'result_id': 'bfad3040-fd4a-59aa-a5a1-381c9aee3f28', 'result_url': 'https://www.youtube.com/watch?v=uaHiVOt07oM', 'result_domain': 'www.youtube.com', 'result_domain_public_suffix': 'com', 'result_wayback_url': 'https://web.archive.org/web/20200113014442/https://www.youtube.com/watch?v=uaHiVOt07oM', 'result_wayback_raw_url': 'https://web.archive.org/web/20200113014442id_/https://www.youtube.com/watch?v=uaHiVOt07oM', 'result_snippet_rank': 8, 'result_snippet_title': 'ВЕТРЕНЫЙ 22 СЕРИЯ РУССКАЯ ОЗВУЧКА - Продолжительность: 2:45:47', 'result_snippet_text': 'На главную страницу канала https://www.youtube.com/channel/UC9gG0fjEIq8V0jROMniQBLQ?... В рубрике\xa0...', 'result_warc_relative_path': None, 'result_warc_byte_offset': None}
 {'result_id': '1bcfb786-dcc2-5583-b073-36f121d7fc7b', 'result_url': 'https://www.youtube.com/watch?v=7UP5LJjOv8c', 'result_domain': 'www.youtube.com', 'result_domain_public_suffix': 'com', 'result_wayback_url': 'https://web.archive.org/web/20200113014442/https://www.youtube.com/watch?v=7UP5LJjOv8c', 'result_wayback_raw_url': 'https://web.archive.org/web/20200113014442id_/https://www.youtube.com/watch?v=7UP5LJjOv8c', 'result_snippet_rank': 9, 'result_snippet_title': 'Ветреный 24 серия русская озвучка - Продолжительность: 2:51:40', 'result_snippet_text': '<em>Ветреный</em> 24 серия русская озвучка смотреть онлайн.', 'result_warc_relative_path': None, 'result_warc_byte_offset': None}
 {'result_id': '262a46f3-320b-552c-a768-3e56562e623e', 'result_url': 'https://www.youtube.com/watch?v=DNbr3Du0Zew', 'result_domain': 'www.youtube.com', 'result_domain_public_suffix': 'com', 'result_wayback_url': 'https://web.archive.org/web/20200113014442/https://www.youtube.com/watch?v=DNbr3Du0Zew', 'result_wayback_raw_url': 'https://web.archive.org/web/20200113014442id_/https://www.youtube.com/watch?v=DNbr3Du0Zew', 'result_snippet_rank': 10, 'result_snippet_title': 'Ветреный 23 серия русская озвучка ( субатры) - Продолжительность: 2:47:49', 'result_snippet_text': None, 'result_warc_relative_path': None, 'result_warc_byte_offset': None}
 {'result_id': '9e3e1b7a-29a6-5a7d-a2ac-3e9dabf5fba2', 'result_url': 'https://www.youtube.com/watch?v=X89aHK4QyFo', 'result_domain': 'www.youtube.com', 'result_domain_public_suffix': 'com', 'result_wayback_url': 'https://web.archive.org/web/20200113014442/https://www.youtube.com/watch?v=X89aHK4QyFo', 'result_wayback_raw_url': 'https://web.archive.org/web/20200113014442id_/https://www.youtube.com/watch?v=X89aHK4QyFo', 'result_snippet_rank': 11, 'result_snippet_title': 'ВЕТРЕНЫЙ 27 СЕРИЯ (РУССКАЯ ОЗВУЧКА) - Продолжительность: 2:36:54', 'result_snippet_text': 'Наша группа вступайте ! Серия в полный экран у нас в группе https://vk.com/hercai2 <em>ветреный</em> 27 серия, <em>ветреный</em>...', 'result_warc_relative_path': None, 'result_warc_byte_offset': None}
 {'result_id': '5eb05fd1-1094-5ba3-bee8-fd0554a62740', 'result_url': 'https://www.youtube.com/watch?v=XmYSLHRV7Lg', 'result_domain': 'www.youtube.com', 'result_domain_public_suffix': 'com', 'result_wayback_url': 'https://web.archive.org/web/20200113014442/https://www.youtube.com/watch?v=XmYSLHRV7Lg', 'result_wayback_raw_url': 'https://web.archive.org/web/20200113014442id_/https://www.youtube.com/watch?v=XmYSLHRV7Lg', 'result_snippet_rank': 12, 'result_snippet_title': 'Ветреный 24 серия русская озвучка - Продолжительность: 2:40:25', 'result_snippet_text': None, 'result_warc_relative_path': None, 'result_warc_byte_offset': None}
 {'result_id': '8061e7c5-82d0-5467-a24d-8cfbd5c26147', 'result_url': 'https://www.youtube.com/watch?v=Bmfg3cGbYM8', 'result_domain': 'www.youtube.com', 'result_domain_public_suffix': 'com', 'result_wayback_url': 'https://web.archive.org/web/20200113014442/https://www.youtube.com/watch?v=Bmfg3cGbYM8', 'result_wayback_raw_url': 'https://web.archive.org/web/20200113014442id_/https://www.youtube.com/watch?v=Bmfg3cGbYM8', 'result_snippet_rank': 13, 'result_snippet_title': 'ВЕТРЕНЫЙ 24 СЕРИЯ РУССКАЯ ОЗВУЧКА - Продолжительность: 2:43:25', 'result_snippet_text': 'На главную страницу канала https://www.youtube.com/channel/UC9gG0fjEIq8V0jROMniQBLQ?... В рубрике\xa0...', 'result_warc_relative_path': None, 'result_warc_byte_offset': None}
 {'result_id': '6d8a598c-7425-52fb-b12c-4cbc96a5041b', 'result_url': 'https://www.youtube.com/watch?v=jAgIQQ_PMHs', 'result_domain': 'www.youtube.com', 'result_domain_public_suffix': 'com', 'result_wayback_url': 'https://web.archive.org/web/20200113014442/https://www.youtube.com/watch?v=jAgIQQ_PMHs', 'result_wayback_raw_url': 'https://web.archive.org/web/20200113014442id_/https://www.youtube.com/watch?v=jAgIQQ_PMHs', 'result_snippet_rank': 14, 'result_snippet_title': 'ВЕТРЕНЫЙ 23 СЕРИЯ РУССКАЯ ОЗВУЧКА.. - Продолжительность: 2:48:07', 'result_snippet_text': None, 'result_warc_relative_path': None, 'result_warc_byte_offset': None}
 {'result_id': '6c4efef9-8684-5331-963e-c120477c4ebb', 'result_url': 'https://www.youtube.com/watch?v=f3aHyirruFo', 'result_domain': 'www.youtube.com', 'result_domain_public_suffix': 'com', 'result_wayback_url': 'https://web.archive.org/web/20200113014442/https://www.youtube.com/watch?v=f3aHyirruFo', 'result_wayback_raw_url': 'https://web.archive.org/web/20200113014442id_/https://www.youtube.com/watch?v=f3aHyirruFo', 'result_snippet_rank': 15, 'result_snippet_title': 'ВЕТРЕНЫЙ 25 СЕРИЯ РУССКАЯ ОЗВУЧКА - Продолжительность: 2:36:03', 'result_snippet_text': '<em>ВЕТРЕНЫЙ</em> 25 СЕРИЯ РУССКАЯ ОЗВУЧКА.', 'result_warc_relative_path': None, 'result_warc_byte_offset': None}
 {'result_id': '25e005dc-e0f5-5635-a08f-8a14d7c6fe32', 'result_url': 'https://www.youtube.com/watch?v=vMfsmYRvtrs', 'result_domain': 'www.youtube.com', 'result_domain_public_suffix': 'com', 'result_wayback_url': 'https://web.archive.org/web/20200113014442/https://www.youtube.com/watch?v=vMfsmYRvtrs', 'result_wayback_raw_url': 'https://web.archive.org/web/20200113014442id_/https://www.youtube.com/watch?v=vMfsmYRvtrs', 'result_snippet_rank': 16, 'result_snippet_title': 'Beqaror 23-24 seriya / Беқарор 23-14 қисм Узбек тилида (Ветреный) - Продолжительность: 1:05:31', 'result_snippet_text': None, 'result_warc_relative_path': None, 'result_warc_byte_offset': None}
 {'result_id': 'd8c5d58f-173a-5186-a35f-6a648d244a6e', 'result_url': 'https://www.youtube.com/watch?v=zWCTAmzUBOg', 'result_domain': 'www.youtube.com', 'result_domain_public_suffix': 'com', 'result_wayback_url': 'https://web.archive.org/web/20200113014442/https://www.youtube.com/watch?v=zWCTAmzUBOg', 'result_wayback_raw_url': 'https://web.archive.org/web/20200113014442id_/https://www.youtube.com/watch?v=zWCTAmzUBOg', 'result_snippet_rank': 17, 'result_snippet_title': 'Потребительская программа прецессия! - Продолжительность: 25:57', 'result_snippet_text': 'ХОЧУ ПРЕДЛОЖИТЬ ВАМ ЗАРАБОТАТЬ Большие деньги в  КОМПАНИИ 2019 года ""PRECESSION""- УНИКАЛЬНЫМ  МАРКЕТИНГОМ !!🔥...', 'result_warc_relative_path': None, 'result_warc_byte_offset': None}
 {'result_id': 'a49ada29-d4ad-52bc-9494-cd2e2e0bf04a', 'result_url': 'https://www.youtube.com/watch?v=whppYXJF424', 'result_domain': 'www.youtube.com', 'result_domain_public_suffix': 'com', 'result_wayback_url': 'https://web.archive.org/web/20200113014442/https://www.youtube.com/watch?v=whppYXJF424', 'result_wayback_raw_url': 'https://web.archive.org/web/20200113014442id_/https://www.youtube.com/watch?v=whppYXJF424', 'result_snippet_rank': 18, 'result_snippet_title': 'ВЕТРЕНЫЙ 28 РУССКАЯ ОЗВУЧКА - Продолжительность: 2:37:00', 'result_snippet_text': '2.', 'result_warc_relative_path': None, 'result_warc_byte_offset': None}
 {'result_id': '7b190e89-8d90-59f0-a4af-4c0c96d937b1', 'result_url': 'https://www.youtube.com/watch?v=2j11FpAY2Pc', 'result_domain': 'www.youtube.com', 'result_domain_public_suffix': 'com', 'result_wayback_url': 'https://web.archive.org/web/20200113014442/https://www.youtube.com/watch?v=2j11FpAY2Pc', 'result_wayback_raw_url': 'https://web.archive.org/web/20200113014442id_/https://www.youtube.com/watch?v=2j11FpAY2Pc', 'result_snippet_rank': 19, 'result_snippet_title': 'Ветреный 22 серия русская озвучка - Продолжительность: 2:56:14', 'result_snippet_text': '<em>Ветреный</em> 22 серия русская озвучка смотреть онлайн.', 'result_warc_relative_path': None, 'result_warc_byte_offset': None}
 {'result_id': '5323b063-cc87-5296-8ff1-0eac33a18587', 'result_url': 'https://www.youtube.com/watch?v=wtP0mIu8Wac', 'result_domain': 'www.youtube.com', 'result_domain_public_suffix': 'com', 'result_wayback_url': 'https://web.archive.org/web/20200113014442/https://www.youtube.com/watch?v=wtP0mIu8Wac', 'result_wayback_raw_url': 'https://web.archive.org/web/20200113014442id_/https://www.youtube.com/watch?v=wtP0mIu8Wac', 'result_snippet_rank': 20, 'result_snippet_title': 'ВЕТРЕНЫЙ 23 СЕРИЯ РУССКАЯ ОЗВУЧКА - Продолжительность: 3:05', 'result_snippet_text': 'В этом видео смотрите <em>ВЕТРЕНЫЙ 23</em> СЕРИЯ РУССКАЯ ОЗВУЧКА АНОНС и дата выхода, что будет в 23 серии\xa0...', 'result_warc_relative_path': None, 'result_warc_byte_offset': None}]",youtube,youtube.com,com,2,media-sharing
9c054fd9-d2df-5f23-89c9-7bfa404bd2f3,https://www.youtube.com/results?search_query=%D1%88%D0%BF+%D0%BF%D1%80%D0%B8%D1%81%D1%82+8.2.5+%D0%BF%D0%B2%D0%B5,2020-01-17 22:44:18,https://web.archive.org/web/20200117234418/https://www.youtube.com/results?search_query=%D1%88%D0%BF+%D0%BF%D1%80%D0%B8%D1%81%D1%82+8.2.5+%D0%BF%D0%B2%D0%B5,https://web.archive.org/web/20200117234418id_/https://www.youtube.com/results?search_query=%D1%88%D0%BF+%D0%BF%D1%80%D0%B8%D1%81%D1%82+8.2.5+%D0%BF%D0%B2%D0%B5,,,шп прист 8.2.5 пве,sr,шп прист 8.2.5 пве,focused/archived-raw-serps/youtube/youtube.com%2Fresults%3F/0000000893/0000000000.warc.gz,391948,"[{'result_id': '6e58f0e6-103e-57c3-a39e-78e0ebde4c3c', 'result_url': 'https://www.youtube.com/watch?v=FVqihu11kyI', 'result_domain': 'www.youtube.com', 'result_domain_public_suffix': 'com', 'result_wayback_url': 'https://web.archive.org/web/20200117234418/https://www.youtube.com/watch?v=FVqihu11kyI', 'result_wayback_raw_url': 'https://web.archive.org/web/20200117234418id_/https://www.youtube.com/watch?v=FVqihu11kyI', 'result_snippet_rank': 1, 'result_snippet_title': '🎆Жрец ТЬМА гайд БФА PVE патч 8.2.5 WOW Battle for Azeroth🎆 - Продолжительность: 21:32', 'result_snippet_text': '🎆Жрец ТЬМА гайд БФА PVE патч 8.2.5 WOW Battle for Azeroth🎆Табличка http://bit.ly/DPriestSheetBFA1Вступление 00:17Плюсы и ...', 'result_warc_relative_path': None, 'result_warc_byte_offset': None}
 {'result_id': '0919ba7b-7c6e-5e35-b245-755fbd279056', 'result_url': 'https://www.youtube.com/watch?v=1Mpzg7W48is', 'result_domain': 'www.youtube.com', 'result_domain_public_suffix': 'com', 'result_wayback_url': 'https://web.archive.org/web/20200117234418/https://www.youtube.com/watch?v=1Mpzg7W48is', 'result_wayback_raw_url': 'https://web.archive.org/web/20200117234418id_/https://www.youtube.com/watch?v=1Mpzg7W48is', 'result_snippet_rank': 2, 'result_snippet_title': 'ГАЙД НА ШП ПРИСТА WoW 8.2.5. Жрец Тьма - Продолжительность: 28:32', 'result_snippet_text': 'В этом видеоролике я Вас научу, как быть топ дпс в WoW Bfa Битва за Азерот Battle for Azeroth патч 8.2.5 за Жреца(Прист ...', 'result_warc_relative_path': None, 'result_warc_byte_offset': None}
 {'result_id': 'ff47891c-4454-5ed3-9abb-3b8e6451f692', 'result_url': 'https://www.youtube.com/watch?v=BlQyT-bMEHY', 'result_domain': 'www.youtube.com', 'result_domain_public_suffix': 'com', 'result_wayback_url': 'https://web.archive.org/web/20200117234418/https://www.youtube.com/watch?v=BlQyT-bMEHY', 'result_wayback_raw_url': 'https://web.archive.org/web/20200117234418id_/https://www.youtube.com/watch?v=BlQyT-bMEHY', 'result_snippet_rank': 3, 'result_snippet_title': 'Гайд на ШП приста WOW BFA 8.2.0 - Продолжительность: 30:15', 'result_snippet_text': 'Гайд, механика скилов и ротация <em>ШП приста</em>.', 'result_warc_relative_path': None, 'result_warc_byte_offset': None}
 {'result_id': '39da3fb3-b243-5f2a-9231-312af4f87b71', 'result_url': 'https://www.youtube.com/watch?v=JjjW3BwJz1g', 'result_domain': 'www.youtube.com', 'result_domain_public_suffix': 'com', 'result_wayback_url': 'https://web.archive.org/web/20200117234418/https://www.youtube.com/watch?v=JjjW3BwJz1g', 'result_wayback_raw_url': 'https://web.archive.org/web/20200117234418id_/https://www.youtube.com/watch?v=JjjW3BwJz1g', 'result_snippet_rank': 4, 'result_snippet_title': 'BFA 8.2 Shadow Priest: Гайд - Продолжительность: 36:16', 'result_snippet_text': 'На канале многие просили записать Гайд, обзор или просто ввести в курс игры за <em>ШП</em> (Жреца Тьмы). Я постарал...', 'result_warc_relative_path': None, 'result_warc_byte_offset': None}
 {'result_id': 'f1a79c7e-195d-559b-8322-b17cb73a4d3c', 'result_url': 'https://www.youtube.com/watch?v=mhHUl8rCtLA', 'result_domain': 'www.youtube.com', 'result_domain_public_suffix': 'com', 'result_wayback_url': 'https://web.archive.org/web/20200117234418/https://www.youtube.com/watch?v=mhHUl8rCtLA', 'result_wayback_raw_url': 'https://web.archive.org/web/20200117234418id_/https://www.youtube.com/watch?v=mhHUl8rCtLA', 'result_snippet_rank': 5, 'result_snippet_title': 'ШП на дне? | Ключики, локалки | WOW BFA 8.2 - Продолжительность: 2:36:57', 'result_snippet_text': 'Поддержать канал (есть возможность заказать музыку!): http://www.donationalerts.ru/r/hell_squad Btags Коля: RaZZoR#2143\xa0...', 'result_warc_relative_path': None, 'result_warc_byte_offset': None}
 {'result_id': '18646812-78ea-5251-aeb5-ac786c68262e', 'result_url': 'https://www.youtube.com/watch?v=y_WebeTlIGY', 'result_domain': 'www.youtube.com', 'result_domain_public_suffix': 'com', 'result_wayback_url': 'https://web.archive.org/web/20200117234418/https://www.youtube.com/watch?v=y_WebeTlIGY', 'result_wayback_raw_url': 'https://web.archive.org/web/20200117234418id_/https://www.youtube.com/watch?v=y_WebeTlIGY', 'result_snippet_rank': 6, 'result_snippet_title': 'SHADOW PRIEST IS AMAZING! 8.2.5 Shadow Priest GUIDE - Продолжительность: 16:11', 'result_snippet_text': 'Shadow Priest is amazing and our 8.2.5 Shadow Priest Guide will teach you how to play shadow priest in both raiding and m+ ...', 'result_warc_relative_path': None, 'result_warc_byte_offset': None}
 {'result_id': '8a93126b-fa27-570b-ad1c-7a40684109f0', 'result_url': 'https://www.youtube.com/watch?v=Vfmkpm79c1s', 'result_domain': 'www.youtube.com', 'result_domain_public_suffix': 'com', 'result_wayback_url': 'https://web.archive.org/web/20200117234418/https://www.youtube.com/watch?v=Vfmkpm79c1s', 'result_wayback_raw_url': 'https://web.archive.org/web/20200117234418id_/https://www.youtube.com/watch?v=Vfmkpm79c1s', 'result_snippet_rank': 7, 'result_snippet_title': 'Shadow Priest Mythic+ Guide 8.2.5 - Продолжительность: 14:36', 'result_snippet_text': 'Hey, can you tell I made this in an editing program I never used before? I hope this has been at least a bit useful for you. Enjoy the\xa0...', 'result_warc_relative_path': None, 'result_warc_byte_offset': None}
 {'result_id': '6e88dc3f-8f28-5df4-a4cc-46a60e5cb030', 'result_url': 'https://www.youtube.com/watch?v=fXaOLkvgBg0', 'result_domain': 'www.youtube.com', 'result_domain_public_suffix': 'com', 'result_wayback_url': 'https://web.archive.org/web/20200117234418/https://www.youtube.com/watch?v=fXaOLkvgBg0', 'result_wayback_raw_url': 'https://web.archive.org/web/20200117234418id_/https://www.youtube.com/watch?v=fXaOLkvgBg0', 'result_snippet_rank': 8, 'result_snippet_title': 'ШП PvE bfa 8.1.5 -  Гробница Королей mythic + (12 key) , Летим на +2 с командой мечты! - Продолжительность: 30:52', 'result_snippet_text': 'Кому интересно , буду делать нарезки рейдов и ключей !) только глазами <em>ШП</em>.', 'result_warc_relative_path': None, 'result_warc_byte_offset': None}
 {'result_id': 'cfaed210-2044-5f71-8ab9-1ca960886536', 'result_url': 'https://www.youtube.com/watch?v=vXbP5nNr1CE', 'result_domain': 'www.youtube.com', 'result_domain_public_suffix': 'com', 'result_wayback_url': 'https://web.archive.org/web/20200117234418/https://www.youtube.com/watch?v=vXbP5nNr1CE', 'result_wayback_raw_url': 'https://web.archive.org/web/20200117234418id_/https://www.youtube.com/watch?v=vXbP5nNr1CE', 'result_snippet_rank': 9, 'result_snippet_title': 'BFA 8.2 World PVP за ШП - Продолжительность: 11:22', 'result_snippet_text': 'Видео получилось спонтанно, после замеса в пещере за азерит. Очень жаль что я не записал 15 минут начала этой...', 'result_warc_relative_path': None, 'result_warc_byte_offset': None}
 {'result_id': 'de81031f-481d-5f05-abd2-8cc14d467b32', 'result_url': 'https://www.youtube.com/watch?v=gydm88auyqs', 'result_domain': 'www.youtube.com', 'result_domain_public_suffix': 'com', 'result_wayback_url': 'https://web.archive.org/web/20200117234418/https://www.youtube.com/watch?v=gydm88auyqs', 'result_wayback_raw_url': 'https://web.archive.org/web/20200117234418id_/https://www.youtube.com/watch?v=gydm88auyqs', 'result_snippet_rank': 10, 'result_snippet_title': 'ТОП 5 самых крутых РДД рейда вечный Азшары wow battle for azeroth патч 8.2 - Продолжительность: 4:35', 'result_snippet_text': 'Покупайте лут-рейды в Вечный Дворец на бирже FunPay: https://funpay.ru/lots/339/?srcid=106 Всем привет, ребят, с вами\xa0...', 'result_warc_relative_path': None, 'result_warc_byte_offset': None}
 {'result_id': '04901d4c-5e99-5ef4-8b33-0d9022f41696', 'result_url': 'https://www.youtube.com/watch?v=y63gX3GTtjw', 'result_domain': 'www.youtube.com', 'result_domain_public_suffix': 'com', 'result_wayback_url': 'https://web.archive.org/web/20200117234418/https://www.youtube.com/watch?v=y63gX3GTtjw', 'result_wayback_raw_url': 'https://web.archive.org/web/20200117234418id_/https://www.youtube.com/watch?v=y63gX3GTtjw', 'result_snippet_rank': 11, 'result_snippet_title': 'Shadow Priest Arena 2x2, patch 8.2.5 - Продолжительность: 30:14', 'result_snippet_text': '<em>ШП</em> - это класс от которого я получаю огромное удовольствие играя подобные аренки) приятного просмотра.', 'result_warc_relative_path': None, 'result_warc_byte_offset': None}
 {'result_id': 'c2d2f7f7-3780-5020-828d-6f329843f0b8', 'result_url': 'https://www.youtube.com/watch?v=jt2BSVVPEf4', 'result_domain': 'www.youtube.com', 'result_domain_public_suffix': 'com', 'result_wayback_url': 'https://web.archive.org/web/20200117234418/https://www.youtube.com/watch?v=jt2BSVVPEf4', 'result_wayback_raw_url': 'https://web.archive.org/web/20200117234418id_/https://www.youtube.com/watch?v=jt2BSVVPEf4', 'result_snippet_rank': 12, 'result_snippet_title': 'BFA 8.2.5 Shadow Priest PvP: Не убиваемый - Продолжительность: 16:04', 'result_snippet_text': 'Не верьте тем, кто говорит что <em>ШП</em> не очень! Им приятно фармить хонор килы на бг, а если делать нечего,...', 'result_warc_relative_path': None, 'result_warc_byte_offset': None}
 {'result_id': 'fdfbe41b-c63a-5822-a1b4-273c1eb3caa1', 'result_url': 'https://www.youtube.com/watch?v=dCq3wyvF4Mw', 'result_domain': 'www.youtube.com', 'result_domain_public_suffix': 'com', 'result_wayback_url': 'https://web.archive.org/web/20200117234418/https://www.youtube.com/watch?v=dCq3wyvF4Mw', 'result_wayback_raw_url': 'https://web.archive.org/web/20200117234418id_/https://www.youtube.com/watch?v=dCq3wyvF4Mw', 'result_snippet_rank': 13, 'result_snippet_title': 'ВЫШЕЛ 1 НА 1 ПРОТИВ ШАДОУ ПРИСТА В WOW - Продолжительность: 14:28', 'result_snippet_text': 'Рейтинг арены, рбг, седло ярости и другие PvP-услуги вы можете найти тут: https://funpay.ru/lots/341/?srcid=109 Приятного\xa0...', 'result_warc_relative_path': None, 'result_warc_byte_offset': None}
 {'result_id': '5c2fb9a3-6e0d-51cb-9584-0ef4f01bd336', 'result_url': 'https://www.youtube.com/watch?v=dvdi4PdNZeg', 'result_domain': 'www.youtube.com', 'result_domain_public_suffix': 'com', 'result_wayback_url': 'https://web.archive.org/web/20200117234418/https://www.youtube.com/watch?v=dvdi4PdNZeg', 'result_wayback_raw_url': 'https://web.archive.org/web/20200117234418id_/https://www.youtube.com/watch?v=dvdi4PdNZeg', 'result_snippet_rank': 14, 'result_snippet_title': '5 причин играть за ШП! - Продолжительность: 5:41', 'result_snippet_text': 'Мои причины выбора этой специализации. Спасибо за просмотр. vk.com/zaptv\xa0...', 'result_warc_relative_path': None, 'result_warc_byte_offset': None}
 {'result_id': '0badd2f8-f302-5044-9ba3-43c1fae74d63', 'result_url': 'https://www.youtube.com/watch?v=06nxwE3grOU', 'result_domain': 'www.youtube.com', 'result_domain_public_suffix': 'com', 'result_wayback_url': 'https://web.archive.org/web/20200117234418/https://www.youtube.com/watch?v=06nxwE3grOU', 'result_wayback_raw_url': 'https://web.archive.org/web/20200117234418id_/https://www.youtube.com/watch?v=06nxwE3grOU', 'result_snippet_rank': 15, 'result_snippet_title': 'Гайд на ШП в Битве за Азерот. 8.0.1 - Продолжительность: 23:47', 'result_snippet_text': 'Долгожданный гайд на <em>ШП</em>. Разбор с примерами в Битве за Азерот. ============================= Наше сообщество\xa0...', 'result_warc_relative_path': None, 'result_warc_byte_offset': None}
 {'result_id': 'dbe52dd9-3f39-540c-be9a-fc4a5bef44a6', 'result_url': 'https://www.youtube.com/watch?v=-zXhvWfUgKM', 'result_domain': 'www.youtube.com', 'result_domain_public_suffix': 'com', 'result_wayback_url': 'https://web.archive.org/web/20200117234418/https://www.youtube.com/watch?v=-zXhvWfUgKM', 'result_wayback_raw_url': 'https://web.archive.org/web/20200117234418id_/https://www.youtube.com/watch?v=-zXhvWfUgKM', 'result_snippet_rank': 16, 'result_snippet_title': '8.2 Shadow Priest PVP Guide - Продолжительность: 25:46', 'result_snippet_text': 'Talking about the best talents, pvp talents, essences, azerite traits, stats prio and general gameplay. Hope the video it helps!', 'result_warc_relative_path': None, 'result_warc_byte_offset': None}
 {'result_id': '333be09b-59f1-517b-aed0-70c54fbb4295', 'result_url': 'https://www.youtube.com/watch?v=SCrto1sKlkM', 'result_domain': 'www.youtube.com', 'result_domain_public_suffix': 'com', 'result_wayback_url': 'https://web.archive.org/web/20200117234418/https://www.youtube.com/watch?v=SCrto1sKlkM', 'result_wayback_raw_url': 'https://web.archive.org/web/20200117234418id_/https://www.youtube.com/watch?v=SCrto1sKlkM', 'result_snippet_rank': 17, 'result_snippet_title': 'Самые лёгкие хилы в Битве за Азерот Патч 8.0 WoW - Продолжительность: 10:37', 'result_snippet_text': 'Самые лёгкие хилы в Битве за Азерот Патч 8.0 WoW ◘◘◘◘◘◘◘◘◘◘◘◘◘◘◘◘◘◘◘◘◘◘◘◘◘◘◘◘◘◘◘◘◘◘◘◘◘◘...', 'result_warc_relative_path': None, 'result_warc_byte_offset': None}
 {'result_id': '6c20bce7-c56b-58f5-bf89-b5df362f586a', 'result_url': 'https://www.youtube.com/watch?v=EgPS-LaoyQI', 'result_domain': 'www.youtube.com', 'result_domain_public_suffix': 'com', 'result_wayback_url': 'https://web.archive.org/web/20200117234418/https://www.youtube.com/watch?v=EgPS-LaoyQI', 'result_wayback_raw_url': 'https://web.archive.org/web/20200117234418id_/https://www.youtube.com/watch?v=EgPS-LaoyQI', 'result_snippet_rank': 18, 'result_snippet_title': 'ТОП 5 САМЫХ КРУТЫХ РДД ДЛЯ МИФИК + БИТВЫ ЗА АЗЕРОТ - Продолжительность: 7:05', 'result_snippet_text': 'Заказывайте прохождение подземелий и мифик+ ключей на FunPay: https://funpay.ru/lots/340/?srcid=106 В этом видео я\xa0...', 'result_warc_relative_path': None, 'result_warc_byte_offset': None}
 {'result_id': '09ee1d12-9934-589d-ae26-1739e6b8ad3a', 'result_url': 'https://www.youtube.com/watch?v=h4CHrp2Gick', 'result_domain': 'www.youtube.com', 'result_domain_public_suffix': 'com', 'result_wayback_url': 'https://web.archive.org/web/20200117234418/https://www.youtube.com/watch?v=h4CHrp2Gick', 'result_wayback_raw_url': 'https://web.archive.org/web/20200117234418id_/https://www.youtube.com/watch?v=h4CHrp2Gick', 'result_snippet_rank': 19, 'result_snippet_title': '2400 - 2v2 Shadow Destro walkthrough - 8.2 double dps - Продолжительность: 11:22', 'result_snippet_text': 'Me and Papagen played some big 2400 shadow <em>priest</em> destruction warlock 2v2 and despite playing without any previous\xa0...', 'result_warc_relative_path': None, 'result_warc_byte_offset': None}
 {'result_id': '114ff465-0c2b-5422-846b-86c908830014', 'result_url': 'https://www.youtube.com/watch?v=ukLYeAYf_x4', 'result_domain': 'www.youtube.com', 'result_domain_public_suffix': 'com', 'result_wayback_url': 'https://web.archive.org/web/20200117234418/https://www.youtube.com/watch?v=ukLYeAYf_x4', 'result_wayback_raw_url': 'https://web.archive.org/web/20200117234418id_/https://www.youtube.com/watch?v=ukLYeAYf_x4', 'result_snippet_rank': 20, 'result_snippet_title': 'ЛУЧШИЕ Мили ДД Классы в БИТВЕ ЗА АЗЕРОТ для ПвЕ и ПвП! Кого Прокачать? - Продолжительность: 7:23', 'result_snippet_text': 'Заказывайте прокачку персонажа, профессий и покупку золота на FunPay: https://funpay.ru/lots/344/?srcid=110 Ссылка на\xa0...', 'result_warc_relative_path': None, 'result_warc_byte_offset': None}
 {'result_id': '13e3c225-1fc7-562a-b02b-4990ac348ea1', 'result_url': 'https://www.youtube.com/watch?v=UMVFbSFLoRQ', 'result_domain': 'www.youtube.com', 'result_domain_public_suffix': 'com', 'result_wayback_url': 'https://web.archive.org/web/20200117234418/https://www.youtube.com/watch?v=UMVFbSFLoRQ', 'result_wayback_raw_url': 'https://web.archive.org/web/20200117234418id_/https://www.youtube.com/watch?v=UMVFbSFLoRQ', 'result_snippet_rank': 21, 'result_snippet_title': 'DISCIPLINE PRIEST IS PURE FUN! 8.2.5 DISC Priest GUIDE - Продолжительность: 19:33', 'result_snippet_text': 'Discipline Priest is pure fun and our 8.2.5 Disc priest guide will solidify that taking you through disc priest talents, gear ...', 'result_warc_relative_path': None, 'result_warc_byte_offset': None}
 {'result_id': 'c7e84ba0-f336-5b80-8202-ed306aab424d', 'result_url': 'https://www.youtube.com/watch?v=h_5nPX0kH-E', 'result_domain': 'www.youtube.com', 'result_domain_public_suffix': 'com', 'result_wayback_url': 'https://web.archive.org/web/20200117234418/https://www.youtube.com/watch?v=h_5nPX0kH-E', 'result_wayback_raw_url': 'https://web.archive.org/web/20200117234418id_/https://www.youtube.com/watch?v=h_5nPX0kH-E', 'result_snippet_rank': 22, 'result_snippet_title': 'GET 430 ITEM LEVEL FAST - How To GEAR UP In Patch 8.2 | WoW BfA - Продолжительность: 17:04', 'result_snippet_text': ""It's that time of year again, GEARING UP TIME! Let's have a look at how you can get 430 item level in Patch 8.2. Twitter\xa0..."", 'result_warc_relative_path': None, 'result_warc_byte_offset': None}
 {'result_id': 'd55bdeaf-ec94-5bf2-b039-59246f18a85c', 'result_url': 'https://www.youtube.com/watch?v=W-Br6dKxEnE', 'result_domain': 'www.youtube.com', 'result_domain_public_suffix': 'com', 'result_wayback_url': 'https://web.archive.org/web/20200117234418/https://www.youtube.com/watch?v=W-Br6dKxEnE', 'result_wayback_raw_url': 'https://web.archive.org/web/20200117234418id_/https://www.youtube.com/watch?v=W-Br6dKxEnE', 'result_snippet_rank': 23, 'result_snippet_title': 'ЛУЧШИЕ КЛАССЫ В WoW 8.2.5 для МИФ+ World of Wacraft BFA  (эпохальные подземелья с ключом) - Продолжительность: 8:06', 'result_snippet_text': 'Всем привет друзья, с вами Летёха сегодня мы поговорим об игровых классах и как они показывают себя в мифик...', 'result_warc_relative_path': None, 'result_warc_byte_offset': None}
 {'result_id': 'a8128ca6-49b0-5434-862a-efa9f11f1571', 'result_url': 'https://www.youtube.com/watch?v=ZA9ILkPSvVw', 'result_domain': 'www.youtube.com', 'result_domain_public_suffix': 'com', 'result_wayback_url': 'https://web.archive.org/web/20200117234418/https://www.youtube.com/watch?v=ZA9ILkPSvVw', 'result_wayback_raw_url': 'https://web.archive.org/web/20200117234418id_/https://www.youtube.com/watch?v=ZA9ILkPSvVw', 'result_snippet_rank': 24, 'result_snippet_title': 'ШП патч 8.2.5! Управляем тьмой - Продолжительность: 2:45:18', 'result_snippet_text': 'Поддержать Zap TV  :http://donatepay.ru/d/ZapTV ▭▭▭▭▭▭▭▭▭▭▭▭▭▭▭▭▭▭▭▭▭▭▭▭▭▭▭▭▭ Мой лайв\xa0...', 'result_warc_relative_path': None, 'result_warc_byte_offset': None}
 {'result_id': '7525451a-8595-580c-ad08-ea5b56583abe', 'result_url': 'https://www.youtube.com/watch?v=y2-Bn6PuvE8', 'result_domain': 'www.youtube.com', 'result_domain_public_suffix': 'com', 'result_wayback_url': 'https://web.archive.org/web/20200117234418/https://www.youtube.com/watch?v=y2-Bn6PuvE8', 'result_wayback_raw_url': 'https://web.archive.org/web/20200117234418id_/https://www.youtube.com/watch?v=y2-Bn6PuvE8', 'result_snippet_rank': 25, 'result_snippet_title': 'BFA 8.2 Рейтинговая Арена ШП+ Рога+ хардкор :) - Продолжительность: 13:33', 'result_snippet_text': 'Вечером в очередной раз было скучно, пошел на арену искать приключения.. В поиске нашел первого попавшегося...', 'result_warc_relative_path': None, 'result_warc_byte_offset': None}
 {'result_id': 'ee7db047-9eb4-5a67-b8a9-a614de3fcfc4', 'result_url': 'https://www.youtube.com/watch?v=YP-vtd5ey0A', 'result_domain': 'www.youtube.com', 'result_domain_public_suffix': 'com', 'result_wayback_url': 'https://web.archive.org/web/20200117234418/https://www.youtube.com/watch?v=YP-vtd5ey0A', 'result_wayback_raw_url': 'https://web.archive.org/web/20200117234418id_/https://www.youtube.com/watch?v=YP-vtd5ey0A', 'result_snippet_rank': 26, 'result_snippet_title': 'Shadow Priest PvE Guide 8.2 | Stats, Talents &amp; Rotation | World of Warcraft Battle for Azeroth - Продолжительность: 22:07', 'result_snippet_text': 'Welcome to my Shadow <em>Priest</em> guide for World of Warcraft Battle for Azeroth 8.2. Here, you will learn how to play as a Shadow\xa0...', 'result_warc_relative_path': None, 'result_warc_byte_offset': None}
 {'result_id': 'f42b799f-12e6-5555-b312-b2aa35980117', 'result_url': 'https://www.youtube.com/watch?v=Hg9Gnlydjyw', 'result_domain': 'www.youtube.com', 'result_domain_public_suffix': 'com', 'result_wayback_url': 'https://web.archive.org/web/20200117234418/https://www.youtube.com/watch?v=Hg9Gnlydjyw', 'result_wayback_raw_url': 'https://web.archive.org/web/20200117234418id_/https://www.youtube.com/watch?v=Hg9Gnlydjyw', 'result_snippet_rank': 27, 'result_snippet_title': 'BFA 8.2 Shadow priest PvP: Рандом БГ за Тьму - Продолжительность: 16:18', 'result_snippet_text': 'БГ это одна из основных площадок что бы раскрыть потенциал жреца тьмы. В самых замесах выбирая правильное...', 'result_warc_relative_path': None, 'result_warc_byte_offset': None}
 {'result_id': '062a378f-08be-5816-98c2-f10ea36ea545', 'result_url': 'https://www.youtube.com/watch?v=aSPml_IZ1TE', 'result_domain': 'www.youtube.com', 'result_domain_public_suffix': 'com', 'result_wayback_url': 'https://web.archive.org/web/20200117234418/https://www.youtube.com/watch?v=aSPml_IZ1TE', 'result_wayback_raw_url': 'https://web.archive.org/web/20200117234418id_/https://www.youtube.com/watch?v=aSPml_IZ1TE', 'result_snippet_rank': 28, 'result_snippet_title': 'Жрец послушание гайд БФА PVE патч 8.2 WOW Battle for Azeroth - Продолжительность: 23:43', 'result_snippet_text': '⚔️Жрец послушание гайд БФА PVE патч 8.2 WOW Battle for Azeroth⚔️Табличка http://bit.ly/DPriestSheetBFA1Вступление 00:10 ...', 'result_warc_relative_path': None, 'result_warc_byte_offset': None}
 {'result_id': '83dda04b-35db-5abb-9435-d9e598fcc0f3', 'result_url': 'https://www.youtube.com/watch?v=ZkEYbhTWBCQ', 'result_domain': 'www.youtube.com', 'result_domain_public_suffix': 'com', 'result_wayback_url': 'https://web.archive.org/web/20200117234418/https://www.youtube.com/watch?v=ZkEYbhTWBCQ', 'result_wayback_raw_url': 'https://web.archive.org/web/20200117234418id_/https://www.youtube.com/watch?v=ZkEYbhTWBCQ', 'result_snippet_rank': 29, 'result_snippet_title': 'ТОП 7 классов для М+ в BFA 8.2 - Продолжительность: 6:15', 'result_snippet_text': 'Поддержать финансово : https://www.donationalerts.ru/r/priaa Ссылка на Discord : http://discord.gg/priaa Ссылка на Twitch\xa0...', 'result_warc_relative_path': None, 'result_warc_byte_offset': None}
 {'result_id': '77290795-fda2-52b3-8f24-0f9bdc5cfa1d', 'result_url': 'https://www.youtube.com/watch?v=IwPx0seNVK4', 'result_domain': 'www.youtube.com', 'result_domain_public_suffix': 'com', 'result_wayback_url': 'https://web.archive.org/web/20200117234418/https://www.youtube.com/watch?v=IwPx0seNVK4', 'result_wayback_raw_url': 'https://web.archive.org/web/20200117234418id_/https://www.youtube.com/watch?v=IwPx0seNVK4', 'result_snippet_rank': 30, 'result_snippet_title': '❄️Актуальность Приста (Жрец)в патче 8.1.5 WoW Battle for Azeroth🔥 - Продолжительность: 16:07', 'result_snippet_text': '❄️Актуальность Приста (Жрец)в патче 8.1.5 WoW Battle for Azeroth🔥➡️ Warcraft Priests Discord: https://discord.gg/3hhuah➡️ ...', 'result_warc_relative_path': None, 'result_warc_byte_offset': None}]",youtube,youtube.com,com,2,media-sharing
