{"result_id":"10f1e015-3d54-5029-adb4-98a23d320806","result_url":"https:\/\/www.youtube.com\/watch?v=ESWI5MQk3qA","result_domain":"www.youtube.com","result_domain_public_suffix":"com","result_wayback_url":"https:\/\/web.archive.org\/web\/20191124161331\/https:\/\/www.youtube.com\/watch?v=ESWI5MQk3qA","result_wayback_raw_url":"https:\/\/web.archive.org\/web\/20191124161331id_\/https:\/\/www.youtube.com\/watch?v=ESWI5MQk3qA","result_snippet_rank":16,"result_snippet_title":"Lovelyz(\ub7ec\ube14\ub9ac\uc988) - Lost N Found(\ucc3e\uc544\uac00\uc138\uc694)(piano cover) - \u041f\u0440\u043e\u0434\u043e\u043b\u0436\u0438\u0442\u0435\u043b\u044c\u043d\u043e\u0441\u0442\u044c: 3:00","result_snippet_text":"I hope you enjoy Snail's cover of Lost N Found by Lovelyz <em>\ub7ec\ube14\ub9ac\uc988<\/em>\uc758 \ub178\ub798 \"\ucc3e\uc544\uac00\uc138\uc694\"\ub97c \ud53c\uc544\ub178\ub85c \ucee4\ubc84\ud55c \ubc84\uc804\uc785\ub2c8\ub2e4. \uc990\uac81\uac8c\u00a0...","result_warc_relative_path":null,"result_warc_byte_offset":null,"serp_id":"c05eee2e-fb8d-5982-a4c6-374f06411d56","serp_url":"https:\/\/www.youtube.com\/results?search_query=%EB%9F%AC%EB%B8%94%EB%A6%AC%EC%A6%88+%EB%A7%88%EC%9D%8C+inst","serp_timestamp":1574608411000,"serp_wayback_url":"https:\/\/web.archive.org\/web\/20191124161331\/https:\/\/www.youtube.com\/results?search_query=%EB%9F%AC%EB%B8%94%EB%A6%AC%EC%A6%88+%EB%A7%88%EC%9D%8C+inst","serp_wayback_raw_url":"https:\/\/web.archive.org\/web\/20191124161331id_\/https:\/\/www.youtube.com\/results?search_query=%EB%9F%AC%EB%B8%94%EB%A6%AC%EC%A6%88+%EB%A7%88%EC%9D%8C+inst","serp_page":null,"serp_offset":null,"serp_query_text_url":"\ub7ec\ube14\ub9ac\uc988 \ub9c8\uc74c inst","serp_query_text_url_language":"ko","serp_query_text_html":"\ub7ec\ube14\ub9ac\uc988 \ub9c8\uc74c inst","serp_warc_relative_path":"focused\/archived-raw-serps\/youtube\/youtube.com%2Fresults%3F\/0000001009\/0000000000.warc.gz","serp_warc_byte_offset":109101,"search_provider_name":"youtube","search_provider_alexa_domain":"youtube.com","search_provider_alexa_domain_public_suffix":"com","search_provider_alexa_rank":2,"search_provider_category":"media-sharing"}
{"result_id":"6d866b7c-15d3-50a6-9bc0-958b7628203c","result_url":"https:\/\/www.youtube.com\/watch?v=dTCzHtBsYMo","result_domain":"www.youtube.com","result_domain_public_suffix":"com","result_wayback_url":"https:\/\/web.archive.org\/web\/20191105095616\/https:\/\/www.youtube.com\/watch?v=dTCzHtBsYMo","result_wayback_raw_url":"https:\/\/web.archive.org\/web\/20191105095616id_\/https:\/\/www.youtube.com\/watch?v=dTCzHtBsYMo","result_snippet_rank":25,"result_snippet_title":"INSTALLING NETBEANS 11 ON LINUX - \u041f\u0440\u043e\u0434\u043e\u043b\u0436\u0438\u0442\u0435\u043b\u044c\u043d\u043e\u0441\u0442\u044c: 12:04","result_snippet_text":"How to Install Apache <em>NetBeans<\/em> 11.0 on Linux Do you want to know how to Install Apache <em>NetBeans<\/em> 11.0 on Linux? This video\u00a0...","result_warc_relative_path":null,"result_warc_byte_offset":null,"serp_id":"f35e3623-6b04-5a26-a501-492c55f86f8b","serp_url":"https:\/\/www.youtube.com\/results?search_query=%D0%BA%D0%B0%D0%BA+%D1%81%D0%BA%D0%B0%D1%87%D0%B0%D1%82%D1%8C+netbeans+11","serp_timestamp":1572944176000,"serp_wayback_url":"https:\/\/web.archive.org\/web\/20191105095616\/https:\/\/www.youtube.com\/results?search_query=%D0%BA%D0%B0%D0%BA+%D1%81%D0%BA%D0%B0%D1%87%D0%B0%D1%82%D1%8C+netbeans+11","serp_wayback_raw_url":"https:\/\/web.archive.org\/web\/20191105095616id_\/https:\/\/www.youtube.com\/results?search_query=%D0%BA%D0%B0%D0%BA+%D1%81%D0%BA%D0%B0%D1%87%D0%B0%D1%82%D1%8C+netbeans+11","serp_page":null,"serp_offset":null,"serp_query_text_url":"\u043a\u0430\u043a \u0441\u043a\u0430\u0447\u0430\u0442\u044c netbeans 11","serp_query_text_url_language":null,"serp_query_text_html":"\u043a\u0430\u043a \u0441\u043a\u0430\u0447\u0430\u0442\u044c netbeans 11","serp_warc_relative_path":"focused\/archived-raw-serps\/youtube\/youtube.com%2Fresults%3F\/0000000502\/0000000000.warc.gz","serp_warc_byte_offset":507751,"search_provider_name":"youtube","search_provider_alexa_domain":"youtube.com","search_provider_alexa_domain_public_suffix":"com","search_provider_alexa_rank":2,"search_provider_category":"media-sharing"}
