serp_id,serp_url,serp_timestamp,serp_wayback_url,serp_wayback_raw_url,serp_page,serp_offset,serp_query_text_url,serp_query_text_url_language,serp_query_text_html,serp_warc_relative_path,serp_warc_byte_offset,serp_results,search_provider_name,search_provider_alexa_domain,search_provider_alexa_domain_public_suffix,search_provider_alexa_rank,search_provider_category
0e463c96-8d65-589f-ba78-e8a444e8f843,https://stackoverflow.com/questions/tagged/azure-active-directory+azure-virtual-machine,2020-09-14 07:20:27,https://web.archive.org/web/20200914092027/https://stackoverflow.com/questions/tagged/azure-active-directory+azure-virtual-machine,https://web.archive.org/web/20200914092027id_/https://stackoverflow.com/questions/tagged/azure-active-directory+azure-virtual-machine,,,azure-active-directory+azure-virtual-machine,,[azure-active-directory] [azure-virtual-machine],focused/archived-raw-serps/stackoverflow/stackoverflow.com%2Fquestions%2Ftagged/0000000066/0000000000.warc.gz,539588,"[{'result_id': 'ce5a29f6-d103-543a-8701-6a16e0f5b7e8', 'result_url': 'https://stackoverflow.com/questions/15265072/azure-active-directory-as-domain-controller-for-azure-virtual-machines', 'result_domain': 'stackoverflow.com', 'result_domain_public_suffix': 'com', 'result_wayback_url': 'https://web.archive.org/web/20200914092027/https://stackoverflow.com/questions/15265072/azure-active-directory-as-domain-controller-for-azure-virtual-machines', 'result_wayback_raw_url': 'https://web.archive.org/web/20200914092027id_/https://stackoverflow.com/questions/15265072/azure-active-directory-as-domain-controller-for-azure-virtual-machines', 'result_snippet_rank': 1, 'result_snippet_title': 'Azure Active Directory as Domain Controller for Azure Virtual Machines', 'result_snippet_text': 'Azure Active Directory is ""as a service"" offering from Azure. I have seen documentations and content from Microsoft stating that can be used for SSO and other Web application for unified auth. \n\nWill ...', 'result_warc_relative_path': None, 'result_warc_byte_offset': None}
 {'result_id': 'e4f336b1-8ea6-5d06-82d1-4d7ed12b6e6a', 'result_url': 'https://stackoverflow.com/questions/46309532/azure-permission-needed-for-creating-resource-group-rbac', 'result_domain': 'stackoverflow.com', 'result_domain_public_suffix': 'com', 'result_wayback_url': 'https://web.archive.org/web/20200914092027/https://stackoverflow.com/questions/46309532/azure-permission-needed-for-creating-resource-group-rbac', 'result_wayback_raw_url': 'https://web.archive.org/web/20200914092027id_/https://stackoverflow.com/questions/46309532/azure-permission-needed-for-creating-resource-group-rbac', 'result_snippet_rank': 2, 'result_snippet_title': 'Azure Permission - needed for creating resource group - RBAC', 'result_snippet_text': 'I have assigned with Owner role to a resource group. I am unable to create a new resource group.\n\nFor creating a resource group whether I need owner/contributor role to subscription?\n\nAnd When a user ...', 'result_warc_relative_path': None, 'result_warc_byte_offset': None}
 {'result_id': 'b36aeba4-aef4-5459-ba3c-6eeb6b41f790', 'result_url': 'https://stackoverflow.com/questions/53490873/azure-vm-the-user-account-used-to-connect-to-remote-pc-did-not-work', 'result_domain': 'stackoverflow.com', 'result_domain_public_suffix': 'com', 'result_wayback_url': 'https://web.archive.org/web/20200914092027/https://stackoverflow.com/questions/53490873/azure-vm-the-user-account-used-to-connect-to-remote-pc-did-not-work', 'result_wayback_raw_url': 'https://web.archive.org/web/20200914092027id_/https://stackoverflow.com/questions/53490873/azure-vm-the-user-account-used-to-connect-to-remote-pc-did-not-work', 'result_snippet_rank': 3, 'result_snippet_title': 'Azure VM: the user account used to connect to remote PC did not work', 'result_snippet_text': ""I have an Azure Virtual Machine connected with Azure Active Directory. A user from this AD is added to this machine as an admin. Other people can successfully RDP to the machine with this user's ..."", 'result_warc_relative_path': None, 'result_warc_byte_offset': None}
 {'result_id': '0f50c6c4-6bcc-5260-9aa6-18009d840de8', 'result_url': 'https://stackoverflow.com/questions/57579277/configure-nlog-to-write-log-to-azure-sql-server-with-manage-identity-token', 'result_domain': 'stackoverflow.com', 'result_domain_public_suffix': 'com', 'result_wayback_url': 'https://web.archive.org/web/20200914092027/https://stackoverflow.com/questions/57579277/configure-nlog-to-write-log-to-azure-sql-server-with-manage-identity-token', 'result_wayback_raw_url': 'https://web.archive.org/web/20200914092027id_/https://stackoverflow.com/questions/57579277/configure-nlog-to-write-log-to-azure-sql-server-with-manage-identity-token', 'result_snippet_rank': 4, 'result_snippet_title': 'Configure NLog to write log to Azure SQL server with manage Identity token', 'result_snippet_text': 'I am using NLog and writing log messages to the database using an ADO.NET provider. \n\nI have enabled managed Identity for my Server and I want to connect with Managed Identity and write the logs in ...', 'result_warc_relative_path': None, 'result_warc_byte_offset': None}
 {'result_id': 'c0b2d222-914c-5e05-9783-24e5c91a4030', 'result_url': 'https://stackoverflow.com/questions/50393742/azure-ismemberof-api-gives-insufficient-privileges-to-complete-the-operation', 'result_domain': 'stackoverflow.com', 'result_domain_public_suffix': 'com', 'result_wayback_url': 'https://web.archive.org/web/20200914092027/https://stackoverflow.com/questions/50393742/azure-ismemberof-api-gives-insufficient-privileges-to-complete-the-operation', 'result_wayback_raw_url': 'https://web.archive.org/web/20200914092027id_/https://stackoverflow.com/questions/50393742/azure-ismemberof-api-gives-insufficient-privileges-to-complete-the-operation', 'result_snippet_rank': 5, 'result_snippet_title': 'Azure isMemberOf api gives “Insufficient privileges to complete the operation.” error when trying to access from Azure Virtual Machine', 'result_snippet_text': 'So my requirement is for the application running on Azure Machine to check if a particular Azure user logged in belongs to an assigned Azure group.\n\nI have enabled Managed Service Identity for the ...', 'result_warc_relative_path': None, 'result_warc_byte_offset': None}
 {'result_id': 'f3768fb6-db1d-52bf-a24b-809771ee1458', 'result_url': 'https://stackoverflow.com/questions/43995299/azure-ad-b2c-wrong-location', 'result_domain': 'stackoverflow.com', 'result_domain_public_suffix': 'com', 'result_wayback_url': 'https://web.archive.org/web/20200914092027/https://stackoverflow.com/questions/43995299/azure-ad-b2c-wrong-location', 'result_wayback_raw_url': 'https://web.archive.org/web/20200914092027id_/https://stackoverflow.com/questions/43995299/azure-ad-b2c-wrong-location', 'result_snippet_rank': 6, 'result_snippet_title': 'azure-ad-b2c wrong location', 'result_snippet_text': 'I created a B2C with Location being Canada.  but as you can see from the image, it came to united states. Why did this happen?\n\nb2c active directory', 'result_warc_relative_path': None, 'result_warc_byte_offset': None}
 {'result_id': 'ab9efa6a-63e9-57e7-b1bf-95fbae94e8a9', 'result_url': 'https://stackoverflow.com/questions/61689040/aad-authentication-to-azure-windows-server-2019-virtual-machine', 'result_domain': 'stackoverflow.com', 'result_domain_public_suffix': 'com', 'result_wayback_url': 'https://web.archive.org/web/20200914092027/https://stackoverflow.com/questions/61689040/aad-authentication-to-azure-windows-server-2019-virtual-machine', 'result_wayback_raw_url': 'https://web.archive.org/web/20200914092027id_/https://stackoverflow.com/questions/61689040/aad-authentication-to-azure-windows-server-2019-virtual-machine', 'result_snippet_rank': 7, 'result_snippet_title': 'AAD authentication to Azure Windows Server 2019 virtual machine', 'result_snippet_text': ""I'm having issues authenticating my Azure Windows Server 2019 virtual machine with my AAD user.\n\nAccording to Microsoft's documentation: https://docs.microsoft.com/en-us/azure/active-directory/devices/..."", 'result_warc_relative_path': None, 'result_warc_byte_offset': None}
 {'result_id': '50e23e90-2e5f-5490-b2ab-8e804adb3271', 'result_url': 'https://stackoverflow.com/questions/58614151/insufficient-quota-of-vcpus-available-after-creating-a-vm-imaging-it-and-then', 'result_domain': 'stackoverflow.com', 'result_domain_public_suffix': 'com', 'result_wayback_url': 'https://web.archive.org/web/20200914092027/https://stackoverflow.com/questions/58614151/insufficient-quota-of-vcpus-available-after-creating-a-vm-imaging-it-and-then', 'result_wayback_raw_url': 'https://web.archive.org/web/20200914092027id_/https://stackoverflow.com/questions/58614151/insufficient-quota-of-vcpus-available-after-creating-a-vm-imaging-it-and-then', 'result_snippet_rank': 8, 'result_snippet_title': 'Insufficient quota of vCPUs available after creating a VM, imaging it, and then deleting it', 'result_snippet_text': ""I am testing out Azure VMs as a disaster recovery option for my organization.  I'm on an Azure AD trial.  My use case is this: Ideally, I'd like to have an image standing by with all the software that ..."", 'result_warc_relative_path': None, 'result_warc_byte_offset': None}
 {'result_id': '7022121e-6b94-569d-8372-cc37ce943547', 'result_url': 'https://stackoverflow.com/questions/54229781/how-to-find-out-reference-object-id-of-an-azure-virtual-machine', 'result_domain': 'stackoverflow.com', 'result_domain_public_suffix': 'com', 'result_wayback_url': 'https://web.archive.org/web/20200914092027/https://stackoverflow.com/questions/54229781/how-to-find-out-reference-object-id-of-an-azure-virtual-machine', 'result_wayback_raw_url': 'https://web.archive.org/web/20200914092027id_/https://stackoverflow.com/questions/54229781/how-to-find-out-reference-object-id-of-an-azure-virtual-machine', 'result_snippet_rank': 9, 'result_snippet_title': 'How to find out reference object id of an azure virtual machine?', 'result_snippet_text': 'I am trying to automate the addition of azure virtual machines to azure ad security groups. \nAdd-AzureADGroupMember -ObjectId   -RefObjectId \n\nI am trying to find out the input for parameter -...', 'result_warc_relative_path': None, 'result_warc_byte_offset': None}
 {'result_id': '342d4ee7-e573-5f7f-95db-5f8cb9fa17f3', 'result_url': 'https://stackoverflow.com/questions/36926672/azure-ad-authentication-reply-address-mismatch', 'result_domain': 'stackoverflow.com', 'result_domain_public_suffix': 'com', 'result_wayback_url': 'https://web.archive.org/web/20200914092027/https://stackoverflow.com/questions/36926672/azure-ad-authentication-reply-address-mismatch', 'result_wayback_raw_url': 'https://web.archive.org/web/20200914092027id_/https://stackoverflow.com/questions/36926672/azure-ad-authentication-reply-address-mismatch', 'result_snippet_rank': 10, 'result_snippet_title': 'Azure AD Authentication Reply Address Mismatch', 'result_snippet_text': ""So, I followed the guide here to set up multiple SSL sites on our Azure VM.\n\nThe site that I'm having the issue with is setup so that the Azure VM endpoint redirects external traffic to that endpoint ..."", 'result_warc_relative_path': None, 'result_warc_byte_offset': None}
 {'result_id': '1887ddc0-ccd3-542a-9c24-7d4bba592f3d', 'result_url': 'https://stackoverflow.com/questions/35030809/create-vm-in-microsoft-azure-using-java', 'result_domain': 'stackoverflow.com', 'result_domain_public_suffix': 'com', 'result_wayback_url': 'https://web.archive.org/web/20200914092027/https://stackoverflow.com/questions/35030809/create-vm-in-microsoft-azure-using-java', 'result_wayback_raw_url': 'https://web.archive.org/web/20200914092027id_/https://stackoverflow.com/questions/35030809/create-vm-in-microsoft-azure-using-java', 'result_snippet_rank': 11, 'result_snippet_title': 'Create VM in Microsoft Azure using JAVA', 'result_snippet_text': 'I want to create VMs in Microsoft Azure using a Java REST API. For this, initially I am getting an access token using Microsoft login credentials by passing below values:\n\ngrant_type: ...', 'result_warc_relative_path': None, 'result_warc_byte_offset': None}
 {'result_id': 'c28d18f8-b2c6-52bb-9c1e-ba97f5c268e9', 'result_url': 'https://stackoverflow.com/questions/29838712/azure-role-assignment-for-get-azurevm', 'result_domain': 'stackoverflow.com', 'result_domain_public_suffix': 'com', 'result_wayback_url': 'https://web.archive.org/web/20200914092027/https://stackoverflow.com/questions/29838712/azure-role-assignment-for-get-azurevm', 'result_wayback_raw_url': 'https://web.archive.org/web/20200914092027id_/https://stackoverflow.com/questions/29838712/azure-role-assignment-for-get-azurevm', 'result_snippet_rank': 12, 'result_snippet_title': 'Azure Role Assignment for Get-AzureVM?', 'result_snippet_text': 'I would like to use Role-based access control to give an account the ability to administer certain VMs. The VMs are in a resource group.\n\nNew-AzureRoleAssignment -Mail user@mycompany.onmicrosoft.com -...', 'result_warc_relative_path': None, 'result_warc_byte_offset': None}
 {'result_id': 'b24dff59-4a03-51b5-a927-ffffdb46ad41', 'result_url': 'https://stackoverflow.com/questions/61575539/enabling-aad-login-for-existing-virtual-machines', 'result_domain': 'stackoverflow.com', 'result_domain_public_suffix': 'com', 'result_wayback_url': 'https://web.archive.org/web/20200914092027/https://stackoverflow.com/questions/61575539/enabling-aad-login-for-existing-virtual-machines', 'result_wayback_raw_url': 'https://web.archive.org/web/20200914092027id_/https://stackoverflow.com/questions/61575539/enabling-aad-login-for-existing-virtual-machines', 'result_snippet_rank': 13, 'result_snippet_title': 'Enabling AAD login for existing Virtual Machines', 'result_snippet_text': ""I have seen that AAD login can be enabled at the time VM creation -- when we do this, I noticed that it adds an extension someething like 'AADLoginForLinux'. But for the VMs for which we don't specify ..."", 'result_warc_relative_path': None, 'result_warc_byte_offset': None}
 {'result_id': '711145c3-4e1c-57e9-a1ff-ce8a62a4e2db', 'result_url': 'https://stackoverflow.com/questions/60472524/unable-to-authenticate-using-domain-local-user-on-my-azure-windows-10-vm', 'result_domain': 'stackoverflow.com', 'result_domain_public_suffix': 'com', 'result_wayback_url': 'https://web.archive.org/web/20200914092027/https://stackoverflow.com/questions/60472524/unable-to-authenticate-using-domain-local-user-on-my-azure-windows-10-vm', 'result_wayback_raw_url': 'https://web.archive.org/web/20200914092027id_/https://stackoverflow.com/questions/60472524/unable-to-authenticate-using-domain-local-user-on-my-azure-windows-10-vm', 'result_snippet_rank': 14, 'result_snippet_title': 'Unable to Authenticate using Domain/Local User on my Azure Windows-10 VM', 'result_snippet_text': 'Since my failover from On-prem to Azure couple of months ago, I have been connecting to my Windows-10 ent VMs using my domain user without qualms.\n\nSometime last week, I got an ""NLA"" error when trying ...', 'result_warc_relative_path': None, 'result_warc_byte_offset': None}
 {'result_id': '83b8ba87-8d81-52ba-a9a5-04fc95e4ba33', 'result_url': 'https://stackoverflow.com/questions/58396483/two-azure-sql-vm-with-sql-server-and-analysis-server-installed-on-them-i-want-t', 'result_domain': 'stackoverflow.com', 'result_domain_public_suffix': 'com', 'result_wayback_url': 'https://web.archive.org/web/20200914092027/https://stackoverflow.com/questions/58396483/two-azure-sql-vm-with-sql-server-and-analysis-server-installed-on-them-i-want-t', 'result_wayback_raw_url': 'https://web.archive.org/web/20200914092027id_/https://stackoverflow.com/questions/58396483/two-azure-sql-vm-with-sql-server-and-analysis-server-installed-on-them-i-want-t', 'result_snippet_rank': 15, 'result_snippet_title': 'Two Azure SQL VM with SQL Server and Analysis Server installed on them, I want to access SSAS on one VM from another', 'result_snippet_text': 'I have two Azure SQL VM with SQL Server and Analysis Server installed on them, I want to access SSAS on one VM from another using an Authentication Mechanism which will allow me to use only one cred ...', 'result_warc_relative_path': None, 'result_warc_byte_offset': None}
 {'result_id': '9f979532-c26a-5705-b8c1-93a74fc11800', 'result_url': 'https://stackoverflow.com/questions/55868275/azure-vm-metrics-via-java-sdk', 'result_domain': 'stackoverflow.com', 'result_domain_public_suffix': 'com', 'result_wayback_url': 'https://web.archive.org/web/20200914092027/https://stackoverflow.com/questions/55868275/azure-vm-metrics-via-java-sdk', 'result_wayback_raw_url': 'https://web.archive.org/web/20200914092027id_/https://stackoverflow.com/questions/55868275/azure-vm-metrics-via-java-sdk', 'result_snippet_rank': 16, 'result_snippet_title': 'Azure VM Metrics via Java SDK', 'result_snippet_text': '// get metric definitions for storage account.\n  for (MetricDefinition  metricDefinition : azure.metricDefinitions().listByResource(storageAccount.id())) {\nAzure github has this example to get ...', 'result_warc_relative_path': None, 'result_warc_byte_offset': None}
 {'result_id': '7139e179-b17f-5fd1-94c1-671ee70caf86', 'result_url': 'https://stackoverflow.com/questions/45629242/android-phone-mfa-for-azure', 'result_domain': 'stackoverflow.com', 'result_domain_public_suffix': 'com', 'result_wayback_url': 'https://web.archive.org/web/20200914092027/https://stackoverflow.com/questions/45629242/android-phone-mfa-for-azure', 'result_wayback_raw_url': 'https://web.archive.org/web/20200914092027id_/https://stackoverflow.com/questions/45629242/android-phone-mfa-for-azure', 'result_snippet_rank': 17, 'result_snippet_title': 'Android phone MFA for Azure', 'result_snippet_text': 'How to use Andoid phone as virtual MFA device for Azure portal login prompt.\n\nhttps://docs.microsoft.com/en-in/azure/multi-factor-authentication/multi-factor-authentication\n\nI see, there is an option ...', 'result_warc_relative_path': None, 'result_warc_byte_offset': None}
 {'result_id': 'fb62b10e-5858-54ef-be44-0f46db4adccc', 'result_url': 'https://stackoverflow.com/questions/33099197/connecting-to-active-directory-which-is-present-in-virtual-machine-azure', 'result_domain': 'stackoverflow.com', 'result_domain_public_suffix': 'com', 'result_wayback_url': 'https://web.archive.org/web/20200914092027/https://stackoverflow.com/questions/33099197/connecting-to-active-directory-which-is-present-in-virtual-machine-azure', 'result_wayback_raw_url': 'https://web.archive.org/web/20200914092027id_/https://stackoverflow.com/questions/33099197/connecting-to-active-directory-which-is-present-in-virtual-machine-azure', 'result_snippet_rank': 18, 'result_snippet_title': 'Connecting to Active Directory which is present in Virtual Machine (Azure)', 'result_snippet_text': 'We are having a situation where we need to connect to Active Directory that is setup in a Virtual Machine (in Azure Environment) from a Desktop Application / Windows Service (C#). \nAs I am new to AD, ...', 'result_warc_relative_path': None, 'result_warc_byte_offset': None}
 {'result_id': 'e7c81174-0105-5d5d-b1c6-bf4a6533ed66', 'result_url': 'https://stackoverflow.com/questions/63733016/can-i-create-and-manage-group-policies-in-azure-vm-through-group-policy-manageme', 'result_domain': 'stackoverflow.com', 'result_domain_public_suffix': 'com', 'result_wayback_url': 'https://web.archive.org/web/20200914092027/https://stackoverflow.com/questions/63733016/can-i-create-and-manage-group-policies-in-azure-vm-through-group-policy-manageme', 'result_wayback_raw_url': 'https://web.archive.org/web/20200914092027id_/https://stackoverflow.com/questions/63733016/can-i-create-and-manage-group-policies-in-azure-vm-through-group-policy-manageme', 'result_snippet_rank': 19, 'result_snippet_title': 'Can I create and manage Group policies in Azure VM through Group policy management tool for users located in Azure Active directory? [closed]', 'result_snippet_text': 'I have created an Active directory in azure and want to manage users so I have created azure Virtual machine and configured Group policy management tool. I can see all my users and computers are shown ...', 'result_warc_relative_path': None, 'result_warc_byte_offset': None}
 {'result_id': 'bbee21d9-c84f-5fc2-bc98-7978ef344909', 'result_url': 'https://stackoverflow.com/questions/59812719/error-creating-sql-network-name-on-azure-sql-cluster-in-azure-ad', 'result_domain': 'stackoverflow.com', 'result_domain_public_suffix': 'com', 'result_wayback_url': 'https://web.archive.org/web/20200914092027/https://stackoverflow.com/questions/59812719/error-creating-sql-network-name-on-azure-sql-cluster-in-azure-ad', 'result_wayback_raw_url': 'https://web.archive.org/web/20200914092027id_/https://stackoverflow.com/questions/59812719/error-creating-sql-network-name-on-azure-sql-cluster-in-azure-ad', 'result_snippet_rank': 20, 'result_snippet_title': 'Error creating SQL Network Name on Azure SQL Cluster in Azure AD', 'result_snippet_text': ""I am trying to create a SQL Failover clustered instance in Azure with two nodes joined via Azure Active Directory.  I have been following this guide.\n\nAlong with several other web resources when I've ..."", 'result_warc_relative_path': None, 'result_warc_byte_offset': None}
 {'result_id': 'bee8b502-0e4a-5df5-a62b-1616065aafd3', 'result_url': 'https://stackoverflow.com/questions/59489796/how-we-can-create-vm-ware-using-azure-data-factory', 'result_domain': 'stackoverflow.com', 'result_domain_public_suffix': 'com', 'result_wayback_url': 'https://web.archive.org/web/20200914092027/https://stackoverflow.com/questions/59489796/how-we-can-create-vm-ware-using-azure-data-factory', 'result_wayback_raw_url': 'https://web.archive.org/web/20200914092027id_/https://stackoverflow.com/questions/59489796/how-we-can-create-vm-ware-using-azure-data-factory', 'result_snippet_rank': 21, 'result_snippet_title': 'How we can create VM ware using Azure data Factory', 'result_snippet_text': 'I am trying to create Vmware using VMImage through Azure data factory!\n\nI am able to create manually by using Resource Manager, but i want to automate this process through Azure Data Factory.', 'result_warc_relative_path': None, 'result_warc_byte_offset': None}
 {'result_id': 'b98752b2-372d-5b81-9df5-386137a62d80', 'result_url': 'https://stackoverflow.com/questions/57008766/how-to-join-my-vm-to-aad-select-virtual-network', 'result_domain': 'stackoverflow.com', 'result_domain_public_suffix': 'com', 'result_wayback_url': 'https://web.archive.org/web/20200914092027/https://stackoverflow.com/questions/57008766/how-to-join-my-vm-to-aad-select-virtual-network', 'result_wayback_raw_url': 'https://web.archive.org/web/20200914092027id_/https://stackoverflow.com/questions/57008766/how-to-join-my-vm-to-aad-select-virtual-network', 'result_snippet_rank': 22, 'result_snippet_title': 'How to join my VM to AAD - select virtual network', 'result_snippet_text': ""I'm trying to create Windows Server VM joined to the AAD where my Azure Subscription is.\n\nI'm reading Join a Windows Server virtual machine to a managed domain, but I'm stuck on step #6:\n  select the ..."", 'result_warc_relative_path': None, 'result_warc_byte_offset': None}
 {'result_id': '30fea6ed-8fc5-5ecd-b887-6eb8de38a06a', 'result_url': 'https://stackoverflow.com/questions/56997817/how-to-add-user-assigned-managed-identity-to-azure-lab-vm', 'result_domain': 'stackoverflow.com', 'result_domain_public_suffix': 'com', 'result_wayback_url': 'https://web.archive.org/web/20200914092027/https://stackoverflow.com/questions/56997817/how-to-add-user-assigned-managed-identity-to-azure-lab-vm', 'result_wayback_raw_url': 'https://web.archive.org/web/20200914092027id_/https://stackoverflow.com/questions/56997817/how-to-add-user-assigned-managed-identity-to-azure-lab-vm', 'result_snippet_rank': 23, 'result_snippet_title': 'How to add user assigned managed identity to Azure Lab VM?', 'result_snippet_text': 'My goal is to have a VM to run builds for Azure DevOps with a user-assigned managed identity so we can keep everything connectionStringLess.\n\nI have just created an Azure Lab and a VM in it.\n\nThe ...', 'result_warc_relative_path': None, 'result_warc_byte_offset': None}
 {'result_id': 'f43f8397-9013-5692-8a63-39bf3935932d', 'result_url': 'https://stackoverflow.com/questions/54818490/azure-reports-password-criteria-not-matched', 'result_domain': 'stackoverflow.com', 'result_domain_public_suffix': 'com', 'result_wayback_url': 'https://web.archive.org/web/20200914092027/https://stackoverflow.com/questions/54818490/azure-reports-password-criteria-not-matched', 'result_wayback_raw_url': 'https://web.archive.org/web/20200914092027id_/https://stackoverflow.com/questions/54818490/azure-reports-password-criteria-not-matched', 'result_snippet_rank': 24, 'result_snippet_title': 'Azure reports password criteria not matched', 'result_snippet_text': ""I'm using Terraform to provision resources on Azure. It is complaining that password is not meeting password policy. I though maybe the var file is giving some error but even when I pass password on ..."", 'result_warc_relative_path': None, 'result_warc_byte_offset': None}
 {'result_id': '9bc657fb-59d3-5e12-93e4-7cd0a7a1dd7d', 'result_url': 'https://stackoverflow.com/questions/52487625/use-azure-ad-to-authenticate-website-running-on-vm', 'result_domain': 'stackoverflow.com', 'result_domain_public_suffix': 'com', 'result_wayback_url': 'https://web.archive.org/web/20200914092027/https://stackoverflow.com/questions/52487625/use-azure-ad-to-authenticate-website-running-on-vm', 'result_wayback_raw_url': 'https://web.archive.org/web/20200914092027id_/https://stackoverflow.com/questions/52487625/use-azure-ad-to-authenticate-website-running-on-vm', 'result_snippet_rank': 25, 'result_snippet_title': 'Use Azure AD to Authenticate Website running on VM', 'result_snippet_text': ""Right now we have AD set up so access to our App Service is authenticated.  But we need the website to have local access to some special applications.  Since we can't install applications on an App ..."", 'result_warc_relative_path': None, 'result_warc_byte_offset': None}
 {'result_id': '04b65c21-7d8c-5187-9a65-5ffa44660cea', 'result_url': 'https://stackoverflow.com/questions/50136177/hide-azure-vm-behind-proxy-with-azure-ad-authentication', 'result_domain': 'stackoverflow.com', 'result_domain_public_suffix': 'com', 'result_wayback_url': 'https://web.archive.org/web/20200914092027/https://stackoverflow.com/questions/50136177/hide-azure-vm-behind-proxy-with-azure-ad-authentication', 'result_wayback_raw_url': 'https://web.archive.org/web/20200914092027id_/https://stackoverflow.com/questions/50136177/hide-azure-vm-behind-proxy-with-azure-ad-authentication', 'result_snippet_rank': 26, 'result_snippet_title': 'Hide Azure VM behind proxy with Azure AD authentication', 'result_snippet_text': ""We have an authoring instance of our CMS hosted on an Azure VM. The authoring system's web front end (even the login page) should only be accessable for users that have been authenticated against our ..."", 'result_warc_relative_path': None, 'result_warc_byte_offset': None}
 {'result_id': '119676b8-cbd3-5ce2-b957-531b8b92413a', 'result_url': 'https://stackoverflow.com/questions/27170775/how-can-i-use-azure-active-directory-users-as-virtual-machine-users', 'result_domain': 'stackoverflow.com', 'result_domain_public_suffix': 'com', 'result_wayback_url': 'https://web.archive.org/web/20200914092027/https://stackoverflow.com/questions/27170775/how-can-i-use-azure-active-directory-users-as-virtual-machine-users', 'result_wayback_raw_url': 'https://web.archive.org/web/20200914092027id_/https://stackoverflow.com/questions/27170775/how-can-i-use-azure-active-directory-users-as-virtual-machine-users', 'result_snippet_rank': 27, 'result_snippet_title': 'How can I use Azure Active Directory Users as virtual machine users?', 'result_snippet_text': 'Is there a way, to use Users in an Azure Active Directory as Users for an Azure Virtual Machine? Respectively, is there in general a way to create multiple user accounts for an Azure Virtual Machine?\n\n...', 'result_warc_relative_path': None, 'result_warc_byte_offset': None}
 {'result_id': 'a97d7707-e1b5-57be-8609-4315dcc8b6f7', 'result_url': 'https://stackoverflow.com/questions/46824419/on-premises-to-azure-migration-possible-ways', 'result_domain': 'stackoverflow.com', 'result_domain_public_suffix': 'com', 'result_wayback_url': 'https://web.archive.org/web/20200914092027/https://stackoverflow.com/questions/46824419/on-premises-to-azure-migration-possible-ways', 'result_wayback_raw_url': 'https://web.archive.org/web/20200914092027id_/https://stackoverflow.com/questions/46824419/on-premises-to-azure-migration-possible-ways', 'result_snippet_rank': 28, 'result_snippet_title': 'on-Premises to Azure Migration possible ways [closed]', 'result_snippet_text': 'can any one please tell how many possible way are there to migrate from on-premises to azure\n\ni am planning to migrate active directory to azure\n\nex:i have AD with some set of polices and different ...', 'result_warc_relative_path': None, 'result_warc_byte_offset': None}
 {'result_id': 'ba9047d2-7018-5c3a-b557-8c24279025b5', 'result_url': 'https://stackoverflow.com/questions/44823243/skype-for-business-server-on-azure-vm', 'result_domain': 'stackoverflow.com', 'result_domain_public_suffix': 'com', 'result_wayback_url': 'https://web.archive.org/web/20200914092027/https://stackoverflow.com/questions/44823243/skype-for-business-server-on-azure-vm', 'result_wayback_raw_url': 'https://web.archive.org/web/20200914092027id_/https://stackoverflow.com/questions/44823243/skype-for-business-server-on-azure-vm', 'result_snippet_rank': 29, 'result_snippet_title': 'Skype for Business Server on Azure VM', 'result_snippet_text': 'We are planning to integrate Skype Video conferencing into our web application. We are not using Azure AD at the moment so SfB Online is not an option. So we are thinking of setting up Skype for ...', 'result_warc_relative_path': None, 'result_warc_byte_offset': None}
 {'result_id': 'e0bfd38e-d71d-525f-a9ac-a4dd8399571e', 'result_url': 'https://stackoverflow.com/questions/51947804/azure-vm-and-ad-setup', 'result_domain': 'stackoverflow.com', 'result_domain_public_suffix': 'com', 'result_wayback_url': 'https://web.archive.org/web/20200914092027/https://stackoverflow.com/questions/51947804/azure-vm-and-ad-setup', 'result_wayback_raw_url': 'https://web.archive.org/web/20200914092027id_/https://stackoverflow.com/questions/51947804/azure-vm-and-ad-setup', 'result_snippet_rank': 30, 'result_snippet_title': 'Azure VM and AD Setup', 'result_snippet_text': 'Kindly let me know \n\nSetup the Virtual machine - configure DHS, TCP/IP, Firewall setting \n\nMap to Virtual Network and Subnet\n\ncreate a vm in other region and set up the Activie directly to setup ...', 'result_warc_relative_path': None, 'result_warc_byte_offset': None}]",stackoverflow,stackoverflow.com,com,43,question-and-answer
