{"result_id":"7faf2417-c890-5b48-b1c2-fbd5563807bb","result_url":"https:\/\/www.google.com\/url?q=https:\/\/hu.wikipedia.org\/wiki\/Angela_Merkel&sa=U&ved=2ahUKEwjrgozNxZvuAhXdCTQIHf5ADxMQFjACegQIChAB&usg=AOvVaw3vHayi6BmOp6Ui3RycKn6S","result_domain":"www.google.com","result_domain_public_suffix":"com","result_wayback_url":"https:\/\/web.archive.org\/web\/20210114133654\/https:\/\/www.google.com\/url?q=https:\/\/hu.wikipedia.org\/wiki\/Angela_Merkel&sa=U&ved=2ahUKEwjrgozNxZvuAhXdCTQIHf5ADxMQFjACegQIChAB&usg=AOvVaw3vHayi6BmOp6Ui3RycKn6S","result_wayback_raw_url":"https:\/\/web.archive.org\/web\/20210114133654id_\/https:\/\/www.google.com\/url?q=https:\/\/hu.wikipedia.org\/wiki\/Angela_Merkel&sa=U&ved=2ahUKEwjrgozNxZvuAhXdCTQIHf5ADxMQFjACegQIChAB&usg=AOvVaw3vHayi6BmOp6Ui3RycKn6S","result_snippet_rank":5,"result_snippet_title":"Angela Merkel \u2013 Wikip\u00e9dia","result_snippet_text":null,"result_warc_relative_path":null,"result_warc_byte_offset":null,"serp_id":"01e8e1d7-1672-5930-9ada-c6d6d4610a49","serp_url":"https:\/\/www.google.com\/search?q=%22Els%C5%91+Merkel-korm%C3%A1ny%22+site:hu.wikipedia.org","serp_timestamp":1610627814000,"serp_wayback_url":"https:\/\/web.archive.org\/web\/20210114133654\/https:\/\/www.google.com\/search?q=%22Els%C5%91+Merkel-korm%C3%A1ny%22+site:hu.wikipedia.org","serp_wayback_raw_url":"https:\/\/web.archive.org\/web\/20210114133654id_\/https:\/\/www.google.com\/search?q=%22Els%C5%91+Merkel-korm%C3%A1ny%22+site:hu.wikipedia.org","serp_page":null,"serp_offset":null,"serp_query_text_url":"\"Els\u0151 Merkel-korm\u00e1ny\" site:hu.wikipedia.org","serp_query_text_url_language":null,"serp_query_text_html":"\"Els\u0151 Merkel-korm\u00e1ny\" site:hu.wikipedia.org","serp_warc_relative_path":"focused\/archived-raw-serps\/google\/google.com%2Fsearch%3F\/0000002199\/0000000000.warc.gz","serp_warc_byte_offset":2356073,"search_provider_name":"google","search_provider_alexa_domain":"google.com","search_provider_alexa_domain_public_suffix":"com","search_provider_alexa_rank":1,"search_provider_category":"search-engine"}
