{"serp_id":"fbd8aae1-44b9-5ea6-a8c9-3042aa96b921","serp_url":"https:\/\/twitter.com\/search?q=%23OnPulse&src=hash","serp_timestamp":1380344123000,"serp_wayback_url":"https:\/\/web.archive.org\/web\/20130928065523\/https:\/\/twitter.com\/search?q=%23OnPulse&src=hash","serp_wayback_raw_url":"https:\/\/web.archive.org\/web\/20130928065523id_\/https:\/\/twitter.com\/search?q=%23OnPulse&src=hash","serp_page":null,"serp_offset":null,"serp_query_text_url":"#OnPulse","serp_query_text_url_language":null,"serp_query_text_html":null,"serp_warc_relative_path":"focused\/archived-raw-serps\/twitter\/twitter.com%2Fsearch%3F\/0000001350\/0000000000.warc.gz","serp_warc_byte_offset":621945,"serp_results":[{"result_id":"6ff4605c-c16d-5d66-b3b8-fd5ca48f76e6","result_url":"https:\/\/twitter.com\/twwainwright\/status\/378436249683374082","result_domain":"twitter.com","result_domain_public_suffix":"com","result_wayback_url":"https:\/\/web.archive.org\/web\/20130928065523\/https:\/\/twitter.com\/twwainwright\/status\/378436249683374082","result_wayback_raw_url":"https:\/\/web.archive.org\/web\/20130928065523id_\/https:\/\/twitter.com\/twwainwright\/status\/378436249683374082","result_snippet_rank":1,"result_snippet_title":"<em>Tom Wainwright<\/em>\n\u200f@<em>twwainwright<\/em>","result_snippet_text":"Nikki is ready for action at #<em>therapyexpo<\/em> come and see us at stand 66b @<em>fireflyrecovery<\/em> #<em>geko<\/em> #<em><em>onpulse<\/em><\/em> pic.twitter.com\/H9VIzjEpar","result_warc_relative_path":null,"result_warc_byte_offset":null},{"result_id":"60881b52-4c8d-5888-8021-055bcaa451e0","result_url":"https:\/\/twitter.com\/twwainwright\/status\/366970367899729920","result_domain":"twitter.com","result_domain_public_suffix":"com","result_wayback_url":"https:\/\/web.archive.org\/web\/20130928065523\/https:\/\/twitter.com\/twwainwright\/status\/366970367899729920","result_wayback_raw_url":"https:\/\/web.archive.org\/web\/20130928065523id_\/https:\/\/twitter.com\/twwainwright\/status\/366970367899729920","result_snippet_rank":2,"result_snippet_title":"<em>Tom Wainwright<\/em>\n\u200f@<em>twwainwright<\/em>","result_snippet_text":"Looking forward to #<em>TherapyExpo<\/em> Sept 13\/14 http:\/\/www.therapyexpo.co.uk\/\u00a0 Learn more about #<em>geko<\/em> and #<em><em>OnPulse<\/em><\/em> at Stand #<em>66b<\/em> http:\/\/goo.gl\/0wsl2X","result_warc_relative_path":null,"result_warc_byte_offset":null},{"result_id":"51dbbc13-b12a-5d94-9242-c36d6481a4ab","result_url":"https:\/\/twitter.com\/CymerInc\/status\/355462512361222144","result_domain":"twitter.com","result_domain_public_suffix":"com","result_wayback_url":"https:\/\/web.archive.org\/web\/20130928065523\/https:\/\/twitter.com\/CymerInc\/status\/355462512361222144","result_wayback_raw_url":"https:\/\/web.archive.org\/web\/20130928065523id_\/https:\/\/twitter.com\/CymerInc\/status\/355462512361222144","result_snippet_rank":3,"result_snippet_title":"<em>Cymer<\/em>\n\u200f@<em>CymerInc<\/em>","result_snippet_text":"Just 2 years ago, @<em>CymerInc<\/em> introduced #<em><em>OnPulse<\/em><\/em> Plus and #<em>SmartPulse<\/em> to provide #<em>chipmakers<\/em> w\/ analysis tools http:\/\/goo.gl\/lMA1Q","result_warc_relative_path":null,"result_warc_byte_offset":null},{"result_id":"0a09f446-8cfd-5473-a7ad-b1c9c0edd85b","result_url":"https:\/\/twitter.com\/Cornishwomble\/status\/346293674835062785","result_domain":"twitter.com","result_domain_public_suffix":"com","result_wayback_url":"https:\/\/web.archive.org\/web\/20130928065523\/https:\/\/twitter.com\/Cornishwomble\/status\/346293674835062785","result_wayback_raw_url":"https:\/\/web.archive.org\/web\/20130928065523id_\/https:\/\/twitter.com\/Cornishwomble\/status\/346293674835062785","result_snippet_rank":4,"result_snippet_title":"<em>Roy Taylor<\/em>\n\u200f@<em>Cornishwomble<\/em>","result_snippet_text":"\u201c@<em>echairs<\/em>: Empty Chairs: Runners for the West of England Bandmen's Festival - Bugle 2013... http:\/\/bit.ly\/18bSl4W\u00a0\u201d - #<em>bitlate<\/em> #<em><em>onpulse<\/em><\/em>","result_warc_relative_path":null,"result_warc_byte_offset":null},{"result_id":"2db8c48f-e037-588f-b88f-c922572f36b8","result_url":"https:\/\/twitter.com\/NHunt09\/status\/295847500672299009","result_domain":"twitter.com","result_domain_public_suffix":"com","result_wayback_url":"https:\/\/web.archive.org\/web\/20130928065523\/https:\/\/twitter.com\/NHunt09\/status\/295847500672299009","result_wayback_raw_url":"https:\/\/web.archive.org\/web\/20130928065523id_\/https:\/\/twitter.com\/NHunt09\/status\/295847500672299009","result_snippet_rank":5,"result_snippet_title":"<em>Natasha 'Mo' Hunt<\/em>\n\u200f@<em>NHunt09<\/em>","result_snippet_text":"\u201c@<em>Jo_Watmore<\/em>: Traveling in style... #<em><em>onpulse<\/em><\/em> \u26a1\ud83d\ude01 @<em>NHunt09<\/em> #<em>crazylegs<\/em> pic.twitter.com\/6sn49zKV\u201d #<em>level1forbeginners<\/em>","result_warc_relative_path":null,"result_warc_byte_offset":null},{"result_id":"89a4c7ff-429d-5545-b87c-b81244c4925b","result_url":"https:\/\/twitter.com\/coreybookermd\/status\/210429247855136768","result_domain":"twitter.com","result_domain_public_suffix":"com","result_wayback_url":"https:\/\/web.archive.org\/web\/20130928065523\/https:\/\/twitter.com\/coreybookermd\/status\/210429247855136768","result_wayback_raw_url":"https:\/\/web.archive.org\/web\/20130928065523id_\/https:\/\/twitter.com\/coreybookermd\/status\/210429247855136768","result_snippet_rank":6,"result_snippet_title":"<em>Corey Booker, MD<\/em>\n\u200f@<em>coreybookermd<\/em>","result_snippet_text":"really great story of a doctor rejecting the status quo http:\/\/on.msnbc.com\/qX7gQo\u00a0 #<em><em>OnPulse<\/em><\/em>","result_warc_relative_path":null,"result_warc_byte_offset":null},{"result_id":"c5c6ab34-a965-5659-9e19-d47a6b262315","result_url":"https:\/\/twitter.com\/GetOnPulse\/status\/202368857346813956","result_domain":"twitter.com","result_domain_public_suffix":"com","result_wayback_url":"https:\/\/web.archive.org\/web\/20130928065523\/https:\/\/twitter.com\/GetOnPulse\/status\/202368857346813956","result_wayback_raw_url":"https:\/\/web.archive.org\/web\/20130928065523id_\/https:\/\/twitter.com\/GetOnPulse\/status\/202368857346813956","result_snippet_rank":7,"result_snippet_title":"<em>OnPulse<\/em>\n\u200f@<em>GetOnPulse<\/em>","result_snippet_text":"OnPulse will be launching at #<em>health2con<\/em> we'll be tweeting some screen shots later. #<em><em>onpulse<\/em><\/em>","result_warc_relative_path":null,"result_warc_byte_offset":null},{"result_id":"2a4463be-86e2-53cd-9f27-43bfd2a3f9f3","result_url":"https:\/\/twitter.com\/OnPulseNurse\/status\/198435662972719104","result_domain":"twitter.com","result_domain_public_suffix":"com","result_wayback_url":"https:\/\/web.archive.org\/web\/20130928065523\/https:\/\/twitter.com\/OnPulseNurse\/status\/198435662972719104","result_wayback_raw_url":"https:\/\/web.archive.org\/web\/20130928065523id_\/https:\/\/twitter.com\/OnPulseNurse\/status\/198435662972719104","result_snippet_rank":8,"result_snippet_title":"<em>OnPulseNurse<\/em>\n\u200f@<em>OnPulseNurse<\/em>","result_snippet_text":"We have had an awesome time meeting the nurses at AAACN. Check out these smiles. #<em>AAACN<\/em> #<em><em>OnPulse<\/em><\/em> pic.twitter.com\/kqBWk8oG","result_warc_relative_path":null,"result_warc_byte_offset":null},{"result_id":"f0c88eb5-fd9d-5395-819d-7d2ecdad679d","result_url":"https:\/\/twitter.com\/KellyRossNC\/status\/198417057853882368","result_domain":"twitter.com","result_domain_public_suffix":"com","result_wayback_url":"https:\/\/web.archive.org\/web\/20130928065523\/https:\/\/twitter.com\/KellyRossNC\/status\/198417057853882368","result_wayback_raw_url":"https:\/\/web.archive.org\/web\/20130928065523id_\/https:\/\/twitter.com\/KellyRossNC\/status\/198417057853882368","result_snippet_rank":9,"result_snippet_title":"<em>KellyRossNC<\/em>\n\u200f@<em>KellyRossNC<\/em>","result_snippet_text":"Mary's the happy winner! #<em><em>onpulse<\/em><\/em> Visit us anytime at http:\/\/OnPulse.com\u00a0. pic.twitter.com\/obhqbewn","result_warc_relative_path":null,"result_warc_byte_offset":null},{"result_id":"6b4de42f-097b-59e9-8ccc-a6a1a8890b8a","result_url":"https:\/\/twitter.com\/KellyRossNC\/status\/198415450365898753","result_domain":"twitter.com","result_domain_public_suffix":"com","result_wayback_url":"https:\/\/web.archive.org\/web\/20130928065523\/https:\/\/twitter.com\/KellyRossNC\/status\/198415450365898753","result_wayback_raw_url":"https:\/\/web.archive.org\/web\/20130928065523id_\/https:\/\/twitter.com\/KellyRossNC\/status\/198415450365898753","result_snippet_rank":10,"result_snippet_title":"<em>KellyRossNC<\/em>\n\u200f@<em>KellyRossNC<\/em>","result_snippet_text":"Nurses love #<em><em>OnPulse<\/em><\/em>! pic.twitter.com\/CNSoEotx","result_warc_relative_path":null,"result_warc_byte_offset":null},{"result_id":"2c7eb66b-83d6-5c44-acab-4d9271733b36","result_url":"https:\/\/twitter.com\/OnPulseNurse\/status\/198082322640273409","result_domain":"twitter.com","result_domain_public_suffix":"com","result_wayback_url":"https:\/\/web.archive.org\/web\/20130928065523\/https:\/\/twitter.com\/OnPulseNurse\/status\/198082322640273409","result_wayback_raw_url":"https:\/\/web.archive.org\/web\/20130928065523id_\/https:\/\/twitter.com\/OnPulseNurse\/status\/198082322640273409","result_snippet_rank":11,"result_snippet_title":"<em>OnPulseNurse<\/em>\n\u200f@<em>OnPulseNurse<\/em>","result_snippet_text":"Nurses are liking OnPulse at AAACN #<em>AAACN<\/em> #<em><em>onpulse<\/em><\/em> pic.twitter.com\/PDiEXXGx","result_warc_relative_path":null,"result_warc_byte_offset":null},{"result_id":"c1d92756-6e2a-550b-9baf-f7336a134384","result_url":"https:\/\/twitter.com\/OnPulseNurse\/status\/197809865853382656","result_domain":"twitter.com","result_domain_public_suffix":"com","result_wayback_url":"https:\/\/web.archive.org\/web\/20130928065523\/https:\/\/twitter.com\/OnPulseNurse\/status\/197809865853382656","result_wayback_raw_url":"https:\/\/web.archive.org\/web\/20130928065523id_\/https:\/\/twitter.com\/OnPulseNurse\/status\/197809865853382656","result_snippet_rank":12,"result_snippet_title":"<em>OnPulseNurse<\/em>\n\u200f@<em>OnPulseNurse<\/em>","result_snippet_text":"Our team arrived at AAACN. Go say hi tomorrow. Booth 214. #<em><em>OnPulse<\/em><\/em> pic.twitter.com\/eyniK085","result_warc_relative_path":null,"result_warc_byte_offset":null},{"result_id":"9b87c77e-a476-5204-853a-cdf5cf075e64","result_url":"https:\/\/twitter.com\/coreybookermd\/status\/197308809897721859","result_domain":"twitter.com","result_domain_public_suffix":"com","result_wayback_url":"https:\/\/web.archive.org\/web\/20130928065523\/https:\/\/twitter.com\/coreybookermd\/status\/197308809897721859","result_wayback_raw_url":"https:\/\/web.archive.org\/web\/20130928065523id_\/https:\/\/twitter.com\/coreybookermd\/status\/197308809897721859","result_snippet_rank":13,"result_snippet_title":"<em>Corey Booker, MD<\/em>\n\u200f@<em>coreybookermd<\/em>","result_snippet_text":"Healthcare cost up 6.2% (this morning's USA Today)-Better access can reduce this #<em><em>OnPulse<\/em><\/em> pic.twitter.com\/lSFR5gKA","result_warc_relative_path":null,"result_warc_byte_offset":null},{"result_id":"3341e28b-4564-5488-a878-9105d93b08da","result_url":"https:\/\/twitter.com\/GetOnPulse\/status\/183272058539606017","result_domain":"twitter.com","result_domain_public_suffix":"com","result_wayback_url":"https:\/\/web.archive.org\/web\/20130928065523\/https:\/\/twitter.com\/GetOnPulse\/status\/183272058539606017","result_wayback_raw_url":"https:\/\/web.archive.org\/web\/20130928065523id_\/https:\/\/twitter.com\/GetOnPulse\/status\/183272058539606017","result_snippet_rank":14,"result_snippet_title":"<em>OnPulse<\/em>\n\u200f@<em>GetOnPulse<\/em>","result_snippet_text":"We had an awesome week as a team. There is nothing like doing what you love and doing something important.  Go OnPulse. #<em><em>Onpulse<\/em><\/em>","result_warc_relative_path":null,"result_warc_byte_offset":null},{"result_id":"80130312-d2f7-50e3-8447-54abafa03558","result_url":"https:\/\/twitter.com\/GetOnPulse\/status\/173940718858027008","result_domain":"twitter.com","result_domain_public_suffix":"com","result_wayback_url":"https:\/\/web.archive.org\/web\/20130928065523\/https:\/\/twitter.com\/GetOnPulse\/status\/173940718858027008","result_wayback_raw_url":"https:\/\/web.archive.org\/web\/20130928065523id_\/https:\/\/twitter.com\/GetOnPulse\/status\/173940718858027008","result_snippet_rank":15,"result_snippet_title":"<em>OnPulse<\/em>\n\u200f@<em>GetOnPulse<\/em>","result_snippet_text":"There is nothing more critical when creating a product to have the customer visit your office and talk about their needs and wants. #<em><em>onpulse<\/em><\/em>","result_warc_relative_path":null,"result_warc_byte_offset":null},{"result_id":"a1248d57-5c8d-5f59-87c0-beef55ac546b","result_url":"https:\/\/twitter.com\/seantizz\/status\/148162837179678720","result_domain":"twitter.com","result_domain_public_suffix":"com","result_wayback_url":"https:\/\/web.archive.org\/web\/20130928065523\/https:\/\/twitter.com\/seantizz\/status\/148162837179678720","result_wayback_raw_url":"https:\/\/web.archive.org\/web\/20130928065523id_\/https:\/\/twitter.com\/seantizz\/status\/148162837179678720","result_snippet_rank":16,"result_snippet_title":"<em>seantizz<\/em>\n\u200f@<em>seantizz<\/em>","result_snippet_text":"I think it's fair to say that if Mcfly were booked to headline @<em>summersundae<\/em> next year, they'd be a popular seller of tickets. #<em><em>onpulse<\/em><\/em>","result_warc_relative_path":null,"result_warc_byte_offset":null}],"search_provider_name":"twitter","search_provider_alexa_domain":"twitter.com","search_provider_alexa_domain_public_suffix":"com","search_provider_alexa_rank":26,"search_provider_category":"social-media"}
