{"result_id":"1dc06b76-dc1b-5152-80e2-5e257683d798","result_url":"https:\/\/www.amazon.com\/gp\/slredirect\/picassoRedirect.html\/ref=pa_sp_mtf_aps_sr_pg1_1?ie=UTF8&adId=A0661916RNPZ402A4G8S&url=%2FCreated-Pendant-Earrings-Necklace-Sterling%2Fdp%2FB00MJ3Y68S%2Fref%3Dsr_1_28_sspa%3FGo%3DGo%26Go.x%3D0%26Go.y%3D0%26dchild%3D1%26keywords%3DOpal%26qid%3D1611630260%26sr%3D8-28-spons%26psc%3D1&qualifier=1611630260&id=4150756774533073&widgetName=sp_mtf","result_domain":"www.amazon.com","result_domain_public_suffix":"com","result_wayback_url":"https:\/\/web.archive.org\/web\/20210126030420\/https:\/\/www.amazon.com\/gp\/slredirect\/picassoRedirect.html\/ref=pa_sp_mtf_aps_sr_pg1_1?ie=UTF8&adId=A0661916RNPZ402A4G8S&url=%2FCreated-Pendant-Earrings-Necklace-Sterling%2Fdp%2FB00MJ3Y68S%2Fref%3Dsr_1_28_sspa%3FGo%3DGo%26Go.x%3D0%26Go.y%3D0%26dchild%3D1%26keywords%3DOpal%26qid%3D1611630260%26sr%3D8-28-spons%26psc%3D1&qualifier=1611630260&id=4150756774533073&widgetName=sp_mtf","result_wayback_raw_url":"https:\/\/web.archive.org\/web\/20210126030420id_\/https:\/\/www.amazon.com\/gp\/slredirect\/picassoRedirect.html\/ref=pa_sp_mtf_aps_sr_pg1_1?ie=UTF8&adId=A0661916RNPZ402A4G8S&url=%2FCreated-Pendant-Earrings-Necklace-Sterling%2Fdp%2FB00MJ3Y68S%2Fref%3Dsr_1_28_sspa%3FGo%3DGo%26Go.x%3D0%26Go.y%3D0%26dchild%3D1%26keywords%3DOpal%26qid%3D1611630260%26sr%3D8-28-spons%26psc%3D1&qualifier=1611630260&id=4150756774533073&widgetName=sp_mtf","result_snippet_rank":30,"result_snippet_title":"Peora Created White Opal Earrings and Pendant Necklace Jewelry Set in Sterling Silver, Angel Wing Design, Heart Shape, 2.00 Carats total with 18 inch Chain","result_snippet_text":null,"result_warc_relative_path":null,"result_warc_byte_offset":null,"serp_id":"411ac419-e7f9-54a0-84f3-3a0c41272201","serp_url":"https:\/\/www.amazon.com\/s?k=Opal&Go=Go&Go.x=0&Go.y=0","serp_timestamp":1611626660000,"serp_wayback_url":"https:\/\/web.archive.org\/web\/20210126030420\/https:\/\/www.amazon.com\/s?k=Opal&Go=Go&Go.x=0&Go.y=0","serp_wayback_raw_url":"https:\/\/web.archive.org\/web\/20210126030420id_\/https:\/\/www.amazon.com\/s?k=Opal&Go=Go&Go.x=0&Go.y=0","serp_page":null,"serp_offset":null,"serp_query_text_url":"Opal","serp_query_text_url_language":"fy","serp_query_text_html":"Opal","serp_warc_relative_path":"focused\/archived-raw-serps\/amazon\/amazon.com%2Fs%3F\/0000001109\/0000000000.warc.gz","serp_warc_byte_offset":534377,"search_provider_name":"amazon","search_provider_alexa_domain":"amazon.com","search_provider_alexa_domain_public_suffix":"com","search_provider_alexa_rank":10,"search_provider_category":"e-commerce"}
