{"result_id":"04b4a0cc-af1c-52b6-8fae-1bb2a7c28000","result_url":"https:\/\/www.google.com\/url?q=http:\/\/www.compuzone.co.kr\/product\/product_list.htm%3FBigDivNo%3D12%26MediumDivNo%3D1108%26DivNo%3D3181%26splist_sbno%5B%5D%3D14464%26splist_sbno%5B%5D%3D14464&sa=U&ved=2ahUKEwiah-espOT3AhUWDkQIHVHxA-cQFnoECAQQAg&usg=AOvVaw3aKfc5Pwlmr36V6bOwi6-m","result_domain":"www.google.com","result_domain_public_suffix":"com","result_wayback_url":"https:\/\/web.archive.org\/web\/20220516145933\/https:\/\/www.google.com\/url?q=http:\/\/www.compuzone.co.kr\/product\/product_list.htm%3FBigDivNo%3D12%26MediumDivNo%3D1108%26DivNo%3D3181%26splist_sbno%5B%5D%3D14464%26splist_sbno%5B%5D%3D14464&sa=U&ved=2ahUKEwiah-espOT3AhUWDkQIHVHxA-cQFnoECAQQAg&usg=AOvVaw3aKfc5Pwlmr36V6bOwi6-m","result_wayback_raw_url":"https:\/\/web.archive.org\/web\/20220516145933id_\/https:\/\/www.google.com\/url?q=http:\/\/www.compuzone.co.kr\/product\/product_list.htm%3FBigDivNo%3D12%26MediumDivNo%3D1108%26DivNo%3D3181%26splist_sbno%5B%5D%3D14464%26splist_sbno%5B%5D%3D14464&sa=U&ved=2ahUKEwiah-espOT3AhUWDkQIHVHxA-cQFnoECAQQAg&usg=AOvVaw3aKfc5Pwlmr36V6bOwi6-m","result_snippet_rank":9,"result_snippet_title":"\ucef4\ud4e8\ud130, \uc804\uc790\uc81c\ud488 \uc885\ud569\uc1fc\ud551\ubab0 - \ucef4\ud4e8\uc874","result_snippet_text":null,"result_warc_relative_path":null,"result_warc_byte_offset":null,"serp_id":"5f68eb8a-e07c-54b8-a881-3d77692e4900","serp_url":"https:\/\/www.google.com\/search?q=imilab%20%EA%B0%80%EC%A0%95%EC%9A%A9%20%EB%AA%AC%EC%8A%A4%ED%84%B0%20%EC%BA%A0%20300%EB%A7%8C%20%ED%99%94%EC%86%8C%20%EC%9E%90%EB%8F%99%EC%B6%94%EC%A0%81%20%EC%8B%A4%EB%82%B4%EC%9A%A9,%20IPC-019+%ED%9B%84%EA%B8%B0","serp_timestamp":1652705973000,"serp_wayback_url":"https:\/\/web.archive.org\/web\/20220516145933\/https:\/\/www.google.com\/search?q=imilab%20%EA%B0%80%EC%A0%95%EC%9A%A9%20%EB%AA%AC%EC%8A%A4%ED%84%B0%20%EC%BA%A0%20300%EB%A7%8C%20%ED%99%94%EC%86%8C%20%EC%9E%90%EB%8F%99%EC%B6%94%EC%A0%81%20%EC%8B%A4%EB%82%B4%EC%9A%A9,%20IPC-019+%ED%9B%84%EA%B8%B0","serp_wayback_raw_url":"https:\/\/web.archive.org\/web\/20220516145933id_\/https:\/\/www.google.com\/search?q=imilab%20%EA%B0%80%EC%A0%95%EC%9A%A9%20%EB%AA%AC%EC%8A%A4%ED%84%B0%20%EC%BA%A0%20300%EB%A7%8C%20%ED%99%94%EC%86%8C%20%EC%9E%90%EB%8F%99%EC%B6%94%EC%A0%81%20%EC%8B%A4%EB%82%B4%EC%9A%A9,%20IPC-019+%ED%9B%84%EA%B8%B0","serp_page":null,"serp_offset":null,"serp_query_text_url":"imilab \uac00\uc815\uc6a9 \ubaac\uc2a4\ud130 \ucea0 300\ub9cc \ud654\uc18c \uc790\ub3d9\ucd94\uc801 \uc2e4\ub0b4\uc6a9, IPC-019 \ud6c4\uae30","serp_query_text_url_language":"az","serp_query_text_html":"imilab \uac00\uc815\uc6a9 \ubaac\uc2a4\ud130 \ucea0 300\ub9cc \ud654\uc18c \uc790\ub3d9\ucd94\uc801 \uc2e4\ub0b4\uc6a9, IPC-019 \ud6c4\uae30","serp_warc_relative_path":"focused\/archived-raw-serps\/google\/google.com%2Fsearch%3F\/0000002753\/0000000000.warc.gz","serp_warc_byte_offset":152765,"search_provider_name":"google","search_provider_alexa_domain":"google.com","search_provider_alexa_domain_public_suffix":"com","search_provider_alexa_rank":1,"search_provider_category":"search-engine"}
