{"result_id":"7f1f447e-ff97-5325-964f-ac265c40575c","result_url":"https:\/\/www.google.com\/url?q=https:\/\/context.reverso.net\/translation\/spanish-english\/C%2526F&sa=U&ved=2ahUKEwjCgbGUotT2AhUoD0QIHTFFBwUQFnoECCEQAg&usg=AOvVaw2PDaDE9NJpHQOi02MPbX1X","result_domain":"www.google.com","result_domain_public_suffix":"com","result_wayback_url":"https:\/\/web.archive.org\/web\/20220320082622\/https:\/\/www.google.com\/url?q=https:\/\/context.reverso.net\/translation\/spanish-english\/C%2526F&sa=U&ved=2ahUKEwjCgbGUotT2AhUoD0QIHTFFBwUQFnoECCEQAg&usg=AOvVaw2PDaDE9NJpHQOi02MPbX1X","result_wayback_raw_url":"https:\/\/web.archive.org\/web\/20220320082622id_\/https:\/\/www.google.com\/url?q=https:\/\/context.reverso.net\/translation\/spanish-english\/C%2526F&sa=U&ved=2ahUKEwjCgbGUotT2AhUoD0QIHTFFBwUQFnoECCEQAg&usg=AOvVaw2PDaDE9NJpHQOi02MPbX1X","result_snippet_rank":23,"result_snippet_title":"C&amp;F - Translation into English - examples Spanish | Reverso Context","result_snippet_text":null,"result_warc_relative_path":null,"result_warc_byte_offset":null,"serp_id":"da6794cc-2fcb-5d9e-b285-37273c63c38c","serp_url":"https:\/\/www.google.com\/search?q=%22C%26F+%C3%A9ditions%22+-wikipedia&num=50&source=lnt&tbs=li:1&sa=X&ved=0ahUKEwj_v7eLotT2AhXWDkQIHc7jAgIQpwUIEw","serp_timestamp":1647761182000,"serp_wayback_url":"https:\/\/web.archive.org\/web\/20220320082622\/https:\/\/www.google.com\/search?q=%22C%26F+%C3%A9ditions%22+-wikipedia&num=50&source=lnt&tbs=li:1&sa=X&ved=0ahUKEwj_v7eLotT2AhXWDkQIHc7jAgIQpwUIEw","serp_wayback_raw_url":"https:\/\/web.archive.org\/web\/20220320082622id_\/https:\/\/www.google.com\/search?q=%22C%26F+%C3%A9ditions%22+-wikipedia&num=50&source=lnt&tbs=li:1&sa=X&ved=0ahUKEwj_v7eLotT2AhXWDkQIHc7jAgIQpwUIEw","serp_page":null,"serp_offset":null,"serp_query_text_url":"\"C&F \u00e9ditions\" -wikipedia","serp_query_text_url_language":"en","serp_query_text_html":"\"C&F \u00e9ditions\" -wikipedia","serp_warc_relative_path":"focused\/archived-raw-serps\/google\/google.com%2Fsearch%3F\/0000001540\/0000000000.warc.gz","serp_warc_byte_offset":1725055,"search_provider_name":"google","search_provider_alexa_domain":"google.com","search_provider_alexa_domain_public_suffix":"com","search_provider_alexa_rank":1,"search_provider_category":"search-engine"}
