{"result_id":"effdaaca-b5d4-5caa-bada-149864d701f1","result_url":"https:\/\/www.nodeshk.com\/fag\/art\/fag-bearing-designation.html","result_domain":"www.nodeshk.com","result_domain_public_suffix":"com","result_wayback_url":"https:\/\/web.archive.org\/web\/20220624032253\/https:\/\/www.nodeshk.com\/fag\/art\/fag-bearing-designation.html","result_wayback_raw_url":"https:\/\/web.archive.org\/web\/20220624032253id_\/https:\/\/www.nodeshk.com\/fag\/art\/fag-bearing-designation.html","result_snippet_rank":6,"result_snippet_title":"<em>FAG bearing designation | nomenclature | prefix | suffix<\/em>","result_snippet_text":"For example: FAG deep groove ball <em>bearing 608<\/em>, bore diameter = 8mm. The bore code describes the FAG <em>bearing<\/em> bore from d \u2267 10 mm. ... Standard, dependent on <em>bearing size<\/em>: TVP2: Solid window cage made from glass fibre reinforced polyamide PA66: Standard: XL: X-life <em>bearing<\/em>: FAG tapered roller <em>bearing<\/em> suffixes. Suffix","result_warc_relative_path":null,"result_warc_byte_offset":null,"serp_id":"42d0aa24-08fb-50d3-98aa-68e8421a4249","serp_url":"https:\/\/www.bing.com\/search?q=608+bearing+size&FORM=QSRE5","serp_timestamp":1656033773000,"serp_wayback_url":"https:\/\/web.archive.org\/web\/20220624032253\/https:\/\/www.bing.com\/search?q=608+bearing+size&FORM=QSRE5","serp_wayback_raw_url":"https:\/\/web.archive.org\/web\/20220624032253id_\/https:\/\/www.bing.com\/search?q=608+bearing+size&FORM=QSRE5","serp_page":null,"serp_offset":null,"serp_query_text_url":"608 bearing size","serp_query_text_url_language":"jv","serp_query_text_html":"608 bearing size","serp_warc_relative_path":"focused\/archived-raw-serps\/bing\/bing.com%2Fsearch%3F\/0000000197\/0000000000.warc.gz","serp_warc_byte_offset":46489586,"search_provider_name":"bing","search_provider_alexa_domain":"bing.com","search_provider_alexa_domain_public_suffix":"com","search_provider_alexa_rank":25,"search_provider_category":"search-engine"}
