{"serp_id":"56cbbee2-9915-58d9-9141-a5690428f7e7","serp_url":"https:\/\/scholar.google.com\/scholar?q=Genetic+exchange+among+bdelloid+rotifers+is+more+likely+due+to+horizontal+gene+transfer+than+to+meiotic+sex+Debortoli+2016","serp_timestamp":1582448521000,"serp_wayback_url":"https:\/\/web.archive.org\/web\/20200223100201\/https:\/\/scholar.google.com\/scholar?q=Genetic+exchange+among+bdelloid+rotifers+is+more+likely+due+to+horizontal+gene+transfer+than+to+meiotic+sex+Debortoli+2016","serp_wayback_raw_url":"https:\/\/web.archive.org\/web\/20200223100201id_\/https:\/\/scholar.google.com\/scholar?q=Genetic+exchange+among+bdelloid+rotifers+is+more+likely+due+to+horizontal+gene+transfer+than+to+meiotic+sex+Debortoli+2016","serp_page":null,"serp_offset":null,"serp_query_text_url":"Genetic exchange among bdelloid rotifers is more likely due to horizontal gene transfer than to meiotic sex Debortoli 2016","serp_query_text_url_language":null,"serp_query_text_html":"Genetic exchange among bdelloid rotifers is more likely due to horizontal gene transfer than to meiotic sex Debortoli 2016","serp_warc_relative_path":"focused\/archived-raw-serps\/google\/scholar.google.com%2Fscholar%3F\/0000001112\/0000000000.warc.gz","serp_warc_byte_offset":388620,"serp_results":[],"search_provider_name":"google","search_provider_alexa_domain":"google.com","search_provider_alexa_domain_public_suffix":"com","search_provider_alexa_rank":1,"search_provider_category":"search-engine"}
