{"result_id":"3fc164de-4938-5b96-94d5-90b712c1f719","result_url":"https:\/\/www.youtube.com\/watch?v=GAgEkjDizyE","result_domain":"www.youtube.com","result_domain_public_suffix":"com","result_wayback_url":"https:\/\/web.archive.org\/web\/20191025135059\/https:\/\/www.youtube.com\/watch?v=GAgEkjDizyE","result_wayback_raw_url":"https:\/\/web.archive.org\/web\/20191025135059id_\/https:\/\/www.youtube.com\/watch?v=GAgEkjDizyE","result_snippet_rank":20,"result_snippet_title":"Search hidden 'R' found in the New World Loading Screen - Fortnite Battle Royale - \u041f\u0440\u043e\u0434\u043e\u043b\u0436\u0438\u0442\u0435\u043b\u044c\u043d\u043e\u0441\u0442\u044c: 1:22","result_snippet_text":"Support A Creator code - inthelittlewood Twitch Channel: http:\/\/www.twitch.tv\/inthelittlewood Twitter:\u00a0...","result_warc_relative_path":null,"result_warc_byte_offset":null,"serp_id":"00d2efeb-9cf8-5c91-91c1-92d6e647763d","serp_url":"https:\/\/www.youtube.com\/results?search_query=b%26q+effect+fortnite","serp_timestamp":1572004259000,"serp_wayback_url":"https:\/\/web.archive.org\/web\/20191025135059\/https:\/\/www.youtube.com\/results?search_query=b%26q+effect+fortnite","serp_wayback_raw_url":"https:\/\/web.archive.org\/web\/20191025135059id_\/https:\/\/www.youtube.com\/results?search_query=b%26q+effect+fortnite","serp_page":null,"serp_offset":null,"serp_query_text_url":"b&q effect fortnite","serp_query_text_url_language":"bg","serp_query_text_html":"b&q effect fortnite","serp_warc_relative_path":"focused\/archived-raw-serps\/youtube\/youtube.com%2Fresults%3F\/0000000155\/0000000000.warc.gz","serp_warc_byte_offset":57442749,"search_provider_name":"youtube","search_provider_alexa_domain":"youtube.com","search_provider_alexa_domain_public_suffix":"com","search_provider_alexa_rank":2,"search_provider_category":"media-sharing"}
