{"serp_id":"0aaf6f80-208d-5db3-888d-9f61454e6bc3","serp_url":"https:\/\/www.youtube.com\/results?search_query=%D0%B3%D0%B8%D0%BC%D0%B0%D0%BB%D0%B0%D0%B9%D1%81%D0%BA%D0%B0%D1%8F+%D1%81%D0%BE%D0%BB%D1%8C+%D0%BC%D0%BE%D0%BD%D1%82%D0%B0%D0%B6","serp_timestamp":1562627807000,"serp_wayback_url":"https:\/\/web.archive.org\/web\/20190709011647\/https:\/\/www.youtube.com\/results?search_query=%D0%B3%D0%B8%D0%BC%D0%B0%D0%BB%D0%B0%D0%B9%D1%81%D0%BA%D0%B0%D1%8F+%D1%81%D0%BE%D0%BB%D1%8C+%D0%BC%D0%BE%D0%BD%D1%82%D0%B0%D0%B6","serp_wayback_raw_url":"https:\/\/web.archive.org\/web\/20190709011647id_\/https:\/\/www.youtube.com\/results?search_query=%D0%B3%D0%B8%D0%BC%D0%B0%D0%BB%D0%B0%D0%B9%D1%81%D0%BA%D0%B0%D1%8F+%D1%81%D0%BE%D0%BB%D1%8C+%D0%BC%D0%BE%D0%BD%D1%82%D0%B0%D0%B6","serp_page":null,"serp_offset":null,"serp_query_text_url":"\u0433\u0438\u043c\u0430\u043b\u0430\u0439\u0441\u043a\u0430\u044f \u0441\u043e\u043b\u044c \u043c\u043e\u043d\u0442\u0430\u0436","serp_query_text_url_language":"ru","serp_query_text_html":"\u0433\u0438\u043c\u0430\u043b\u0430\u0439\u0441\u043a\u0430\u044f \u0441\u043e\u043b\u044c \u043c\u043e\u043d\u0442\u0430\u0436","serp_warc_relative_path":"focused\/archived-raw-serps\/youtube\/youtube.com%2Fresults%3F\/0000000370\/0000000000.warc.gz","serp_warc_byte_offset":227583,"serp_results":[{"result_id":"ca379346-affb-59da-ae2e-5f10324e6561","result_url":"https:\/\/www.youtube.com\/watch?v=Rh5NNZbDYco","result_domain":"www.youtube.com","result_domain_public_suffix":"com","result_wayback_url":"https:\/\/web.archive.org\/web\/20190709011647\/https:\/\/www.youtube.com\/watch?v=Rh5NNZbDYco","result_wayback_raw_url":"https:\/\/web.archive.org\/web\/20190709011647id_\/https:\/\/www.youtube.com\/watch?v=Rh5NNZbDYco","result_snippet_rank":1,"result_snippet_title":"\u041e\u0442\u0434\u0435\u043b\u043a\u0430 \u043f\u0430\u0440\u0438\u043b\u043a\u0438  \u0426\u0432\u0435\u0442\u043e \u0441\u043e\u043b\u0435 \u043e\u0441\u0432\u0435\u0449\u0435\u043d\u0438\u0435 . Fihish  the steam room .  Color sale  lighting . - \u041f\u0440\u043e\u0434\u043e\u043b\u0436\u0438\u0442\u0435\u043b\u044c\u043d\u043e\u0441\u0442\u044c: 30:02","result_snippet_text":"https:\/\/www.youtube.com\/editor)","result_warc_relative_path":null,"result_warc_byte_offset":null},{"result_id":"094d84d5-599c-5143-a69e-7f5ae7a0698d","result_url":"https:\/\/www.youtube.com\/watch?v=q17l-kpbQEE","result_domain":"www.youtube.com","result_domain_public_suffix":"com","result_wayback_url":"https:\/\/web.archive.org\/web\/20190709011647\/https:\/\/www.youtube.com\/watch?v=q17l-kpbQEE","result_wayback_raw_url":"https:\/\/web.archive.org\/web\/20190709011647id_\/https:\/\/www.youtube.com\/watch?v=q17l-kpbQEE","result_snippet_rank":2,"result_snippet_title":"\u0421\u043e\u043b\u044f\u043d\u0430\u044f \u0441\u0442\u0435\u043d\u0430 \u0432 \u0431\u0430\u043d\u0435. \u0411\u0435\u0441\u043a\u043b\u0435\u0435\u0432\u043e\u0439 \u043c\u043e\u043d\u0442\u0430\u0436 \u043f\u043b\u0438\u0442\u043a\u0438. - \u041f\u0440\u043e\u0434\u043e\u043b\u0436\u0438\u0442\u0435\u043b\u044c\u043d\u043e\u0441\u0442\u044c: 12:02","result_snippet_text":"\u0411\u0435\u0441\u043a\u043b\u0435\u0435\u0432\u043e\u0439 <em>\u043c\u043e\u043d\u0442\u0430\u0436<\/em> \u0441\u043e\u043b\u044f\u043d\u043e\u0439 \u0441\u0442\u0435\u043d\u044b \u0432 \u0431\u0430\u043d\u0435. \u0421\u0432\u0435\u0442\u043e\u0434\u0438\u043e\u0434\u043d\u0430\u044f \u043f\u043e\u0434\u0441\u0432\u0435\u0442\u043a\u0430.\u042d\u0444\u0444\u0435\u043a\u0442\u0438\u0432\u043d\u0430\u044f \u043f\u043b\u043e\u0449\u0430\u0434\u044c \u0432\u0437\u0430\u0438\u043c\u043e\u0434\u0435\u0439\u0441\u0442\u0432\u0438\u044f...","result_warc_relative_path":null,"result_warc_byte_offset":null},{"result_id":"80c7e1e5-565f-54d3-8ca5-b8d444e28062","result_url":"https:\/\/www.youtube.com\/watch?v=PsTFX2KcL5A","result_domain":"www.youtube.com","result_domain_public_suffix":"com","result_wayback_url":"https:\/\/web.archive.org\/web\/20190709011647\/https:\/\/www.youtube.com\/watch?v=PsTFX2KcL5A","result_wayback_raw_url":"https:\/\/web.archive.org\/web\/20190709011647id_\/https:\/\/www.youtube.com\/watch?v=PsTFX2KcL5A","result_snippet_rank":3,"result_snippet_title":"\u043a\u0430\u043a \u043d\u0435\u043b\u044c\u0437\u044f \u043a\u043b\u0435\u0438\u0442\u044c \u0441\u043e\u043b\u044c \u0432 \u043f\u0430\u0440\u0438\u043b\u043a\u0435 - \u041f\u0440\u043e\u0434\u043e\u043b\u0436\u0438\u0442\u0435\u043b\u044c\u043d\u043e\u0441\u0442\u044c: 6:13","result_snippet_text":null,"result_warc_relative_path":null,"result_warc_byte_offset":null},{"result_id":"4ee4cccf-e2c5-5909-a390-c17521806114","result_url":"https:\/\/www.youtube.com\/watch?v=DzuRiyDUktw","result_domain":"www.youtube.com","result_domain_public_suffix":"com","result_wayback_url":"https:\/\/web.archive.org\/web\/20190709011647\/https:\/\/www.youtube.com\/watch?v=DzuRiyDUktw","result_wayback_raw_url":"https:\/\/web.archive.org\/web\/20190709011647id_\/https:\/\/www.youtube.com\/watch?v=DzuRiyDUktw","result_snippet_rank":4,"result_snippet_title":"\u0413\u0438\u043c\u0430\u043b\u0430\u0439\u0441\u043a\u0430\u044f \u0441\u043e\u043b\u044c. 5 \u043a\u043b\u044e\u0447\u0435\u0432\u044b\u0445 \u043e\u0448\u0438\u0431\u043e\u043a \u043f\u0440\u0438 \u0441\u0442\u0440\u043e\u0438\u0442\u0435\u043b\u044c\u0441\u0442\u0432\u0435 \u0441\u043e\u043b\u044f\u043d\u043e\u0439 \u043a\u043e\u043c\u043d\u0430\u0442\u044b - \u041f\u0440\u043e\u0434\u043e\u043b\u0436\u0438\u0442\u0435\u043b\u044c\u043d\u043e\u0441\u0442\u044c: 8:34","result_snippet_text":"\u041d\u0435 \u0434\u043e\u043f\u0443\u0441\u043a\u0430\u0439\u0442\u0435 \u043e\u0448\u0438\u0431\u043e\u043a \u043f\u0440\u0438 \u0432\u044b\u0431\u043e\u0440\u0435 \u043c\u0430\u0442\u0435\u0440\u0438\u0430\u043b\u043e\u0432 \u0438 <em>\u043c\u043e\u043d\u0442\u0430\u0436\u0430<\/em> \u0441\u043e\u043b\u044f\u043d\u043e\u0439 \u043a\u043e\u043c\u043d\u0430\u0442\u044b, \u0430 \u0442\u0430\u043a\u0436\u0435 \u043c\u043d\u043e\u0433\u043e\u0435 \u0434\u0440\u0443\u0433\u043e\u0435.","result_warc_relative_path":null,"result_warc_byte_offset":null},{"result_id":"7e44dd39-70d8-5d24-aa45-a61c9467cbe5","result_url":"https:\/\/www.youtube.com\/watch?v=-6vBtxGvyKc","result_domain":"www.youtube.com","result_domain_public_suffix":"com","result_wayback_url":"https:\/\/web.archive.org\/web\/20190709011647\/https:\/\/www.youtube.com\/watch?v=-6vBtxGvyKc","result_wayback_raw_url":"https:\/\/web.archive.org\/web\/20190709011647id_\/https:\/\/www.youtube.com\/watch?v=-6vBtxGvyKc","result_snippet_rank":5,"result_snippet_title":"\u0413\u0438\u043c\u0430\u043b\u0430\u0439\u0441\u043a\u0430\u044f \u0441\u043e\u043b\u044c \u0432 \u043c\u043e\u0435\u0439 \u0431\u0430\u043d\u0435. \u0418\u043d\u0441\u0442\u0440\u0443\u043a\u0446\u0438\u044f. \u0423\u0447\u0438\u043c\u0441\u044f \u043d\u0430 \u043c\u043e\u0438\u0445 \u043e\u0448\u0438\u0431\u043a\u0430\u0445. - \u041f\u0440\u043e\u0434\u043e\u043b\u0436\u0438\u0442\u0435\u043b\u044c\u043d\u043e\u0441\u0442\u044c: 13:47","result_snippet_text":"\u0421\u0442\u0435\u043d\u0430 \u0438\u0437 <em>\u0433\u0438\u043c\u0430\u043b\u0430\u0439\u0441\u043a\u043e\u0439 \u0441\u043e\u043b\u0438<\/em>. \u041a\u043b\u0435\u0438\u043c \u043d\u0430 \u043c\u0438\u043d\u0435\u0440\u0438\u0442.","result_warc_relative_path":null,"result_warc_byte_offset":null},{"result_id":"83eb5b17-058a-5852-9a7d-fb721fe2e875","result_url":"https:\/\/www.youtube.com\/watch?v=6uZJkvyZ7jM","result_domain":"www.youtube.com","result_domain_public_suffix":"com","result_wayback_url":"https:\/\/web.archive.org\/web\/20190709011647\/https:\/\/www.youtube.com\/watch?v=6uZJkvyZ7jM","result_wayback_raw_url":"https:\/\/web.archive.org\/web\/20190709011647id_\/https:\/\/www.youtube.com\/watch?v=6uZJkvyZ7jM","result_snippet_rank":6,"result_snippet_title":"\u041f\u0430\u043d\u043d\u043e \u0438\u0437 \u0433\u0438\u043c\u0430\u043b\u0430\u0439\u0441\u043a\u043e\u0439 \u0441\u043e\u043b\u0438. \u042d\u0442\u0430\u043f\u044b \u0441\u0442\u0440\u043e\u0438\u0442\u0435\u043b\u044c\u0441\u0442\u0432\u0430. - \u041f\u0440\u043e\u0434\u043e\u043b\u0436\u0438\u0442\u0435\u043b\u044c\u043d\u043e\u0441\u0442\u044c: 2:26","result_snippet_text":"\u041f\u0430\u043d\u043d\u043e \u0438\u0437 <em>\u0433\u0438\u043c\u0430\u043b\u0430\u0439\u0441\u043a\u043e\u0439 \u0441\u043e\u043b\u0438<\/em> \u043c\u043e\u0436\u043d\u043e \u0443\u0441\u0442\u0430\u043d\u0430\u0432\u043b\u0438\u0432\u0430\u0442\u044c \u0432 \u0431\u0430\u043d\u044f\u0445, \u0441\u0430\u0443\u043d\u0430\u0445, \u0430 \u0442\u0430\u043a\u0436\u0435 \u0432 \u043b\u044e\u0431\u044b\u0445 \u0434\u0440\u0443\u0433\u0438\u0445 \u043f\u043e\u043c\u0435\u0449\u0435\u043d\u0438\u044f\u0445. \u0413\u0438\u043c\u0430\u043b\u0430...","result_warc_relative_path":null,"result_warc_byte_offset":null},{"result_id":"5c58662a-b978-5d7a-8949-5df06ea86dd9","result_url":"https:\/\/www.youtube.com\/watch?v=VZ7ueX0Z8XE","result_domain":"www.youtube.com","result_domain_public_suffix":"com","result_wayback_url":"https:\/\/web.archive.org\/web\/20190709011647\/https:\/\/www.youtube.com\/watch?v=VZ7ueX0Z8XE","result_wayback_raw_url":"https:\/\/web.archive.org\/web\/20190709011647id_\/https:\/\/www.youtube.com\/watch?v=VZ7ueX0Z8XE","result_snippet_rank":7,"result_snippet_title":"\u0413\u0418\u041c\u0410\u041b\u0410\u0419\u0421\u041a\u0410\u042f \u0421\u041e\u041b\u042c \u0432 \u0411\u0410\u041d\u0415\/\u0421\u0410\u0423\u041d\u0415. \u0411\u0415\u0420\u0415\u0416\u0415\u041c \u0421\u0412\u041e\u0415 \u0417\u0414\u041e\u0420\u041e\u0412\u042c\u0415 - \u041f\u0440\u043e\u0434\u043e\u043b\u0436\u0438\u0442\u0435\u043b\u044c\u043d\u043e\u0441\u0442\u044c: 16:01","result_snippet_text":"\u0426\u0415\u041b\u0415\u0411\u041d\u0410\u042f \u041a\u041e\u041c\u041d\u0410\u0422\u0410 \u0438\u0437 <em>\u0413\u0418\u041c\u0410\u041b\u0410\u0419\u0421\u041a\u041e\u0419 \u0441\u043e\u043b\u0438<\/em>. \u0411\u0415\u0420\u0415\u0416\u0415\u041c \u0421\u0412\u041e\u0415 \u0417\u0414\u041e\u0420\u041e\u0412\u042c\u0415 \u0412 \u044d\u0442\u043e\u043c \u0432\u0438\u0434\u0435\u043e, \u042f - \u042e\u043b\u044f \u0438\u043b\u0438 YuLianka1981,\u00a0...","result_warc_relative_path":null,"result_warc_byte_offset":null},{"result_id":"97618c19-243c-5393-9836-713d5d84c50e","result_url":"https:\/\/www.youtube.com\/watch?v=PzFm8ls2pqY","result_domain":"www.youtube.com","result_domain_public_suffix":"com","result_wayback_url":"https:\/\/web.archive.org\/web\/20190709011647\/https:\/\/www.youtube.com\/watch?v=PzFm8ls2pqY","result_wayback_raw_url":"https:\/\/web.archive.org\/web\/20190709011647id_\/https:\/\/www.youtube.com\/watch?v=PzFm8ls2pqY","result_snippet_rank":8,"result_snippet_title":"\u0411\u0435\u0441\u043a\u043b\u0435\u0435\u0432\u043e\u0439 \u043c\u043e\u043d\u0442\u0430\u0436 \u0441\u043e\u043b\u044f\u043d\u043e\u0439 \u0441\u0442\u0435\u043d\u044b! - \u041f\u0440\u043e\u0434\u043e\u043b\u0436\u0438\u0442\u0435\u043b\u044c\u043d\u043e\u0441\u0442\u044c: 1:28","result_snippet_text":"\u042d\u0444\u0444\u0435\u043a\u0442\u0438\u0432\u043d\u0430\u044f \u043f\u043b\u043e\u0449\u0430\u0434\u044c \u0432\u0437\u0430\u0438\u043c\u043e\u0434\u0435\u0439\u0441\u0442\u0432\u0438\u044f \u0441 \u0432\u043e\u0437\u0434\u0443\u0445\u043e\u043c \u0431\u043e\u043b\u044c\u0448\u0435 \u0432 2,45 \u0440\u0430\u0437\u0430 \u043f\u043e \u0441\u0440\u0430\u0432\u043d\u0435\u043d\u0438\u044e \u0441 \u043c\u043e\u043d\u0442\u0430\u0436\u043e\u043c \u043d\u0430 \u043a\u043b\u0435\u0439. \u041f\u0440\u043e\u0441\u0442\u043e\u0442\u0430...","result_warc_relative_path":null,"result_warc_byte_offset":null},{"result_id":"c116a9ee-8384-5556-82cc-73229fac869a","result_url":"https:\/\/www.youtube.com\/watch?v=7M3njC4KnoI","result_domain":"www.youtube.com","result_domain_public_suffix":"com","result_wayback_url":"https:\/\/web.archive.org\/web\/20190709011647\/https:\/\/www.youtube.com\/watch?v=7M3njC4KnoI","result_wayback_raw_url":"https:\/\/web.archive.org\/web\/20190709011647id_\/https:\/\/www.youtube.com\/watch?v=7M3njC4KnoI","result_snippet_rank":9,"result_snippet_title":"\u0413\u0438\u043c\u0430\u043b\u0430\u0439\u0441\u043a\u0430\u044f \u0441\u043e\u043b\u044c. \u041f\u043e\u043b\u044c\u0437\u0430 \u0438 \u0432\u0438\u0434\u044b \u0433\u0438\u043c\u0430\u043b\u0430\u0439\u0441\u043a\u043e\u0439 \u0441\u043e\u043b\u0438 - \u041f\u0440\u043e\u0434\u043e\u043b\u0436\u0438\u0442\u0435\u043b\u044c\u043d\u043e\u0441\u0442\u044c: 12:53","result_snippet_text":"<em>\u0413\u0438\u043c\u0430\u043b\u0430\u0439\u0441\u043a\u0430\u044f \u0441\u043e\u043b\u044c<\/em>. \u041f\u043e\u043b\u044c\u0437\u0430 \u0438 \u0432\u0438\u0434\u044b <em>\u0433\u0438\u043c\u0430\u043b\u0430\u0439\u0441\u043a\u043e\u0439 \u0441\u043e\u043b\u0438<\/em> ___ \u041f\u0440\u0438\u0431\u043b\u0438\u0437\u0438\u0442\u0435\u043b\u044c\u043d\u043e 200-250 \u043c\u043b\u043d. \u043b\u0435\u0442 \u043d\u0430\u0437\u0430\u0434 \u0432\u0441\u0442\u0440\u0435\u0442\u0438\u043b\u0438\u0441\u044c...","result_warc_relative_path":null,"result_warc_byte_offset":null},{"result_id":"a05d9026-9a2a-5a04-bb4b-b78b43c83d26","result_url":"https:\/\/www.youtube.com\/watch?v=LX5r2EQ2Ek8","result_domain":"www.youtube.com","result_domain_public_suffix":"com","result_wayback_url":"https:\/\/web.archive.org\/web\/20190709011647\/https:\/\/www.youtube.com\/watch?v=LX5r2EQ2Ek8","result_wayback_raw_url":"https:\/\/web.archive.org\/web\/20190709011647id_\/https:\/\/www.youtube.com\/watch?v=LX5r2EQ2Ek8","result_snippet_rank":10,"result_snippet_title":"\u0413\u0418\u041c\u0410\u041b\u0410\u0419\u0421\u041a\u0410\u042f \u0421\u041e\u041b\u042c \u0432\u0430\u0440\u0438\u0430\u043d\u0442 \u043a\u0440\u0435\u043f\u043b\u0435\u043d\u0438\u044f - \u041f\u0440\u043e\u0434\u043e\u043b\u0436\u0438\u0442\u0435\u043b\u044c\u043d\u043e\u0441\u0442\u044c: 3:17","result_snippet_text":"<em>\u0413\u0438\u043c\u0430\u043b\u0430\u0439\u0441\u043a\u0430\u044f \u0441\u043e\u043b\u044c<\/em>-\u043f\u0440\u043e\u0434\u0443\u043a\u0442 \u0434\u0440\u0435\u0432\u043d\u0438\u0445 \u043c\u043e\u0440\u0441\u043a\u0438\u0445 \u043e\u0442\u043b\u043e\u0436\u0435\u043d\u0438\u0439 \u0432\u0440\u0435\u043c\u0435\u043d \u042e\u0440\u0441\u043a\u043e\u0433\u043e \u043f\u0435\u0440\u0438\u043e\u0434\u0430 (\u0431\u043e\u043b\u0435\u0435 200 000 \u043c\u043b\u043d. \u043b\u0435\u0442 \u043d\u0430\u0437\u0430\u0434)....","result_warc_relative_path":null,"result_warc_byte_offset":null},{"result_id":"ca7a53d0-425b-550d-aaba-c800d386dacc","result_url":"https:\/\/www.youtube.com\/watch?v=LWK_Jit3rR4","result_domain":"www.youtube.com","result_domain_public_suffix":"com","result_wayback_url":"https:\/\/web.archive.org\/web\/20190709011647\/https:\/\/www.youtube.com\/watch?v=LWK_Jit3rR4","result_wayback_raw_url":"https:\/\/web.archive.org\/web\/20190709011647id_\/https:\/\/www.youtube.com\/watch?v=LWK_Jit3rR4","result_snippet_rank":11,"result_snippet_title":"\u0413\u0438\u043c\u0430\u043b\u0430\u0439\u0441\u043a\u0430\u044f \u0441\u043e\u043b\u044c. \u041d\u0430 \u0447\u0442\u043e \u0435\u0451 \u043f\u0440\u0438\u043a\u043b\u0435\u0438\u0442\u044c? \u0418 \u043a\u0430\u043a \u0441 \u043d\u0435\u0439 \u0440\u0430\u0431\u043e\u0442\u0430\u0442\u044c? - \u041f\u0440\u043e\u0434\u043e\u043b\u0436\u0438\u0442\u0435\u043b\u044c\u043d\u043e\u0441\u0442\u044c: 3:25","result_snippet_text":null,"result_warc_relative_path":null,"result_warc_byte_offset":null},{"result_id":"fbda624c-3343-5149-b944-c026eda1f5c7","result_url":"https:\/\/www.youtube.com\/watch?v=TMdDLLX3qJw","result_domain":"www.youtube.com","result_domain_public_suffix":"com","result_wayback_url":"https:\/\/web.archive.org\/web\/20190709011647\/https:\/\/www.youtube.com\/watch?v=TMdDLLX3qJw","result_wayback_raw_url":"https:\/\/web.archive.org\/web\/20190709011647id_\/https:\/\/www.youtube.com\/watch?v=TMdDLLX3qJw","result_snippet_rank":12,"result_snippet_title":"\u0413\u0438\u043c\u0430\u043b\u0430\u0439\u0441\u043a\u0430\u044f \u0441\u043e\u043b\u044c \u0441 RGB \u043f\u043e\u0434\u0441\u0432\u0435\u0442\u043a\u043e\u0439 \u0432 \u043f\u0430\u0440\u043d\u043e\u0439!!! - \u041f\u0440\u043e\u0434\u043e\u043b\u0436\u0438\u0442\u0435\u043b\u044c\u043d\u043e\u0441\u0442\u044c: 4:22","result_snippet_text":"\u0412 \u044d\u0442\u043e\u043c \u0432\u0438\u0434\u0435 \u044f \u0432\u0430\u043c \u043f\u043e\u043a\u0430\u0436\u0443 <em>\u0413\u0438\u043c\u0430\u043b\u0430\u0439\u0441\u043a\u0443\u044e \u0441\u043e\u043b\u044c<\/em> \u0441 RGB \u043f\u043e\u0434\u0441\u0432\u0435\u0442\u043a\u043e\u0439. \u041f\u0430\u043d\u043d\u043e \u0441\u0434\u0435\u043b\u0430\u043d\u043e \u043c\u043e\u0438\u043c\u0438 \u043c\u0430\u0441\u0442\u0435\u0440\u0430\u043c\u0438 \u043d\u0430 \u043f\u0440\u043e\u0438\u0437\u0432\u043e\u0434\u0441\u0442\u0432\u0435...","result_warc_relative_path":null,"result_warc_byte_offset":null},{"result_id":"49c00070-4216-5489-863e-9a3395aa67ed","result_url":"https:\/\/www.youtube.com\/watch?v=d8hV8UH_k0g","result_domain":"www.youtube.com","result_domain_public_suffix":"com","result_wayback_url":"https:\/\/web.archive.org\/web\/20190709011647\/https:\/\/www.youtube.com\/watch?v=d8hV8UH_k0g","result_wayback_raw_url":"https:\/\/web.archive.org\/web\/20190709011647id_\/https:\/\/www.youtube.com\/watch?v=d8hV8UH_k0g","result_snippet_rank":13,"result_snippet_title":"02 - \u042d\u043a\u0441\u043a\u043b\u044e\u0437\u0438\u0432\u043d\u0430\u044f \u043f\u0430\u0440\u043d\u0430\u044f, \u043e\u0442\u0434\u0435\u043b\u043a\u0430 \u0431\u0430\u043d\u0438 \u0432\u044b\u0441\u0448\u0435\u0433\u043e \u0443\u0440\u043e\u0432\u043d\u044f \u0438 \u043c\u043d\u043e\u0433\u043e\u0435 \u0434\u0440\u0443\u0433\u043e\u0435... - \u041f\u0440\u043e\u0434\u043e\u043b\u0436\u0438\u0442\u0435\u043b\u044c\u043d\u043e\u0441\u0442\u044c: 13:27","result_snippet_text":"\u0410\u0431\u0441\u043e\u043b\u044e\u0442\u043d\u043e \u043d\u043e\u0432\u044b\u0435 \u0442\u0435\u0445\u043d\u043e\u043b\u043e\u0433\u0438\u0438 \u0441\u0442\u0440\u043e\u0438\u0442\u0435\u043b\u044c\u0441\u0442\u0432\u0430. \u042d\u043a\u0441\u043a\u043b\u044e\u0437\u0438\u0432\u043d\u044b\u0435 \u0438 \u043d\u0435 \u0441\u0442\u0430\u043d\u0434\u0430\u0440\u0442\u043d\u044b\u0435 \u0440\u0435\u0448\u0435\u043d\u0438\u044f. \u0412 \u044d\u0442\u043e\u043c \u0440\u043e\u043b\u0438\u043a\u0435 \u043c\u044b \u0443\u0441\u0442\u0430\u043d\u043e\u0432...","result_warc_relative_path":null,"result_warc_byte_offset":null},{"result_id":"4117da9f-3ae2-5f0e-ae37-cc72ba2025b0","result_url":"https:\/\/www.youtube.com\/watch?v=ZevePEc2kOY","result_domain":"www.youtube.com","result_domain_public_suffix":"com","result_wayback_url":"https:\/\/web.archive.org\/web\/20190709011647\/https:\/\/www.youtube.com\/watch?v=ZevePEc2kOY","result_wayback_raw_url":"https:\/\/web.archive.org\/web\/20190709011647id_\/https:\/\/www.youtube.com\/watch?v=ZevePEc2kOY","result_snippet_rank":14,"result_snippet_title":"\u041f\u044f\u0442\u044c \u043e\u0448\u0438\u0431\u043e\u043a \u043b\u044e\u0431\u0438\u0442\u0435\u043b\u0435\u0439 \u0431\u0430\u043d\u0438 \u043e\u0442 \u043f\u043e\u0431\u0435\u0434\u0438\u0442\u0435\u043b\u044f \u043c\u0435\u0436\u0434\u0443\u043d\u0430\u0440\u043e\u0434\u043d\u043e\u0433\u043e \u0447\u0435\u043c\u043f\u0438\u043e\u043d\u0430\u0442\u0430 \u043f\u043e \u043f\u0430\u0440\u0435\u043d\u0438\u044e \u0412\u0430\u0441\u0438\u043b\u0438\u044f \u041b\u044f\u0445\u043e\u0432\u0430 - \u041f\u0440\u043e\u0434\u043e\u043b\u0436\u0438\u0442\u0435\u043b\u044c\u043d\u043e\u0441\u0442\u044c: 4:54","result_snippet_text":"\u041e\u0441\u043d\u043e\u0432\u0430\u0442\u0435\u043b\u044c \u0428\u043a\u043e\u043b\u044b \u0411\u0430\u043d\u043d\u043e\u0433\u043e \u041c\u0430\u0441\u0442\u0435\u0440\u0441\u0442\u0432\u0430, \u043f\u043e\u0431\u0435\u0434\u0438\u0442\u0435\u043b\u044c \u043c\u0435\u0436\u0434\u0443\u043d\u0430\u0440\u043e\u0434\u043d\u043e\u0433\u043e \u0447\u0435\u043c\u043f\u0438\u043e\u043d\u0430\u0442\u0430 \u043f\u043e \u043f\u0430\u0440\u0435\u043d\u0438\u044e, \u043f\u043e\u0442\u043e\u043c\u0441\u0442\u0432\u0435\u043d\u043d\u044b\u0439 \u0442\u0440\u0430\u0432...","result_warc_relative_path":null,"result_warc_byte_offset":null},{"result_id":"f1b77e51-e41b-533a-b654-1eaa269652bb","result_url":"https:\/\/www.youtube.com\/watch?v=hqqzgjx3mKg","result_domain":"www.youtube.com","result_domain_public_suffix":"com","result_wayback_url":"https:\/\/web.archive.org\/web\/20190709011647\/https:\/\/www.youtube.com\/watch?v=hqqzgjx3mKg","result_wayback_raw_url":"https:\/\/web.archive.org\/web\/20190709011647id_\/https:\/\/www.youtube.com\/watch?v=hqqzgjx3mKg","result_snippet_rank":15,"result_snippet_title":"\u042d\u0442\u0430\u043f\u044b \u043e\u0442\u0434\u0435\u043b\u043a\u0438 \u043f\u0430\u0440\u0438\u043b\u043a\u0438 !!!\u0421 \u0447\u0435\u0433\u043e \u043d\u0430\u0447\u0438\u043d\u0430\u0442\u044c \u043e\u0442\u0434\u0435\u043b\u043a\u0443 \u043f\u0430\u0440\u0438\u043b\u043a\u0438 \u0438 \u0447\u0435\u043c \u0437\u0430\u043a\u0430\u043d\u0447\u0438\u0432\u0430\u0442\u044c!!! - \u041f\u0440\u043e\u0434\u043e\u043b\u0436\u0438\u0442\u0435\u043b\u044c\u043d\u043e\u0441\u0442\u044c: 35:05","result_snippet_text":"\u0412\u0438\u0434\u0435\u043e \u0441\u043d\u0438\u043c\u0430\u043b \u0434\u043b\u044f \u0442\u0435\u0445 \u043a\u0442\u043e \u0434\u0435\u043b\u0430\u0435\u0442 \u0441\u0432\u043e\u0438\u043c\u0438 \u0440\u0443\u043a\u0430\u043c\u0438!!!\u041f\u043e\u043f\u044b\u0442\u0430\u043b\u0441\u044f \u0441\u043d\u044f\u0442\u044c \u043d\u0435\u043a\u043e\u0442\u043e\u0440\u044b\u0435 \u043c\u043e\u043c\u0435\u043d\u0442\u044b!!!\u041a\u043e\u043c\u0443 \u0447\u0442\u043e \u0442\u043e \u043d\u0435 \u043f\u043e\u043d\u044f\u0442\u043d\u043e...","result_warc_relative_path":null,"result_warc_byte_offset":null},{"result_id":"84c1da33-0503-529c-8cb0-3d0a7b286549","result_url":"https:\/\/www.youtube.com\/watch?v=oFpRsiNUu_Q","result_domain":"www.youtube.com","result_domain_public_suffix":"com","result_wayback_url":"https:\/\/web.archive.org\/web\/20190709011647\/https:\/\/www.youtube.com\/watch?v=oFpRsiNUu_Q","result_wayback_raw_url":"https:\/\/web.archive.org\/web\/20190709011647id_\/https:\/\/www.youtube.com\/watch?v=oFpRsiNUu_Q","result_snippet_rank":16,"result_snippet_title":"\u0413\u0438\u043c\u0430\u043b\u0430\u0439\u0441\u043a\u0430\u044f \u0441\u043e\u043b\u044c \u0432 \u0431\u0430\u043d\u044e - \u041f\u0440\u043e\u0434\u043e\u043b\u0436\u0438\u0442\u0435\u043b\u044c\u043d\u043e\u0441\u0442\u044c: 2:26","result_snippet_text":"\u0420\u0435\u043c\u043e\u043d\u0442 \u043a\u0432\u0430\u0440\u0442\u0438\u0440 \u0432 \u041d.\u041d\u043e\u0432\u0433\u043e\u0440\u043e\u0434\u0435 \u043f\u043e\u0434 \u043a\u043b\u044e\u0447\u00a0...","result_warc_relative_path":null,"result_warc_byte_offset":null},{"result_id":"b1be1a4e-ad18-5440-8818-82dbb889e107","result_url":"https:\/\/www.youtube.com\/watch?v=xCvSp5ilGU4","result_domain":"www.youtube.com","result_domain_public_suffix":"com","result_wayback_url":"https:\/\/web.archive.org\/web\/20190709011647\/https:\/\/www.youtube.com\/watch?v=xCvSp5ilGU4","result_wayback_raw_url":"https:\/\/web.archive.org\/web\/20190709011647id_\/https:\/\/www.youtube.com\/watch?v=xCvSp5ilGU4","result_snippet_rank":17,"result_snippet_title":"05 - \u041e\u0431\u0437\u043e\u0440 \u043f\u0430\u0440\u043d\u043e\u0439. \u0413\u0438\u043c\u0430\u043b\u0430\u0439\u0441\u043a\u0430\u044f \u0441\u043e\u043b\u044c \u0441 \u043f\u043e\u0434\u0441\u0432\u0435\u0442\u043a\u043e\u0439 \u0432 \u043f\u0430\u0440\u043d\u043e\u0439 \u0431\u0430\u043d\u0438 \u0438\u043b\u0438 \u0441\u0430\u0443\u043d\u044b. - \u041f\u0440\u043e\u0434\u043e\u043b\u0436\u0438\u0442\u0435\u043b\u044c\u043d\u043e\u0441\u0442\u044c: 4:31","result_snippet_text":"\u041f\u0440\u0435\u0434\u0441\u0442\u0430\u0432\u043b\u044f\u0435\u043c \u0412\u0430\u0448\u0435\u043c\u0443 \u0432\u043d\u0438\u043c\u0430\u043d\u0438\u044e \u043e\u0431\u0437\u043e\u0440 \u043e\u0447\u0435\u0440\u0435\u0434\u043d\u043e\u0433\u043e \u043d\u0430\u0448\u0435\u0433\u043e \u043e\u0431\u044a\u0435\u043a\u0442\u0430, \u0432 \u043a\u043e\u0442\u043e\u0440\u043e\u043c \u0435\u0441\u0442\u044c \u043d\u0430 \u0447\u0442\u043e \u043f\u043e\u0441\u043c\u043e\u0442\u0440\u0435\u0442\u044c. \u0412\u0441\u0435 \u0440\u0430\u0431\u043e\u0442\u044b...","result_warc_relative_path":null,"result_warc_byte_offset":null},{"result_id":"76705163-b924-5aa9-adf4-5740ddf80430","result_url":"https:\/\/www.youtube.com\/watch?v=4DQ1lIdkRas","result_domain":"www.youtube.com","result_domain_public_suffix":"com","result_wayback_url":"https:\/\/web.archive.org\/web\/20190709011647\/https:\/\/www.youtube.com\/watch?v=4DQ1lIdkRas","result_wayback_raw_url":"https:\/\/web.archive.org\/web\/20190709011647id_\/https:\/\/www.youtube.com\/watch?v=4DQ1lIdkRas","result_snippet_rank":18,"result_snippet_title":"\u0413\u0438\u043c\u0430\u043b\u0430\u0439\u0441\u043a\u0430\u044f \u0441\u043e\u043b\u044c \u0432 \u0441\u0430\u0443\u043d\u0435 \u0433\u043e\u0434 \u0441\u043f\u0443\u0441\u0442\u044f - \u041f\u0440\u043e\u0434\u043e\u043b\u0436\u0438\u0442\u0435\u043b\u044c\u043d\u043e\u0441\u0442\u044c: 1:19","result_snippet_text":"\u041f\u0440\u043e\u0448\u0435\u043b \u043e\u0434\u0438\u043d \u0433\u043e\u0434 \u044d\u043a\u0441\u043f\u043b\u0443\u0430\u0442\u0430\u0446\u0438\u0438 \u0441\u0430\u0443\u043d\u044b \u0441 <em>\u0433\u0438\u043c\u0430\u043b\u0430\u0439\u0441\u043a\u043e\u0439<\/em> \u0441\u043e\u043b\u044c\u044e, \u043a\u0435\u0434\u0440\u043e\u043c.","result_warc_relative_path":null,"result_warc_byte_offset":null},{"result_id":"bcbabf36-0d0c-5536-9ecf-a22397523402","result_url":"https:\/\/www.youtube.com\/watch?v=hht7xZlL-5Q","result_domain":"www.youtube.com","result_domain_public_suffix":"com","result_wayback_url":"https:\/\/web.archive.org\/web\/20190709011647\/https:\/\/www.youtube.com\/watch?v=hht7xZlL-5Q","result_wayback_raw_url":"https:\/\/web.archive.org\/web\/20190709011647id_\/https:\/\/www.youtube.com\/watch?v=hht7xZlL-5Q","result_snippet_rank":19,"result_snippet_title":"\u0413\u0438\u043c\u0430\u043b\u0430\u0439\u0441\u043a\u0430\u044f \u0441\u043e\u043b\u044c, \u043e\u0431\u0437\u043e\u0440, \u043f\u043b\u0438\u0442\u043a\u0430, \u043a\u0438\u0440\u043f\u0438\u0447, \u043b\u0430\u043c\u043f\u044b, \u043f\u0438\u0449\u0435\u0432\u0430\u044f, \u043f\u0430\u043d\u043e, \u043a\u043b\u0435\u0439 \u0434\u043b\u044f \u0441\u043e\u043b\u0438 - \u041f\u0440\u043e\u0434\u043e\u043b\u0436\u0438\u0442\u0435\u043b\u044c\u043d\u043e\u0441\u0442\u044c: 5:42","result_snippet_text":"\u0418\u043d\u0442\u0435\u0440\u043d\u0435\u0442-\u043c\u0430\u0433\u0430\u0437\u0438\u043d https:\/\/\u0446\u0435\u043d\u0442.\u0443\u043a\u0440\/ \u260e067-2303644\u27a6 \u041e\u043f\u0442\u043e\u0432\u044b\u0435 \u0438 \u0440\u043e\u0437\u043d\u0438\u0447\u043d\u044b\u0435 \u0446\u0435\u043d\u044b \u2713\u0422\u043e\u0432\u0430\u0440\u044b \u0432 \u043d\u0430\u043b\u0438\u0447\u0438\u0438 \u2708\u0414\u043e\u0441\u0442\u0430\u0432\u043a\u0430 \u043f\u043e\u00a0...","result_warc_relative_path":null,"result_warc_byte_offset":null},{"result_id":"2c725045-f043-57bb-ab64-116ca964d377","result_url":"https:\/\/www.youtube.com\/watch?v=B3bEE8NpMQ4","result_domain":"www.youtube.com","result_domain_public_suffix":"com","result_wayback_url":"https:\/\/web.archive.org\/web\/20190709011647\/https:\/\/www.youtube.com\/watch?v=B3bEE8NpMQ4","result_wayback_raw_url":"https:\/\/web.archive.org\/web\/20190709011647id_\/https:\/\/www.youtube.com\/watch?v=B3bEE8NpMQ4","result_snippet_rank":20,"result_snippet_title":"\u041f\u0435\u0447\u0438 \u0424\u0435\u0440\u0438\u043d\u0433\u0435\u0440! \u041f\u0430\u0440\u043d\u0430\u044f \u0432 \u043a\u0435\u0434\u0440\u0435 \u0441 \u0433\u0438\u043c\u0430\u043b\u0430\u0439\u0441\u043a\u043e\u0439 \u0441\u043e\u043b\u044c\u044e. \u041f\u0435\u0447\u044c \u0432 \u0437\u043c\u0435\u0435\u0432\u0438\u043a\u0435. - \u041f\u0440\u043e\u0434\u043e\u043b\u0436\u0438\u0442\u0435\u043b\u044c\u043d\u043e\u0441\u0442\u044c: 13:09","result_snippet_text":"\u0414\u0430\u043d\u043d\u044b\u0439 \u0440\u043e\u043b\u0438\u043a \u0434\u043b\u044f \u0442\u0435\u0445, \u043a\u0442\u043e \u0438\u0449\u0435\u0442, \u0433\u0434\u0435 \u043f\u0440\u0438\u043e\u0431\u0440\u0435\u0441\u0442\u0438 \u043f\u0435\u0447\u044c \u0424\u0435\u0440\u0438\u043d\u0433\u0435\u0440, \u0430 \u0442\u0430\u043a\u0436\u0435 \u0437\u0430\u043a\u0430\u0437\u0430\u0442\u044c \u043e\u0442\u0434\u0435\u043b\u043a\u0443 \u043f\u0430\u0440\u043d\u043e\u0439 \u043f\u043e\u0434 \u043a\u043b\u044e\u0447. \u0412...","result_warc_relative_path":null,"result_warc_byte_offset":null},{"result_id":"2e383925-3c1d-53c2-b44e-8aa4738e1ce8","result_url":"https:\/\/www.youtube.com\/watch?v=RikfnE2LtJs","result_domain":"www.youtube.com","result_domain_public_suffix":"com","result_wayback_url":"https:\/\/web.archive.org\/web\/20190709011647\/https:\/\/www.youtube.com\/watch?v=RikfnE2LtJs","result_wayback_raw_url":"https:\/\/web.archive.org\/web\/20190709011647id_\/https:\/\/www.youtube.com\/watch?v=RikfnE2LtJs","result_snippet_rank":21,"result_snippet_title":"\u0413\u0438\u043c\u0430\u043b\u0430\u0439\u0441\u043a\u0430\u044f \u0441\u043e\u043b\u044c, \u0412\u0410\u0420\u0418\u0410\u041d\u0422\u042b \u041c\u041e\u041d\u0422\u0410\u0416\u0410 - \u041f\u0440\u043e\u0434\u043e\u043b\u0436\u0438\u0442\u0435\u043b\u044c\u043d\u043e\u0441\u0442\u044c: 2:12","result_snippet_text":"<em>\u0413\u0438\u043c\u0430\u043b\u0430\u0439\u0441\u043a\u0430\u044f \u0441\u043e\u043b\u044c<\/em>-\u043f\u0440\u043e\u0434\u0443\u043a\u0442 \u0434\u0440\u0435\u0432\u043d\u0438\u0445 \u043c\u043e\u0440\u0441\u043a\u0438\u0445 \u043e\u0442\u043b\u043e\u0436\u0435\u043d\u0438\u0439 \u0432\u0440\u0435\u043c\u0435\u043d \u042e\u0440\u0441\u043a\u043e\u0433\u043e \u043f\u0435\u0440\u0438\u043e\u0434\u0430 (\u0431\u043e\u043b\u0435\u0435 200 000 \u043c\u043b\u043d. \u043b\u0435\u0442 \u043d\u0430\u0437\u0430\u0434)....","result_warc_relative_path":null,"result_warc_byte_offset":null},{"result_id":"41a35ec6-c56d-5c6e-8cb8-b59f525682d6","result_url":"https:\/\/www.youtube.com\/watch?v=fM1iy03Yel0","result_domain":"www.youtube.com","result_domain_public_suffix":"com","result_wayback_url":"https:\/\/web.archive.org\/web\/20190709011647\/https:\/\/www.youtube.com\/watch?v=fM1iy03Yel0","result_wayback_raw_url":"https:\/\/web.archive.org\/web\/20190709011647id_\/https:\/\/www.youtube.com\/watch?v=fM1iy03Yel0","result_snippet_rank":22,"result_snippet_title":"\u0421\u043e\u043b\u044c \u0434\u043b\u044f \u0431\u0430\u043d\u0438 \u0438 \u0441\u0430\u0443\u043d\u044b: \u0432\u0438\u0434\u044b \u0438 \u043f\u0440\u0438\u043c\u0435\u043d\u0435\u043d\u0438\u0435. - \u041f\u0440\u043e\u0434\u043e\u043b\u0436\u0438\u0442\u0435\u043b\u044c\u043d\u043e\u0441\u0442\u044c: 18:04","result_snippet_text":"\u0417\u0430\u0438\u043d\u0442\u0435\u0440\u0435\u0441\u043e\u0432\u0430\u043b\u0438\u0441\u044c \u0441\u043e\u043b\u044c\u044e \u0434\u043b\u044f \u0431\u0430\u043d\u0438? \u041a\u0430\u043a\u0443\u044e \u0432\u044b\u0431\u0440\u0430\u0442\u044c \u0438 \u043a\u0430\u043a \u0438\u0441\u043f\u043e\u043b\u044c\u0437\u043e\u0432\u0430\u0442\u044c? \u043e\u0431\u0437\u043e\u0440 \u0432\u0441\u0435\u0445 \u0432\u0438\u0434\u043e\u0432 \u0441\u043e\u043b\u0438 \u0434\u043b\u044f \u0431\u0430\u043d\u0438 \u0438 \u0441\u0430\u0443\u043d\u044b:...","result_warc_relative_path":null,"result_warc_byte_offset":null},{"result_id":"37397bb4-2f62-572b-890a-1cce78246bed","result_url":"https:\/\/www.youtube.com\/watch?v=ZwmRNyXnW14","result_domain":"www.youtube.com","result_domain_public_suffix":"com","result_wayback_url":"https:\/\/web.archive.org\/web\/20190709011647\/https:\/\/www.youtube.com\/watch?v=ZwmRNyXnW14","result_wayback_raw_url":"https:\/\/web.archive.org\/web\/20190709011647id_\/https:\/\/www.youtube.com\/watch?v=ZwmRNyXnW14","result_snippet_rank":23,"result_snippet_title":"\u0413\u0438\u043c\u0430\u043b\u0430\u0439\u0441\u043a\u0430\u044f \u0441\u043e\u043b\u044c. \u041e\u0442\u0434\u0435\u043b\u043a\u0430 \u0431\u0430\u043d\u044c \u0438 \u0441\u0430\u0443\u043d \u043e\u0442 \"\u0411\u0430\u043d\u0438 \u0438 \u043f\u0435\u0447\u0438\" - \u041f\u0440\u043e\u0434\u043e\u043b\u0436\u0438\u0442\u0435\u043b\u044c\u043d\u043e\u0441\u0442\u044c: 1:23","result_snippet_text":"<em>\u041c\u043e\u043d\u0442\u0430\u0436 \u0433\u0438\u043c\u0430\u043b\u0430\u0439\u0441\u043a\u043e\u0439 \u0441\u043e\u043b\u0438<\/em>. \u041d\u0435\u0431\u043e\u043b\u044c\u0448\u043e\u0435 \u043f\u0430\u043d\u043e \u0438\u0437 <em>\u0433\u0438\u043c\u0430\u043b\u0430\u0439\u0441\u043a\u043e\u0439 \u0441\u043e\u043b\u0438<\/em> \u0441 \u044d\u043b\u0435\u043a\u0442\u0440\u0438\u0447\u0435\u0441\u043a\u0438\u043c \u043a\u0430\u043c\u0438\u043d\u043e\u043c \u0432 \u0441\u0435\u0440\u0435\u0434\u0438\u043d\u0435....","result_warc_relative_path":null,"result_warc_byte_offset":null}],"search_provider_name":"youtube","search_provider_alexa_domain":"youtube.com","search_provider_alexa_domain_public_suffix":"com","search_provider_alexa_rank":2,"search_provider_category":"media-sharing"}
