{"serp_id":"9e5b7266-0303-5d2f-9641-13c745f69cad","serp_url":"https:\/\/www.youtube.com\/results?search_query=%D0%BB%D0%B5%D0%B3%D0%BE+%D0%BD%D0%B8%D0%BD%D0%B4%D0%B7%D1%8F%D0%B3%D0%BE+%D0%BD%D0%B0%D0%B1%D0%BE%D1%80+%D0%B4%D1%80%D0%B0%D0%BA%D0%BE%D0%BD+%D0%BA%D0%B0%D1%8F","serp_timestamp":1580631273000,"serp_wayback_url":"https:\/\/web.archive.org\/web\/20200202091433\/https:\/\/www.youtube.com\/results?search_query=%D0%BB%D0%B5%D0%B3%D0%BE+%D0%BD%D0%B8%D0%BD%D0%B4%D0%B7%D1%8F%D0%B3%D0%BE+%D0%BD%D0%B0%D0%B1%D0%BE%D1%80+%D0%B4%D1%80%D0%B0%D0%BA%D0%BE%D0%BD+%D0%BA%D0%B0%D1%8F","serp_wayback_raw_url":"https:\/\/web.archive.org\/web\/20200202091433id_\/https:\/\/www.youtube.com\/results?search_query=%D0%BB%D0%B5%D0%B3%D0%BE+%D0%BD%D0%B8%D0%BD%D0%B4%D0%B7%D1%8F%D0%B3%D0%BE+%D0%BD%D0%B0%D0%B1%D0%BE%D1%80+%D0%B4%D1%80%D0%B0%D0%BA%D0%BE%D0%BD+%D0%BA%D0%B0%D1%8F","serp_page":null,"serp_offset":null,"serp_query_text_url":"\u043b\u0435\u0433\u043e \u043d\u0438\u043d\u0434\u0437\u044f\u0433\u043e \u043d\u0430\u0431\u043e\u0440 \u0434\u0440\u0430\u043a\u043e\u043d \u043a\u0430\u044f","serp_query_text_url_language":"uk","serp_query_text_html":"\u043b\u0435\u0433\u043e \u043d\u0438\u043d\u0434\u0437\u044f\u0433\u043e \u043d\u0430\u0431\u043e\u0440 \u0434\u0440\u0430\u043a\u043e\u043d \u043a\u0430\u044f","serp_warc_relative_path":"focused\/archived-raw-serps\/youtube\/youtube.com%2Fresults%3F\/0000000569\/0000000000.warc.gz","serp_warc_byte_offset":416613,"serp_results":[{"result_id":"7cd69b25-fbdc-5b72-b7e1-367b52cf187c","result_url":"https:\/\/www.youtube.com\/channel\/UCt5c2SYea29TkHXGg_UW2DA","result_domain":"www.youtube.com","result_domain_public_suffix":"com","result_wayback_url":"https:\/\/web.archive.org\/web\/20200202091433\/https:\/\/www.youtube.com\/channel\/UCt5c2SYea29TkHXGg_UW2DA","result_wayback_raw_url":"https:\/\/web.archive.org\/web\/20200202091433id_\/https:\/\/www.youtube.com\/channel\/UCt5c2SYea29TkHXGg_UW2DA","result_snippet_rank":1,"result_snippet_title":"LEGO Ninjago: Masters of Spinjitzu - \u041a\u0430\u043d\u0430\u043b","result_snippet_text":null,"result_warc_relative_path":null,"result_warc_byte_offset":null},{"result_id":"466de3db-b68b-59f2-94c8-27ef2be1043d","result_url":"https:\/\/www.youtube.com\/channel\/UCKbfbXvJYjUWNLaQgH9SwqA","result_domain":"www.youtube.com","result_domain_public_suffix":"com","result_wayback_url":"https:\/\/web.archive.org\/web\/20200202091433\/https:\/\/www.youtube.com\/channel\/UCKbfbXvJYjUWNLaQgH9SwqA","result_wayback_raw_url":"https:\/\/web.archive.org\/web\/20200202091433id_\/https:\/\/www.youtube.com\/channel\/UCKbfbXvJYjUWNLaQgH9SwqA","result_snippet_rank":2,"result_snippet_title":"Lego Ninjago and Friends - \u041a\u0430\u043d\u0430\u043b","result_snippet_text":null,"result_warc_relative_path":null,"result_warc_byte_offset":null},{"result_id":"205d2a99-b943-5902-b9e1-2b53655cdb9b","result_url":"https:\/\/www.youtube.com\/watch?v=eqoBjjYaq7E","result_domain":"www.youtube.com","result_domain_public_suffix":"com","result_wayback_url":"https:\/\/web.archive.org\/web\/20200202091433\/https:\/\/www.youtube.com\/watch?v=eqoBjjYaq7E","result_wayback_raw_url":"https:\/\/web.archive.org\/web\/20200202091433id_\/https:\/\/www.youtube.com\/watch?v=eqoBjjYaq7E","result_snippet_rank":3,"result_snippet_title":"LEGO Ninjago 70653 \u041f\u0435\u0440\u0432\u044b\u0439 \u0421\u0442\u0440\u0430\u0436 \u041e\u0431\u0437\u043e\u0440 - \u041f\u0440\u043e\u0434\u043e\u043b\u0436\u0438\u0442\u0435\u043b\u044c\u043d\u043e\u0441\u0442\u044c: 12:30","result_snippet_text":"\u2022 \u041f\u043e\u0434\u043f\u0438\u0448\u0438\u0441\u044c \u043d\u0430 \u043a\u0430\u043d\u0430\u043b, \u0447\u0442\u043e\u0431\u044b \u0441\u043c\u043e\u0442\u0440\u0435\u0442\u044c \u043d\u043e\u0432\u043e\u0435 lego \u0432\u0438\u0434\u0435\u043e: http:\/\/goo.gl\/Knl5j8 \u2022 \u041c\u043e\u0439 \u0418\u043d\u0441\u0442\u0430\u0433\u0440\u0430\u043c: https:\/\/www.instagram.com ...","result_warc_relative_path":null,"result_warc_byte_offset":null},{"result_id":"03305ad2-e0e8-5d1e-b74b-abd36e0fda5f","result_url":"https:\/\/www.youtube.com\/watch?v=Cc3ezfyEIkE","result_domain":"www.youtube.com","result_domain_public_suffix":"com","result_wayback_url":"https:\/\/web.archive.org\/web\/20200202091433\/https:\/\/www.youtube.com\/watch?v=Cc3ezfyEIkE","result_wayback_raw_url":"https:\/\/web.archive.org\/web\/20200202091433id_\/https:\/\/www.youtube.com\/watch?v=Cc3ezfyEIkE","result_snippet_rank":4,"result_snippet_title":"\u041b\u0415\u0413\u041e \u041d\u0438\u043d\u0434\u0437\u044f\u0433\u043e 70652 \u0412\u0435\u0441\u0442\u043d\u0438\u043a \u0411\u0443\u0440\u0438 \u041e\u0431\u0437\u043e\u0440 LEGO Ninjago - \u041f\u0440\u043e\u0434\u043e\u043b\u0436\u0438\u0442\u0435\u043b\u044c\u043d\u043e\u0441\u0442\u044c: 7:54","result_snippet_text":"\u2022 \u041f\u043e\u0434\u043f\u0438\u0448\u0438\u0441\u044c \u043d\u0430 \u043a\u0430\u043d\u0430\u043b, \u0447\u0442\u043e\u0431\u044b \u0441\u043c\u043e\u0442\u0440\u0435\u0442\u044c \u043d\u043e\u0432\u043e\u0435 lego \u0432\u0438\u0434\u0435\u043e: http:\/\/goo.gl\/Knl5j8 \u2022 \u041c\u043e\u0439 \u0418\u043d\u0441\u0442\u0430\u0433\u0440\u0430\u043c: https:\/\/www.instagram.com ...","result_warc_relative_path":null,"result_warc_byte_offset":null},{"result_id":"30170c8f-a76b-5118-9a6f-33126544278e","result_url":"https:\/\/www.youtube.com\/watch?v=RwTtuhkCTUk","result_domain":"www.youtube.com","result_domain_public_suffix":"com","result_wayback_url":"https:\/\/web.archive.org\/web\/20200202091433\/https:\/\/www.youtube.com\/watch?v=RwTtuhkCTUk","result_wayback_raw_url":"https:\/\/web.archive.org\/web\/20200202091433id_\/https:\/\/www.youtube.com\/watch?v=RwTtuhkCTUk","result_snippet_rank":5,"result_snippet_title":"Timka LEGO Ninjago set 71711 (Jay's Cyber Dragon \/ \u041a\u0438\u0431\u0435\u0440\u0434\u0440\u0430\u043a\u043e\u043d \u0414\u0436\u0435\u044f). - \u041f\u0440\u043e\u0434\u043e\u043b\u0436\u0438\u0442\u0435\u043b\u044c\u043d\u043e\u0441\u0442\u044c: 23:18","result_snippet_text":"\u0421\u0435\u0433\u043e\u0434\u043d\u044f \u0422\u0438\u043c\u043a\u0430 \u043f\u0440\u0435\u0434\u0441\u0442\u0430\u0432\u043b\u044f\u0435\u0442 \u043e\u0434\u0438\u043d \u0438\u0437 \u043b\u0443\u0447\u0448\u0438\u0445 \u043d\u0430\u0431\u043e\u0440\u043e\u0432 12 \u0441\u0435\u0437\u043e\u043d\u0430 \u0441\u0435\u0440\u0438\u0430\u043b\u0430 <em>\u041b\u0415\u0413\u041e \u041d\u0438\u043d\u0434\u0437\u044f\u0433\u043e<\/em> \"\u0420\u0430\u0441\u0446\u0432\u0435\u0442 \u0418\u043c\u043f\u0435\u0440\u0438\u0438\" 2020 -...","result_warc_relative_path":null,"result_warc_byte_offset":null},{"result_id":"2189fd9e-771e-51eb-b00f-06f9bab3fd05","result_url":"https:\/\/www.youtube.com\/watch?v=t4w13I1ZCto","result_domain":"www.youtube.com","result_domain_public_suffix":"com","result_wayback_url":"https:\/\/web.archive.org\/web\/20200202091433\/https:\/\/www.youtube.com\/watch?v=t4w13I1ZCto","result_wayback_raw_url":"https:\/\/web.archive.org\/web\/20200202091433id_\/https:\/\/www.youtube.com\/watch?v=t4w13I1ZCto","result_snippet_rank":6,"result_snippet_title":"\u0414\u0420\u0410\u041a\u041e\u041d \u041b\u042c\u0414\u0410  NINJAGO - \u041f\u0440\u043e\u0434\u043e\u043b\u0436\u0438\u0442\u0435\u043b\u044c\u043d\u043e\u0441\u0442\u044c: 6:23","result_snippet_text":"\u0417\u0430\u043a\u0430\u043d\u0447\u0438\u0432\u0430\u0435\u043c \u041c\u0430\u0440\u0430\u0444\u043e\u043d! \u0421\u043a\u043e\u0440\u043e \u043f\u043e\u0434\u0432\u0435\u0434\u0443 \u0438\u0442\u043e\u0433\u0438 3-\u0445 \u043f\u043e\u0431\u0435\u0434\u0438\u0442\u0435\u043b\u0435\u0439, \u043a\u043e\u0442\u043e\u0440\u044b\u0435 \u0443\u0433\u0430\u0434\u0430\u043b\u0438 \u043a\u043e\u043b\u0438\u0447\u0435\u0441\u0442\u0432\u043e \u0440\u0435\u0442\u0440\u043e-\u043e\u0431\u0437\u043e\u0440\u043e\u0432 \u044d\u0442\u043e\u0433\u043e...","result_warc_relative_path":null,"result_warc_byte_offset":null},{"result_id":"3e5eedfb-ee1a-52de-8e2a-f721ccb66544","result_url":"https:\/\/www.youtube.com\/watch?v=LsrE8LDxZfI","result_domain":"www.youtube.com","result_domain_public_suffix":"com","result_wayback_url":"https:\/\/web.archive.org\/web\/20200202091433\/https:\/\/www.youtube.com\/watch?v=LsrE8LDxZfI","result_wayback_raw_url":"https:\/\/web.archive.org\/web\/20200202091433id_\/https:\/\/www.youtube.com\/watch?v=LsrE8LDxZfI","result_snippet_rank":7,"result_snippet_title":"LEGO Ninjago 70627 \u041a\u0443\u0437\u043d\u0438\u0446\u0430 \u0414\u0440\u0430\u043a\u043e\u043d\u0430 \u041e\u0431\u0437\u043e\u0440 - \u041f\u0440\u043e\u0434\u043e\u043b\u0436\u0438\u0442\u0435\u043b\u044c\u043d\u043e\u0441\u0442\u044c: 14:33","result_snippet_text":"LEGO Ninjago 70627 \u041a\u0443\u0437\u043d\u0438\u0446\u0430 \u0414\u0440\u0430\u043a\u043e\u043d\u0430. \u041d\u043e\u0432\u0438\u043d\u043a\u0430 \u041b\u0435\u0433\u043e \u041d\u0438\u043d\u0434\u0437\u044f\u0433\u043e 2017 \u0433\u043e\u0434\u0430 \u043f\u043e \u0441\u0435\u0437\u043e\u043d\u0443 \u0412\u043b\u0430\u0441\u0442\u044c \u0412\u0440\u0435\u043c\u0435\u043d\u0438.  \u041f\u043e\u0434\u043f\u0438\u0448\u0438\u0441\u044c \u043d\u0430 \u043d\u043e\u0432\u0438\u043d\u043a\u0438...","result_warc_relative_path":null,"result_warc_byte_offset":null},{"result_id":"8e25fd69-630f-57c2-9189-2989856fb509","result_url":"https:\/\/www.youtube.com\/watch?v=HU2lxM0ycsE","result_domain":"www.youtube.com","result_domain_public_suffix":"com","result_wayback_url":"https:\/\/web.archive.org\/web\/20200202091433\/https:\/\/www.youtube.com\/watch?v=HU2lxM0ycsE","result_wayback_raw_url":"https:\/\/web.archive.org\/web\/20200202091433id_\/https:\/\/www.youtube.com\/watch?v=HU2lxM0ycsE","result_snippet_rank":8,"result_snippet_title":"\u041e\u0411\u0417\u041e\u0420 \u041d\u041e\u0412\u041e\u0413\u041e \u041d\u0410\u0411\u041e\u0420\u0410 LEGO NINJAGO 70652 STORMBRINGER DRAGON \/ \u0412\u0415\u0421\u0422\u041d\u0418\u041a \u0411\u0423\u0420\u0418 - \u041f\u0440\u043e\u0434\u043e\u043b\u0436\u0438\u0442\u0435\u043b\u044c\u043d\u043e\u0441\u0442\u044c: 15:00","result_snippet_text":"\u0414\u043e\u043d\u0430\u0442 : http:\/\/www.donationalerts.ru\/r\/the_ki... \u0413\u0440\u0443\u043f\u043f\u0430 \u0432 \u0412\u041a : https:\/\/m.vk.com\/clubtkd2004 \u0421\u0442\u0440\u0430\u043d\u0438\u0447\u043a\u0430 \u0432 \u0412\u041a\u00a0...","result_warc_relative_path":null,"result_warc_byte_offset":null},{"result_id":"eb2f3077-d62c-56c7-b654-66a3fcf3794e","result_url":"https:\/\/www.youtube.com\/watch?v=RjcOcLSazcQ","result_domain":"www.youtube.com","result_domain_public_suffix":"com","result_wayback_url":"https:\/\/web.archive.org\/web\/20200202091433\/https:\/\/www.youtube.com\/watch?v=RjcOcLSazcQ","result_wayback_raw_url":"https:\/\/web.archive.org\/web\/20200202091433id_\/https:\/\/www.youtube.com\/watch?v=RjcOcLSazcQ","result_snippet_rank":9,"result_snippet_title":"\u041c\u0443\u043b\u044c\u0442\u0438\u043a\u0438 \u043f\u043e \u043d\u0430\u0431\u043e\u0440\u0430\u043c \u043d\u0438\u043d\u0434\u0437\u044f\u0433\u043e 9 \u0441\u0435\u0437\u043e\u043d - \u041f\u0440\u043e\u0434\u043e\u043b\u0436\u0438\u0442\u0435\u043b\u044c\u043d\u043e\u0441\u0442\u044c: 2:08","result_snippet_text":"\u041c\u0430\u0442\u044c <em>\u0434\u0440\u0430\u043a\u043e\u043d\u043e\u0432<\/em> \u0414\u0438\u0437\u0435\u043b\u044c\u043d\u0430\u0443\u0442 <em>\u0414\u0440\u0430\u043a\u043e\u043d<\/em> \u0414\u0436\u0435\u044f.","result_warc_relative_path":null,"result_warc_byte_offset":null},{"result_id":"5c7ea79e-5935-5373-8121-91162e32bfad","result_url":"https:\/\/www.youtube.com\/watch?v=o_Zhd1Rl9iE","result_domain":"www.youtube.com","result_domain_public_suffix":"com","result_wayback_url":"https:\/\/web.archive.org\/web\/20200202091433\/https:\/\/www.youtube.com\/watch?v=o_Zhd1Rl9iE","result_wayback_raw_url":"https:\/\/web.archive.org\/web\/20200202091433id_\/https:\/\/www.youtube.com\/watch?v=o_Zhd1Rl9iE","result_snippet_rank":10,"result_snippet_title":"\u041b\u0435\u0433\u043e \u041d\u0418\u041d\u0414\u0417\u042f\u0413\u041e 70652 \u0412\u0435\u0441\u0442\u043d\u0438\u043a \u0411\u0443\u0440\u0438 (\u041e\u0411\u0417\u041e\u0420) - \u041f\u0440\u043e\u0434\u043e\u043b\u0436\u0438\u0442\u0435\u043b\u044c\u043d\u043e\u0441\u0442\u044c: 8:38","result_snippet_text":"LEGO NINJAGO 70652 Stormbringer \/\/ <em>\u041b\u0435\u0433\u043e \u041d\u0438\u043d\u0434\u0437\u044f\u0433\u043e<\/em> 70652 \u0412\u0435\u0441\u0442\u043d\u0438\u043a \u0411\u0443\u0440\u0438 - \u0438 \u0432\u043d\u043e\u0432\u044c \u0441\u0435\u0440\u0438\u044f \u043d\u0438\u043d\u0434\u0437\u044f\u0433\u043e, \u0438 \u0432\u043d\u043e\u0432\u044c <em>\u0434\u0440\u0430\u043a\u043e\u043d<\/em>! <em>\u0414\u0440\u0430\u043a\u043e\u043d\u044b<\/em>","result_warc_relative_path":null,"result_warc_byte_offset":null},{"result_id":"a0c1695e-9697-5b63-89d6-7ef334f82071","result_url":"https:\/\/www.youtube.com\/watch?v=sPHyYQef5Pc","result_domain":"www.youtube.com","result_domain_public_suffix":"com","result_wayback_url":"https:\/\/web.archive.org\/web\/20200202091433\/https:\/\/www.youtube.com\/watch?v=sPHyYQef5Pc","result_wayback_raw_url":"https:\/\/web.archive.org\/web\/20200202091433id_\/https:\/\/www.youtube.com\/watch?v=sPHyYQef5Pc","result_snippet_rank":11,"result_snippet_title":"LEGO \u041d\u0438\u043d\u0434\u0437\u044f\u0433\u043e \u0424\u0438\u043b\u044c\u043c - \u0414\u0420\u0410\u041a\u041e\u041d \u041b\u041b\u041e\u0419\u0414\u0410 - \u041d\u0430\u0431\u043e\u0440 \u041d\u0430 \u041e\u0431\u0437\u043e\u0440 (70612) - \u041f\u0440\u043e\u0434\u043e\u043b\u0436\u0438\u0442\u0435\u043b\u044c\u043d\u043e\u0441\u0442\u044c: 9:11","result_snippet_text":"\u041e\u0441\u043d\u043e\u0432\u043d\u043e\u0439 \u043a\u0430\u043d\u0430\u043b: http:\/\/bit.ly\/Qewbite \u041a\u044c\u044e\u0431\u0441 \u0441\u043c\u043e\u0442\u0440\u0438\u0442 <em>\u043d\u0430\u0431\u043e\u0440<\/em> \u043f\u043e \u0444\u0438\u043b\u044c\u043c\u0443 \"<em>\u041b\u0435\u0433\u043e \u041d\u0438\u043d\u0434\u0437\u044f\u0433\u043e<\/em>\" \u0441 <em>\u0434\u0440\u0430\u043a\u043e\u043d\u043e\u043c<\/em> \u041b\u043b\u043e\u0439\u0434\u0430 \u0438...","result_warc_relative_path":null,"result_warc_byte_offset":null},{"result_id":"dce2a2a5-514f-5cc4-b472-3002714dd8b0","result_url":"https:\/\/www.youtube.com\/watch?v=46CLEzPPgq4","result_domain":"www.youtube.com","result_domain_public_suffix":"com","result_wayback_url":"https:\/\/web.archive.org\/web\/20200202091433\/https:\/\/www.youtube.com\/watch?v=46CLEzPPgq4","result_wayback_raw_url":"https:\/\/web.archive.org\/web\/20200202091433id_\/https:\/\/www.youtube.com\/watch?v=46CLEzPPgq4","result_snippet_rank":12,"result_snippet_title":"\u041b\u0435\u0433\u043e \u041d\u0438\u043d\u0434\u0437\u044f\u0433\u043e \u0414\u0440\u0430\u043a\u043e\u043d \u0414\u0436\u0435\u044f. \u041e\u0431\u0437\u043e\u0440 \u043d\u0430\u0431\u043e\u0440\u0430 \u041b\u0435\u043b\u0435 Lego Ninjago Jay's Dragon - \u041f\u0440\u043e\u0434\u043e\u043b\u0436\u0438\u0442\u0435\u043b\u044c\u043d\u043e\u0441\u0442\u044c: 18:15","result_snippet_text":"\u041e\u0431\u0437\u043e\u0440 \u0430\u043d\u0430\u043b\u043e\u0433\u0430 LEGO\u00ae NINJAGO\u2122 70602 Jay's Elemental Dragon \u043e\u0442 LELE. \u041d\u0430\u0448\u0430 \u0433\u0440\u0443\u043f\u043f\u0430 - https:\/\/vk.com\/KinderAndCo\u00a0...","result_warc_relative_path":null,"result_warc_byte_offset":null},{"result_id":"96b0e419-cccd-5386-9d67-4786b2972b15","result_url":"https:\/\/www.youtube.com\/watch?v=LaQ8tvcvPFw","result_domain":"www.youtube.com","result_domain_public_suffix":"com","result_wayback_url":"https:\/\/web.archive.org\/web\/20200202091433\/https:\/\/www.youtube.com\/watch?v=LaQ8tvcvPFw","result_wayback_raw_url":"https:\/\/web.archive.org\/web\/20200202091433id_\/https:\/\/www.youtube.com\/watch?v=LaQ8tvcvPFw","result_snippet_rank":13,"result_snippet_title":"Timka LEGO Ninjago set 70627 (Dragon's Forge). - \u041f\u0440\u043e\u0434\u043e\u043b\u0436\u0438\u0442\u0435\u043b\u044c\u043d\u043e\u0441\u0442\u044c: 54:36","result_snippet_text":"\u0422\u0438\u043c\u043a\u0435 \u0445\u043e\u0442\u0435\u043b\u043e\u0441\u044c \u044d\u0442\u043e\u0442 <em>\u043d\u0430\u0431\u043e\u0440<\/em> \u0438\u0437-\u0437\u0430 \u0434\u0432\u0443\u0445\u0433\u043e\u043b\u043e\u0432\u043e\u0433\u043e <em>\u0434\u0440\u0430\u043a\u043e\u043d\u0430 \u041a\u0430\u044f<\/em> \u0438 \u041d\u0438\u0438, \u043d\u043e \u043a\u043e\u0433\u0434\u0430 \u043e\u043d \u0441\u043e\u0431\u0440\u0430\u043b \u0435\u0433\u043e \u043e\u043a\u0430\u0437\u0430\u043b\u0430\u0441\u044c,...","result_warc_relative_path":null,"result_warc_byte_offset":null},{"result_id":"314d80c8-3a20-53b7-be34-fbe578b5a7e8","result_url":"https:\/\/www.youtube.com\/watch?v=_vV1pzYYjSw","result_domain":"www.youtube.com","result_domain_public_suffix":"com","result_wayback_url":"https:\/\/web.archive.org\/web\/20200202091433\/https:\/\/www.youtube.com\/watch?v=_vV1pzYYjSw","result_wayback_raw_url":"https:\/\/web.archive.org\/web\/20200202091433id_\/https:\/\/www.youtube.com\/watch?v=_vV1pzYYjSw","result_snippet_rank":14,"result_snippet_title":"\u041e\u0431\u0437\u043e\u0440 \u043d\u0430\u0431\u043e\u0440\u0430 Lego NinjaGo #2509 \u0417\u0430\u0449\u0438\u0442\u0430 \u0417\u0435\u043c\u043b\u044f\u043d\u043e\u0433\u043e \u0414\u0440\u0430\u043a\u043e\u043d\u0430 (Earth Dragon Defence) - \u041f\u0440\u043e\u0434\u043e\u043b\u0436\u0438\u0442\u0435\u043b\u044c\u043d\u043e\u0441\u0442\u044c: 4:10","result_snippet_text":"\u0414\u043b\u044f \u0432\u0437\u0440\u043e\u0441\u043b\u044b\u0445 \u043a\u043e\u043b\u043b\u0435\u043a\u0446\u0438\u043e\u043d\u0435\u0440\u043e\u0432 \u0438 \u0440\u043e\u0434\u0438\u0442\u0435\u043b\u0435\u0439. 16+ \u041c\u043e\u0439 \u043f\u0430\u0431\u043b\u0438\u043a \u0412\u041a\u043e\u043d\u0442\u0430\u043a\u0442\u0435: https:\/\/vk.com\/atg_blog \u041c\u043e\u0439 \u043a\u043e\u043c\u0438\u043a\u0441:\u00a0...","result_warc_relative_path":null,"result_warc_byte_offset":null},{"result_id":"34eca985-22c0-569d-8d08-2081290dd437","result_url":"https:\/\/www.youtube.com\/watch?v=YbAaV2GzVlY","result_domain":"www.youtube.com","result_domain_public_suffix":"com","result_wayback_url":"https:\/\/web.archive.org\/web\/20200202091433\/https:\/\/www.youtube.com\/watch?v=YbAaV2GzVlY","result_wayback_raw_url":"https:\/\/web.archive.org\/web\/20200202091433id_\/https:\/\/www.youtube.com\/watch?v=YbAaV2GzVlY","result_snippet_rank":15,"result_snippet_title":"LEGO Ninjago 9 \u0441\u0435\u0437\u043e\u043d \u0422\u0438\u0442\u0430\u043d \u041e\u043d\u0438 70658 \u041e\u0431\u0437\u043e\u0440 - \u041f\u0440\u043e\u0434\u043e\u043b\u0436\u0438\u0442\u0435\u043b\u044c\u043d\u043e\u0441\u0442\u044c: 10:14","result_snippet_text":"\u041f\u043e\u0434\u043f\u0438\u0448\u0438\u0441\u044c \u043d\u0430 \u043a\u0430\u043d\u0430\u043b, \u0447\u0442\u043e\u0431\u044b \u0441\u043c\u043e\u0442\u0440\u0435\u0442\u044c \u043d\u043e\u0432\u043e\u0435 lego \u0432\u0438\u0434\u0435\u043e: http:\/\/goo.gl\/Knl5j8 \u2022 https:\/\/www.instagram.com\/warlord_lego\/ \u043f\u0440\u043e\u00a0...","result_warc_relative_path":null,"result_warc_byte_offset":null},{"result_id":"72de8f06-a617-5847-994c-098e3ae131ff","result_url":"https:\/\/www.youtube.com\/watch?v=RmEFvjDfPNU","result_domain":"www.youtube.com","result_domain_public_suffix":"com","result_wayback_url":"https:\/\/web.archive.org\/web\/20200202091433\/https:\/\/www.youtube.com\/watch?v=RmEFvjDfPNU","result_wayback_raw_url":"https:\/\/web.archive.org\/web\/20200202091433id_\/https:\/\/www.youtube.com\/watch?v=RmEFvjDfPNU","result_snippet_rank":16,"result_snippet_title":"LEGO Ninjago 70654 \u0421\u0442\u0440\u0435\u043c\u0438\u0442\u0435\u043b\u044c\u043d\u044b\u0439 \u0421\u0442\u0440\u0430\u043d\u043d\u0438\u043a \u041e\u0431\u0437\u043e\u0440 - \u041f\u0440\u043e\u0434\u043e\u043b\u0436\u0438\u0442\u0435\u043b\u044c\u043d\u043e\u0441\u0442\u044c: 10:28","result_snippet_text":"\u2022 \u041f\u043e\u0434\u043f\u0438\u0448\u0438\u0441\u044c \u043d\u0430 \u043a\u0430\u043d\u0430\u043b, \u0447\u0442\u043e\u0431\u044b \u0441\u043c\u043e\u0442\u0440\u0435\u0442\u044c \u043d\u043e\u0432\u043e\u0435 lego \u0432\u0438\u0434\u0435\u043e: http:\/\/goo.gl\/Knl5j8 \u2022 \u041c\u043e\u0439 \u0418\u043d\u0441\u0442\u0430\u0433\u0440\u0430\u043c: https:\/\/www.instagram.com ...","result_warc_relative_path":null,"result_warc_byte_offset":null},{"result_id":"4b3596d3-f45d-568f-93dc-7b77ea8d9ecb","result_url":"https:\/\/www.youtube.com\/watch?v=TLwMXj7i0ys","result_domain":"www.youtube.com","result_domain_public_suffix":"com","result_wayback_url":"https:\/\/web.archive.org\/web\/20200202091433\/https:\/\/www.youtube.com\/watch?v=TLwMXj7i0ys","result_wayback_raw_url":"https:\/\/web.archive.org\/web\/20200202091433id_\/https:\/\/www.youtube.com\/watch?v=TLwMXj7i0ys","result_snippet_rank":17,"result_snippet_title":"\u041b\u0435\u0433\u043e \u041d\u0438\u043d\u0434\u0437\u044f\u0433\u043e 9 \u0438 8 \u0441\u0435\u0437\u043e\u043d \u0432\u0441\u0435 \u043c\u0438\u043d\u0438\u0444\u0438\u0433\u0443\u0440\u043a\u0438 \u041e\u0431\u0437\u043e\u0440 - \u041f\u0440\u043e\u0434\u043e\u043b\u0436\u0438\u0442\u0435\u043b\u044c\u043d\u043e\u0441\u0442\u044c: 5:15","result_snippet_text":"\u041f\u043e\u0434\u043f\u0438\u0448\u0438\u0441\u044c \u043d\u0430 \u043a\u0430\u043d\u0430\u043b, \u0447\u0442\u043e\u0431\u044b \u0441\u043c\u043e\u0442\u0440\u0435\u0442\u044c \u043d\u043e\u0432\u043e\u0435 lego \u0432\u0438\u0434\u0435\u043e: http:\/\/goo.gl\/Knl5j8 \u2022 https:\/\/www.instagram.com\/warlord_lego\/ \u043f\u0440\u043e\u00a0...","result_warc_relative_path":null,"result_warc_byte_offset":null},{"result_id":"49594eab-01b8-5044-8063-316b43aad121","result_url":"https:\/\/www.youtube.com\/watch?v=PsXqRfykpyg","result_domain":"www.youtube.com","result_domain_public_suffix":"com","result_wayback_url":"https:\/\/web.archive.org\/web\/20200202091433\/https:\/\/www.youtube.com\/watch?v=PsXqRfykpyg","result_wayback_raw_url":"https:\/\/web.archive.org\/web\/20200202091433id_\/https:\/\/www.youtube.com\/watch?v=PsXqRfykpyg","result_snippet_rank":18,"result_snippet_title":"LEGO Ninjago 9 \u0441\u0435\u0437\u043e\u043d \u041c\u0430\u0441\u0442\u0435\u0440 \u0417\u043e\u043b\u043e\u0442\u043e\u0433\u043e \u0434\u0440\u0430\u043a\u043e\u043d\u0430 \u0438 \u043d\u0430\u0431\u043e\u0440\u044b \u043d\u043e\u0432\u0438\u043d\u043a\u0438 \u041e\u0431\u0437\u043e\u0440 - \u041f\u0440\u043e\u0434\u043e\u043b\u0436\u0438\u0442\u0435\u043b\u044c\u043d\u043e\u0441\u0442\u044c: 10:08","result_snippet_text":"\u2022 \u041f\u043e\u0434\u043f\u0438\u0448\u0438\u0441\u044c \u043d\u0430 \u043a\u0430\u043d\u0430\u043b, \u0447\u0442\u043e\u0431\u044b \u0441\u043c\u043e\u0442\u0440\u0435\u0442\u044c \u043d\u043e\u0432\u043e\u0435 lego \u0432\u0438\u0434\u0435\u043e: http:\/\/goo.gl\/Knl5j8 \u2022 \u041c\u043e\u0439 \u0418\u043d\u0441\u0442\u0430\u0433\u0440\u0430\u043c: https:\/\/www.instagram.com ...","result_warc_relative_path":null,"result_warc_byte_offset":null},{"result_id":"1334f5a8-ea15-559b-92b9-549c7d883c14","result_url":"https:\/\/www.youtube.com\/watch?v=mF7hZ8QjnH4","result_domain":"www.youtube.com","result_domain_public_suffix":"com","result_wayback_url":"https:\/\/web.archive.org\/web\/20200202091433\/https:\/\/www.youtube.com\/watch?v=mF7hZ8QjnH4","result_wayback_raw_url":"https:\/\/web.archive.org\/web\/20200202091433id_\/https:\/\/www.youtube.com\/watch?v=mF7hZ8QjnH4","result_snippet_rank":19,"result_snippet_title":"LEGO Ninjago 70651 \u0422\u0440\u043e\u043d\u043d\u044b\u0439 \u0437\u0430\u043b \u041e\u0431\u0437\u043e\u0440 \u0438 \u0441\u0431\u043e\u0440\u043a\u0430 \u041b\u0435\u0433\u043e - \u041f\u0440\u043e\u0434\u043e\u043b\u0436\u0438\u0442\u0435\u043b\u044c\u043d\u043e\u0441\u0442\u044c: 5:46","result_snippet_text":"\u2022 \u041f\u043e\u0434\u043f\u0438\u0448\u0438\u0441\u044c \u043d\u0430 \u043a\u0430\u043d\u0430\u043b, \u0447\u0442\u043e\u0431\u044b \u0441\u043c\u043e\u0442\u0440\u0435\u0442\u044c \u043d\u043e\u0432\u043e\u0435 lego \u0432\u0438\u0434\u0435\u043e: http:\/\/goo.gl\/Knl5j8 \u2022  https:\/\/www.instagram.com\/warlord_lego\/ \u043f\u0440\u043e ...","result_warc_relative_path":null,"result_warc_byte_offset":null},{"result_id":"04284f5e-6f2b-5ac2-98ea-7bc6ac3fea0f","result_url":"https:\/\/www.youtube.com\/watch?v=Ty25s7kgSD0","result_domain":"www.youtube.com","result_domain_public_suffix":"com","result_wayback_url":"https:\/\/web.archive.org\/web\/20200202091433\/https:\/\/www.youtube.com\/watch?v=Ty25s7kgSD0","result_wayback_raw_url":"https:\/\/web.archive.org\/web\/20200202091433id_\/https:\/\/www.youtube.com\/watch?v=Ty25s7kgSD0","result_snippet_rank":20,"result_snippet_title":"LEGO Ninjago 70642 \u041a\u0438\u043b\u043b\u043e\u0443 \u043f\u0440\u043e\u0442\u0438\u0432 \u0421\u0430\u043c\u0443\u0440\u0430\u044f \u0418\u043a\u0441 \u041e\u0431\u0437\u043e\u0440 - \u041f\u0440\u043e\u0434\u043e\u043b\u0436\u0438\u0442\u0435\u043b\u044c\u043d\u043e\u0441\u0442\u044c: 10:18","result_snippet_text":"\u041a\u043e\u043d\u0441\u0442\u0440\u0443\u043a\u0442\u043e\u0440 LEGO Ninjago 70642 \u041a\u0438\u043b\u043b\u043e\u0443 \u043f\u0440\u043e\u0442\u0438\u0432 \u0421\u0430\u043c\u0443\u0440\u0430\u044f \u0418\u043a\u0441 \u2022 \u041f\u043e\u0434\u043f\u0438\u0448\u0438\u0441\u044c \u043d\u0430  \u043a\u0430\u043d\u0430\u043b: http:\/\/goo.gl\/Knl5j8 \u2022 \u0418\u043d\u0441\u0442\u0430\u0433\u0440\u0430\u043c https:\/\/www ...","result_warc_relative_path":null,"result_warc_byte_offset":null},{"result_id":"b844adf6-2df7-5882-a91e-2b5ec0387ac7","result_url":"https:\/\/www.youtube.com\/watch?v=zMwd-G0b0ak","result_domain":"www.youtube.com","result_domain_public_suffix":"com","result_wayback_url":"https:\/\/web.archive.org\/web\/20200202091433\/https:\/\/www.youtube.com\/watch?v=zMwd-G0b0ak","result_wayback_raw_url":"https:\/\/web.archive.org\/web\/20200202091433id_\/https:\/\/www.youtube.com\/watch?v=zMwd-G0b0ak","result_snippet_rank":21,"result_snippet_title":"\u0422\u041e\u041f 10 \u041b\u0423\u0427\u0428\u0418\u0425 \u041d\u0410\u0411\u041e\u0420\u041e\u0412 \u041b\u0415\u0413\u041e \u041d\u0418\u041d\u0414\u0417\u042f\u0413\u041e [\u041b\u0418\u041b] - \u041f\u0440\u043e\u0434\u043e\u043b\u0436\u0438\u0442\u0435\u043b\u044c\u043d\u043e\u0441\u0442\u044c: 10:09","result_snippet_text":"\u041d\u0438\u043d\u0434\u0437\u044f\u0433\u043e - \u0441\u0435\u0440\u0438\u044f \u041b\u0435\u0433\u043e , \u043a\u043e\u0442\u043e\u0440\u0430\u044f \u0441\u0443\u0449\u0435\u0441\u0442\u0432\u0443\u0435\u0442 \u0443\u0436\u0435 7 \u043b\u0435\u0442. \u0417\u0430 \u044d\u0442\u043e \u0432\u0440\u0435\u043c\u044f \u043a\u043e\u043c\u043f\u0430\u043d\u0438\u044f Lego \u0432\u044b\u043f\u0443\u0441\u0442\u0438\u043b\u0430 \u043d\u0435\u043c\u0430\u043b\u043e \u043d\u0430\u0431\u043e\u0440\u043e\u0432 \u043f\u043e\u0441\u0432\u044f...","result_warc_relative_path":null,"result_warc_byte_offset":null},{"result_id":"6532c582-8ec6-5b11-82e9-968d1b0b650d","result_url":"https:\/\/www.youtube.com\/watch?v=XTawgWE8J7E","result_domain":"www.youtube.com","result_domain_public_suffix":"com","result_wayback_url":"https:\/\/web.archive.org\/web\/20200202091433\/https:\/\/www.youtube.com\/watch?v=XTawgWE8J7E","result_wayback_raw_url":"https:\/\/web.archive.org\/web\/20200202091433id_\/https:\/\/www.youtube.com\/watch?v=XTawgWE8J7E","result_snippet_rank":22,"result_snippet_title":"LEGO Ninjago 70670 \u041c\u043e\u043d\u0430\u0441\u0442\u044b\u0440\u044c \u041a\u0440\u0443\u0436\u0438\u0442\u0446\u0443 \u041e\u0431\u0437\u043e\u0440 - \u041f\u0440\u043e\u0434\u043e\u043b\u0436\u0438\u0442\u0435\u043b\u044c\u043d\u043e\u0441\u0442\u044c: 14:48","result_snippet_text":"\u041b\u0443\u0447\u0448\u0438\u0439 \u043d\u0430\u0431\u043e\u0440 \u041b\u0435\u0433\u043e \u041d\u0438\u043d\u0434\u0437\u044f\u0433\u043e \u043d\u0430\u0441\u043b\u0435\u0434\u0438\u0435! \u0423\u0437\u043d\u0430\u0439 \u043f\u0440\u043e \u043d\u043e\u0432\u0438\u043d\u043a\u0438 LEGO Ninjago 2020 - https:\/\/youtu.be\/mxGBxZ1u39U\u2022 \u041f\u043e\u0434\u043f\u0438\u0448\u0438\u0441\u044c \u043d\u0430 \u043a\u0430\u043d\u0430\u043b ...","result_warc_relative_path":null,"result_warc_byte_offset":null},{"result_id":"07069c6e-26fb-5df0-a9a4-ad9001ea9745","result_url":"https:\/\/www.youtube.com\/watch?v=63-eiAKtlWs","result_domain":"www.youtube.com","result_domain_public_suffix":"com","result_wayback_url":"https:\/\/web.archive.org\/web\/20200202091433\/https:\/\/www.youtube.com\/watch?v=63-eiAKtlWs","result_wayback_raw_url":"https:\/\/web.archive.org\/web\/20200202091433id_\/https:\/\/www.youtube.com\/watch?v=63-eiAKtlWs","result_snippet_rank":23,"result_snippet_title":"All Lego Ninjago Season 9 Hunted Sets Summer 2018 - Lego Speed Build Review - \u041f\u0440\u043e\u0434\u043e\u043b\u0436\u0438\u0442\u0435\u043b\u044c\u043d\u043e\u0441\u0442\u044c: 1:07:14","result_snippet_text":"All Lego Ninjago Season 9 Hunted Sets Summer 2018\u25baClick here to Subscribe : https:\/\/www.youtube.com\/AustrianLegoFan\u25baClick ...","result_warc_relative_path":null,"result_warc_byte_offset":null},{"result_id":"3650a93a-f7c0-5f1f-a824-8f955604b6ef","result_url":"https:\/\/www.youtube.com\/watch?v=FnRbfYoTHfo","result_domain":"www.youtube.com","result_domain_public_suffix":"com","result_wayback_url":"https:\/\/web.archive.org\/web\/20200202091433\/https:\/\/www.youtube.com\/watch?v=FnRbfYoTHfo","result_wayback_raw_url":"https:\/\/web.archive.org\/web\/20200202091433id_\/https:\/\/www.youtube.com\/watch?v=FnRbfYoTHfo","result_snippet_rank":24,"result_snippet_title":"LEGO Ninjago - \u041d\u0410\u0411\u041e\u0420 \u041a\u0420\u0423\u0416\u0418\u0422\u0426\u0423 \u0421\u0423\u041f\u0410-\u0414\u0423\u041f\u0410 - \u041f\u0440\u043e\u0434\u043e\u043b\u0436\u0438\u0442\u0435\u043b\u044c\u043d\u043e\u0441\u0442\u044c: 7:14","result_snippet_text":"\u041e\u0441\u043d\u043e\u0432\u043d\u043e\u0439 \u043a\u0430\u043d\u0430\u043b: http:\/\/bit.ly\/Qewbite \u041a\u044c\u044e\u0431\u0441 \u0441\u043c\u043e\u0442\u0440\u0438\u0442 LEGO \u043a\u043e\u0440\u043e\u0431\u043a\u0443 \u0441 \u043d\u0430\u0431\u043e\u0440\u0430\u043c\u0438 <em>\u041b\u0435\u0433\u043e \u041d\u0438\u043d\u0434\u0437\u044f\u0433\u043e<\/em> (\u041a\u0440\u0443\u0436\u0438\u0442\u0446\u0443)! \u0420\u0410\u0421\u041a\u0420\u0423\u0422\u0418\u041c \u042d\u0422\u041e.","result_warc_relative_path":null,"result_warc_byte_offset":null},{"result_id":"c32e693c-e6c1-5a98-86e1-d673e3b31d25","result_url":"https:\/\/www.youtube.com\/watch?v=L5jvI3BpTQ0","result_domain":"www.youtube.com","result_domain_public_suffix":"com","result_wayback_url":"https:\/\/web.archive.org\/web\/20200202091433\/https:\/\/www.youtube.com\/watch?v=L5jvI3BpTQ0","result_wayback_raw_url":"https:\/\/web.archive.org\/web\/20200202091433id_\/https:\/\/www.youtube.com\/watch?v=L5jvI3BpTQ0","result_snippet_rank":25,"result_snippet_title":"NINJAGO \u041f\u0415\u0420\u0412\u042b\u0419 \u0421\u0422\u0420\u0410\u0416 \u041b\u0415\u0413\u041e \u0414\u0420\u0410\u041a\u041e\u041d - \u043d\u0435 \u043f\u043e\u043a\u0443\u043f\u0430\u0439 \u043f\u043e\u043a\u0430 \u043d\u0435 \u043f\u043e\u0441\u043c\u043e\u0442\u0440\u0438\u0448\u044c - \u041f\u0440\u043e\u0434\u043e\u043b\u0436\u0438\u0442\u0435\u043b\u044c\u043d\u043e\u0441\u0442\u044c: 16:30","result_snippet_text":"\u2705 \u0421\u0441\u044b\u043b\u043a\u0430 \u043d\u0430 \u043d\u0430\u0431\u043e\u0440 - https:\/\/lego-lepin.ru\/catalog\/ninjago\/units\/queen-firstbo... ...","result_warc_relative_path":null,"result_warc_byte_offset":null},{"result_id":"e1041c04-f12e-542d-9b97-26fabc7595fa","result_url":"https:\/\/www.youtube.com\/watch?v=migiND3tsy0","result_domain":"www.youtube.com","result_domain_public_suffix":"com","result_wayback_url":"https:\/\/web.archive.org\/web\/20200202091433\/https:\/\/www.youtube.com\/watch?v=migiND3tsy0","result_wayback_raw_url":"https:\/\/web.archive.org\/web\/20200202091433id_\/https:\/\/www.youtube.com\/watch?v=migiND3tsy0","result_snippet_rank":26,"result_snippet_title":"\u041d\u041e\u0412\u0418\u041d\u041a\u0410! \u041b\u0415\u0413\u041e \u041d\u0418\u041d\u0414\u0417\u042f\u0413\u041e! \u041e\u0431\u0437\u043e\u0440 \u043d\u0430\u0431\u043e\u0440\u0430 LEGO Ninjago \u041f\u0435\u0440\u0432\u044b\u0439 \u0421\u0442\u0440\u0430\u0436 70653 - \u041f\u0440\u043e\u0434\u043e\u043b\u0436\u0438\u0442\u0435\u043b\u044c\u043d\u043e\u0441\u0442\u044c: 16:25","result_snippet_text":"<em>\u041b\u0415\u0413\u041e \u041d\u0418\u041d\u0414\u0417\u042f\u0413\u041e<\/em>! \u041e\u0431\u0437\u043e\u0440 <em>\u043d\u0430\u0431\u043e\u0440\u0430<\/em> LEGO Ninjago \u041f\u0435\u0440\u0432\u044b\u0439 \u0421\u0442\u0440\u0430\u0436 70653 \u041f\u043e\u043d\u0440\u0430\u0432\u0438\u043b\u043e\u0441\u044c \u0432\u0438\u0434\u0435\u043e? \u041d\u0435 \u043b\u0435\u043d\u0438\u0441\u044c - \u043f\u0430\u043b\u0435\u0446 \u0432\u0432\u0435\u0440\u0445 \u0438 \u043d\u0435\u00a0...","result_warc_relative_path":null,"result_warc_byte_offset":null},{"result_id":"2fec1c2e-03cf-5509-8438-532752cad59c","result_url":"https:\/\/www.youtube.com\/watch?v=k-1u9hIZpY0","result_domain":"www.youtube.com","result_domain_public_suffix":"com","result_wayback_url":"https:\/\/web.archive.org\/web\/20200202091433\/https:\/\/www.youtube.com\/watch?v=k-1u9hIZpY0","result_wayback_raw_url":"https:\/\/web.archive.org\/web\/20200202091433id_\/https:\/\/www.youtube.com\/watch?v=k-1u9hIZpY0","result_snippet_rank":27,"result_snippet_title":"\u041b\u0415\u0413\u041e \u041d\u0438\u043d\u0434\u0437\u044f\u0433\u043e \u0424\u0438\u043b\u044c\u043c \u043d\u0430\u0431\u043e\u0440\u044b \u041e\u0433\u043d\u0435\u043d\u043d\u044b\u0439 \u0440\u043e\u0431\u043e\u0442 \u041a\u0430\u044f, \u0434\u0440\u0430\u043a\u043e\u043d \u0417\u0435\u043b\u0451\u043d\u043e\u0433\u043e \u041d\u0438\u043d\u0434\u0437\u044f. \u0427\u0442\u043e \u043a\u0443\u043f\u0438\u0442\u044c LEGO NINJAGO Movie - \u041f\u0440\u043e\u0434\u043e\u043b\u0436\u0438\u0442\u0435\u043b\u044c\u043d\u043e\u0441\u0442\u044c: 5:15","result_snippet_text":"\u0421\u043c\u043e\u0442\u0440\u0435\u0442\u044c \u041b\u0415\u0413\u041e \u041d\u0438\u043d\u0434\u0437\u044f\u0433\u043e \u0424\u0438\u043b\u044c\u043c \u043d\u0430\u0431\u043e\u0440\u044b: \u041e\u0433\u043d\u0435\u043d\u043d\u044b\u0439 \u0440\u043e\u0431\u043e\u0442 \u041a\u0430\u044f (70615), \u041c\u0435\u0445\u0430\u043d\u0438\u0447\u0435\u0441\u043a\u0438\u0439 \u0434\u0440\u0430\u043a\u043e\u043d \u0417\u0435\u043b\u0451\u043d\u043e\u0433\u043e \u041d\u0438\u043d\u0434\u0437\u044f (70612)....","result_warc_relative_path":null,"result_warc_byte_offset":null},{"result_id":"0c65870b-5168-55ce-8c74-68ab556a1f9c","result_url":"https:\/\/www.youtube.com\/watch?v=DWI_lHisToI","result_domain":"www.youtube.com","result_domain_public_suffix":"com","result_wayback_url":"https:\/\/web.archive.org\/web\/20200202091433\/https:\/\/www.youtube.com\/watch?v=DWI_lHisToI","result_wayback_raw_url":"https:\/\/web.archive.org\/web\/20200202091433id_\/https:\/\/www.youtube.com\/watch?v=DWI_lHisToI","result_snippet_rank":28,"result_snippet_title":"LEGO\u00ae NINJAGO\u2122 \u2013 \u041a\u0443\u0437\u043d\u0438\u0446\u0430 \u0414\u0440\u0430\u043a\u043e\u043d\u0430 - \u041f\u0440\u043e\u0434\u043e\u043b\u0436\u0438\u0442\u0435\u043b\u044c\u043d\u043e\u0441\u0442\u044c: 1:43","result_snippet_text":"\u041e\u0446\u0435\u043d\u0438 <em>\u043d\u0430\u0431\u043e\u0440<\/em> \u041a\u0443\u0437\u043d\u0438\u0446\u0430 <em>\u0414\u0440\u0430\u043a\u043e\u043d\u0430<\/em> \u0441\u0435\u0440\u0438\u0438 LEGO Ninjago. \u041e\u043d \u043f\u043e\u0440\u0430\u0434\u0443\u0435\u0442 \u0442\u0435\u0431\u044f \u043d\u043e\u0432\u044b\u043c\u0438 \u0441\u0446\u0435\u043d\u0430\u0440\u0438\u044f\u043c\u0438, \u043f\u0435\u0440\u0441\u043e\u043d\u0430\u0436\u0430\u043c\u0438 \u0438 \u043e\u0440\u0443\u0436\u0438\u0435\u043c.","result_warc_relative_path":null,"result_warc_byte_offset":null},{"result_id":"311220a7-dd0d-57cf-ab48-7179cc67e329","result_url":"https:\/\/www.youtube.com\/watch?v=I0a6P6szdGQ","result_domain":"www.youtube.com","result_domain_public_suffix":"com","result_wayback_url":"https:\/\/web.archive.org\/web\/20200202091433\/https:\/\/www.youtube.com\/watch?v=I0a6P6szdGQ","result_wayback_raw_url":"https:\/\/web.archive.org\/web\/20200202091433id_\/https:\/\/www.youtube.com\/watch?v=I0a6P6szdGQ","result_snippet_rank":29,"result_snippet_title":"\u041e\u0431\u0437\u043e\u0440 \u043d\u0430\u0431\u043e\u0440\u0430 70679 \u00ab\u0423\u043b\u044c\u0442\u0440\u0430 \u0414\u0440\u0430\u043a\u043e\u043d\u00bb - \u041f\u0440\u043e\u0434\u043e\u043b\u0436\u0438\u0442\u0435\u043b\u044c\u043d\u043e\u0441\u0442\u044c: 14:19","result_snippet_text":"\u0412\u043e\u0442 \u0438 \u0437\u0430\u0432\u0435\u0440\u0448\u0438\u043b\u0441\u044f \u0446\u0438\u043a\u043b \u043e\u0431\u0437\u043e\u0440\u043e\u0432 \u043d\u0430 Legacy, \u0431\u0443\u0434\u0435\u043c \u043f\u0435\u0440\u0435\u0445\u043e\u0434\u0438\u0442\u044c \u043a \u043d\u0435\u0439\u0442\u0440\u0430\u043b\u044c\u043d\u044b\u043c \u0441\u0435\u0440\u0438\u044f\u043c!) \u2b07\ufe0f\u2b07\ufe0f\u2b07\ufe0f \u0412\u043a\u043e\u043d\u0442\u0430\u043a\u0442\u0435: https:\/\/vk.com\/a.","result_warc_relative_path":null,"result_warc_byte_offset":null},{"result_id":"480e019c-3511-5b23-81a3-e9ec1e6278ef","result_url":"https:\/\/www.youtube.com\/watch?v=erssC9zwnx0","result_domain":"www.youtube.com","result_domain_public_suffix":"com","result_wayback_url":"https:\/\/web.archive.org\/web\/20200202091433\/https:\/\/www.youtube.com\/watch?v=erssC9zwnx0","result_wayback_raw_url":"https:\/\/web.archive.org\/web\/20200202091433id_\/https:\/\/www.youtube.com\/watch?v=erssC9zwnx0","result_snippet_rank":30,"result_snippet_title":"LEGO NINJAGO 70734 \u0414\u0440\u0430\u043a\u043e\u043d \u0421\u044d\u043d\u0441\u044d\u044f \u0412\u0443 (Master Wu Dragon) - \u041f\u0440\u043e\u0434\u043e\u043b\u0436\u0438\u0442\u0435\u043b\u044c\u043d\u043e\u0441\u0442\u044c: 4:47","result_snippet_text":"\u0421\u0440\u0430\u0432\u043d\u0438\u0442\u044c \u0446\u0435\u043d\u044b \u0438 \u043a\u0443\u043f\u0438\u0442\u044c <em>\u043d\u0430\u0431\u043e\u0440<\/em>: https:\/\/goo.gl\/m7aVO5 \u041f\u043e\u0434\u043f\u0438\u0448\u0438\u0441\u044c \u043d\u0430 \u043d\u0430\u0448 \u043a\u0430\u043d\u0430\u043b \u0432 1 \u043a\u043b\u0438\u043a:\u00a0...","result_warc_relative_path":null,"result_warc_byte_offset":null}],"search_provider_name":"youtube","search_provider_alexa_domain":"youtube.com","search_provider_alexa_domain_public_suffix":"com","search_provider_alexa_rank":2,"search_provider_category":"media-sharing"}
{"serp_id":"49dd9306-ec8e-5490-a60a-a490ed0ce1d9","serp_url":"https:\/\/www.youtube.com\/results?search_query=%23%D0%BF%D1%80%D0%BE%D0%B3%D0%BD%D0%BE%D0%B7%D0%BF%D0%BE%D0%B3%D0%BE%D0%B4%D1%8B","serp_timestamp":1581209577000,"serp_wayback_url":"https:\/\/web.archive.org\/web\/20200209015257\/https:\/\/www.youtube.com\/results?search_query=%23%D0%BF%D1%80%D0%BE%D0%B3%D0%BD%D0%BE%D0%B7%D0%BF%D0%BE%D0%B3%D0%BE%D0%B4%D1%8B","serp_wayback_raw_url":"https:\/\/web.archive.org\/web\/20200209015257id_\/https:\/\/www.youtube.com\/results?search_query=%23%D0%BF%D1%80%D0%BE%D0%B3%D0%BD%D0%BE%D0%B7%D0%BF%D0%BE%D0%B3%D0%BE%D0%B4%D1%8B","serp_page":null,"serp_offset":null,"serp_query_text_url":"#\u043f\u0440\u043e\u0433\u043d\u043e\u0437\u043f\u043e\u0433\u043e\u0434\u044b","serp_query_text_url_language":null,"serp_query_text_html":"#\u043f\u0440\u043e\u0433\u043d\u043e\u0437\u043f\u043e\u0433\u043e\u0434\u044b","serp_warc_relative_path":"focused\/archived-raw-serps\/youtube\/youtube.com%2Fresults%3F\/0000000197\/0000000000.warc.gz","serp_warc_byte_offset":243444531,"serp_results":[{"result_id":"215cc0c4-406b-5894-ad66-467c2ac6982d","result_url":"https:\/\/www.youtube.com\/watch?v=rsb9_BUNa8o","result_domain":"www.youtube.com","result_domain_public_suffix":"com","result_wayback_url":"https:\/\/web.archive.org\/web\/20200209015257\/https:\/\/www.youtube.com\/watch?v=rsb9_BUNa8o","result_wayback_raw_url":"https:\/\/web.archive.org\/web\/20200209015257id_\/https:\/\/www.youtube.com\/watch?v=rsb9_BUNa8o","result_snippet_rank":1,"result_snippet_title":"\u041f\u043e\u0433\u043e\u0434\u0430 \u043d\u0430 \u043d\u0435\u0434\u0435\u043b\u044e 3-9 \u0444\u0435\u0432\u0440\u0430\u043b\u044f 2020. \u041f\u0440\u043e\u0433\u043d\u043e\u0437 \u043f\u043e\u0433\u043e\u0434\u044b. \u0411\u0435\u043b\u0430\u0440\u0443\u0441\u044c | \u041c\u0435\u0442\u0435\u043e\u0433\u0438\u0434 - \u041f\u0440\u043e\u0434\u043e\u043b\u0436\u0438\u0442\u0435\u043b\u044c\u043d\u043e\u0441\u0442\u044c: 20:12","result_snippet_text":"<em>\u041f\u0440\u043e\u0433\u043d\u043e\u0437 \u043f\u043e\u0433\u043e\u0434\u044b<\/em> \u043d\u0430 \u043d\u0435\u0434\u0435\u043b\u044e \u0441 27 \u044f\u043d\u0432\u0430\u0440\u044f \u043f\u043e 2 \u0444\u0435\u0432\u0440\u0430\u043b\u044f. \u0411\u0435\u043b\u0430\u0440\u0443\u0441\u044c. \u0415\u0432\u0440\u043e\u043f\u0430. \u041c\u0438\u043d\u0441\u043a. \u041c\u043e\u0441\u043a\u0432\u0430. \u041a\u0438\u0435\u0432. \u041f\u0440\u0438\u044f\u0442\u043d\u0430\u044f \u043d\u043e\u0432\u043e\u0441\u0442\u044c...","result_warc_relative_path":null,"result_warc_byte_offset":null},{"result_id":"88b48537-7d85-5f18-8361-3fd69f81b891","result_url":"https:\/\/www.youtube.com\/watch?v=DDIpLtcnVrc","result_domain":"www.youtube.com","result_domain_public_suffix":"com","result_wayback_url":"https:\/\/web.archive.org\/web\/20200209015257\/https:\/\/www.youtube.com\/watch?v=DDIpLtcnVrc","result_wayback_raw_url":"https:\/\/web.archive.org\/web\/20200209015257id_\/https:\/\/www.youtube.com\/watch?v=DDIpLtcnVrc","result_snippet_rank":2,"result_snippet_title":"\u041f\u043e\u0433\u043e\u0434\u0430 \u043d\u0430 \u043d\u0435\u0434\u0435\u043b\u044e 20-26 \u044f\u043d\u0432\u0430\u0440\u044f 2020. \u041f\u0440\u043e\u0433\u043d\u043e\u0437 \u043f\u043e\u0433\u043e\u0434\u044b. \u0411\u0435\u043b\u0430\u0440\u0443\u0441\u044c | \u041c\u0435\u0442\u0435\u043e\u0433\u0438\u0434 - \u041f\u0440\u043e\u0434\u043e\u043b\u0436\u0438\u0442\u0435\u043b\u044c\u043d\u043e\u0441\u0442\u044c: 16:26","result_snippet_text":"<em>\u041f\u0440\u043e\u0433\u043d\u043e\u0437 \u043f\u043e\u0433\u043e\u0434\u044b<\/em> \u043d\u0430 \u043d\u0435\u0434\u0435\u043b\u044e \u0441 20 \u043f\u043e 26 \u044f\u043d\u0432\u0430\u0440\u044f. \u0411\u0435\u043b\u0430\u0440\u0443\u0441\u044c. \u0415\u0432\u0440\u043e\u043f\u0430. \u041c\u0438\u043d\u0441\u043a. \u041c\u043e\u0441\u043a\u0432\u0430. \u041a\u0438\u0435\u0432. \u041f\u0440\u0438\u044f\u0442\u043d\u0430\u044f \u043d\u043e\u0432\u043e\u0441\u0442\u044c \u0434\u043b\u044f \u0442\u0435\u0445,...","result_warc_relative_path":null,"result_warc_byte_offset":null},{"result_id":"2c7de869-7f1c-5868-9902-59fb2e63258a","result_url":"https:\/\/www.youtube.com\/watch?v=ZBkGyeaVWVM","result_domain":"www.youtube.com","result_domain_public_suffix":"com","result_wayback_url":"https:\/\/web.archive.org\/web\/20200209015257\/https:\/\/www.youtube.com\/watch?v=ZBkGyeaVWVM","result_wayback_raw_url":"https:\/\/web.archive.org\/web\/20200209015257id_\/https:\/\/www.youtube.com\/watch?v=ZBkGyeaVWVM","result_snippet_rank":3,"result_snippet_title":"\u041f\u043e\u0433\u043e\u0434\u0430 \u043d\u0430 \u043d\u0435\u0434\u0435\u043b\u044e 10-16 \u0444\u0435\u0432\u0440\u0430\u043b\u044f 2020. \u041f\u0440\u043e\u0433\u043d\u043e\u0437 \u043f\u043e\u0433\u043e\u0434\u044b. \u0411\u0435\u043b\u0430\u0440\u0443\u0441\u044c | \u041c\u0435\u0442\u0435\u043e\u0433\u0438\u0434 - \u041f\u0440\u043e\u0434\u043e\u043b\u0436\u0438\u0442\u0435\u043b\u044c\u043d\u043e\u0441\u0442\u044c: 16:29","result_snippet_text":"<em>\u041f\u0440\u043e\u0433\u043d\u043e\u0437 \u043f\u043e\u0433\u043e\u0434\u044b<\/em> \u043d\u0430 \u043d\u0435\u0434\u0435\u043b\u044e \u0441 10 \u043f\u043e 16 \u0444\u0435\u0432\u0440\u0430\u043b\u044f. \u0411\u0435\u043b\u0430\u0440\u0443\u0441\u044c. \u0415\u0432\u0440\u043e\u043f\u0430. \u041c\u0438\u043d\u0441\u043a. \u041c\u043e\u0441\u043a\u0432\u0430. \u041a\u0438\u0435\u0432. \u041f\u0440\u0438\u044f\u0442\u043d\u0430\u044f \u043d\u043e\u0432\u043e\u0441\u0442\u044c \u0434\u043b\u044f \u0442\u0435\u0445,...","result_warc_relative_path":null,"result_warc_byte_offset":null},{"result_id":"05da9d25-d7b7-5f73-9f72-5aae72ef83d8","result_url":"https:\/\/www.youtube.com\/watch?v=Fk2jQsb8htc","result_domain":"www.youtube.com","result_domain_public_suffix":"com","result_wayback_url":"https:\/\/web.archive.org\/web\/20200209015257\/https:\/\/www.youtube.com\/watch?v=Fk2jQsb8htc","result_wayback_raw_url":"https:\/\/web.archive.org\/web\/20200209015257id_\/https:\/\/www.youtube.com\/watch?v=Fk2jQsb8htc","result_snippet_rank":4,"result_snippet_title":"\u041f\u043e\u0433\u043e\u0434\u0430 \u043d\u0430 \u043d\u0435\u0434\u0435\u043b\u044e 27 \u044f\u043d\u0432\u0430\u0440\u044f - 2 \u0444\u0435\u0432\u0440\u0430\u043b\u044f 2020. \u041f\u0440\u043e\u0433\u043d\u043e\u0437 \u043f\u043e\u0433\u043e\u0434\u044b. \u0411\u0435\u043b\u0430\u0440\u0443\u0441\u044c | \u041c\u0435\u0442\u0435\u043e\u0433\u0438\u0434 - \u041f\u0440\u043e\u0434\u043e\u043b\u0436\u0438\u0442\u0435\u043b\u044c\u043d\u043e\u0441\u0442\u044c: 15:47","result_snippet_text":"<em>\u041f\u0440\u043e\u0433\u043d\u043e\u0437 \u043f\u043e\u0433\u043e\u0434\u044b<\/em> \u043d\u0430 \u043d\u0435\u0434\u0435\u043b\u044e \u0441 27 \u044f\u043d\u0432\u0430\u0440\u044f \u043f\u043e 2 \u0444\u0435\u0432\u0440\u0430\u043b\u044f. \u0411\u0435\u043b\u0430\u0440\u0443\u0441\u044c. \u0415\u0432\u0440\u043e\u043f\u0430. \u041c\u0438\u043d\u0441\u043a. \u041c\u043e\u0441\u043a\u0432\u0430. \u041a\u0438\u0435\u0432. \u041f\u0440\u0438\u044f\u0442\u043d\u0430\u044f \u043d\u043e\u0432\u043e\u0441\u0442\u044c...","result_warc_relative_path":null,"result_warc_byte_offset":null},{"result_id":"6509e57c-a9b8-573a-9d3f-24751ed8521e","result_url":"https:\/\/www.youtube.com\/watch?v=Xcz6cCPeBvs","result_domain":"www.youtube.com","result_domain_public_suffix":"com","result_wayback_url":"https:\/\/web.archive.org\/web\/20200209015257\/https:\/\/www.youtube.com\/watch?v=Xcz6cCPeBvs","result_wayback_raw_url":"https:\/\/web.archive.org\/web\/20200209015257id_\/https:\/\/www.youtube.com\/watch?v=Xcz6cCPeBvs","result_snippet_rank":5,"result_snippet_title":"\u041f\u0440\u043e\u0433\u043d\u043e\u0437 \u043f\u043e\u0433\u043e\u0434\u044b \u043d\u0430 \u043d\u0435\u0434\u0435\u043b\u044e \u0441 7 \u043f\u043e 13 \u043e\u043a\u0442\u044f\u0431\u0440\u044f. \u041b\u0443\u043d\u043d\u044b\u0439 \u043a\u0430\u043b\u0435\u043d\u0434\u0430\u0440\u044c | \u041c\u0435\u0442\u0435\u043e\u0433\u0438\u0434 - \u041f\u0440\u043e\u0434\u043e\u043b\u0436\u0438\u0442\u0435\u043b\u044c\u043d\u043e\u0441\u0442\u044c: 19:53","result_snippet_text":"\u0414\u043e\u0436\u0434\u0438, \u0433\u0440\u043e\u0437\u044b, \u0436\u0430\u0440\u0430, \u0442\u0435\u043c\u043f\u0435\u0440\u0430\u0442\u0443\u0440\u0430 \u0432\u043e\u0437\u0434\u0443\u0445\u0430, \u043f\u043e\u0445\u043e\u043b\u043e\u0434\u0430\u043d\u0438\u0435, \u043f\u043e\u0442\u0435\u043f\u043b\u0435\u043d\u0438\u0435, \u043e\u0441\u0430\u0434\u043a\u0438 \u2013 \u0432\u0441\u0435 \u043e \u043f\u0440\u043e\u0433\u043d\u043e\u0437\u0435 \u043f\u043e\u0433\u043e\u0434\u044b. \u00ab\u041c\u0435\u0442\u0435\u043e\u0433\u0438\u0434\u00bb...","result_warc_relative_path":null,"result_warc_byte_offset":null},{"result_id":"6e105ada-4f12-509b-b7ce-e25a7b435a60","result_url":"https:\/\/www.youtube.com\/watch?v=b2i9u0qGDnU","result_domain":"www.youtube.com","result_domain_public_suffix":"com","result_wayback_url":"https:\/\/web.archive.org\/web\/20200209015257\/https:\/\/www.youtube.com\/watch?v=b2i9u0qGDnU","result_wayback_raw_url":"https:\/\/web.archive.org\/web\/20200209015257id_\/https:\/\/www.youtube.com\/watch?v=b2i9u0qGDnU","result_snippet_rank":6,"result_snippet_title":"#\u043f\u0440\u043e\u0433\u043d\u043e\u0437\u043f\u043e\u0433\u043e\u0434\u044b  #YoWindow  \u0422\u043e\u0447\u043d\u044b\u0439 \u043f\u0440\u043e\u0433\u043d\u043e\u0437 \u043f\u043e\u0433\u043e\u0434\u044b  YoWindow \u0434\u043b\u044f \u0410\u043d\u0434\u0440\u043e\u0438\u0434 - \u041f\u0440\u043e\u0434\u043e\u043b\u0436\u0438\u0442\u0435\u043b\u044c\u043d\u043e\u0441\u0442\u044c: 12:34","result_snippet_text":"https:\/\/youtu.be\/b2i9u0qGDnU \u0422\u043e\u0447\u043d\u044b\u0439 <em>\u043f\u0440\u043e\u0433\u043d\u043e\u0437 \u043f\u043e\u0433\u043e\u0434\u044b<\/em> YoWindow \u0434\u043b\u044f \u0410\u043d\u0434\u0440\u043e\u0438\u0434 \u0421\u043f\u0430\u0441\u0438\u0431\u043e, \u0434\u0440\u0443\u0437\u044c\u044f \u0437\u0430 \u0432\u0430\u0448\u0438 \u043b\u0430\u0439\u043a\u0438 \u0438 \u043f\u043e\u0434\u043f\u0438\u0441\u043a\u0443 \u043d\u0430\u00a0...","result_warc_relative_path":null,"result_warc_byte_offset":null},{"result_id":"e185ac09-e80e-5e34-9ba9-c0146826b49f","result_url":"https:\/\/www.youtube.com\/watch?v=iuH6CSEgpFk","result_domain":"www.youtube.com","result_domain_public_suffix":"com","result_wayback_url":"https:\/\/web.archive.org\/web\/20200209015257\/https:\/\/www.youtube.com\/watch?v=iuH6CSEgpFk","result_wayback_raw_url":"https:\/\/web.archive.org\/web\/20200209015257id_\/https:\/\/www.youtube.com\/watch?v=iuH6CSEgpFk","result_snippet_rank":7,"result_snippet_title":"\u0422\u043e\u0447\u043d\u044b\u0439 \u043f\u0440\u043e\u0433\u043d\u043e\u0437 \u043f\u043e\u0433\u043e\u0434\u044b \u043d\u0430 \u043d\u0435\u0434\u0435\u043b\u044e \u043e\u0442 \u0414\u043c\u0438\u0442\u0440\u0438\u044f \u0420\u044f\u0431\u043e\u0432\u0430 \u0437\u0430 2 \u043c\u0438\u043d\u0443\u0442\u044b - \u041f\u0440\u043e\u0434\u043e\u043b\u0436\u0438\u0442\u0435\u043b\u044c\u043d\u043e\u0441\u0442\u044c: 2:53","result_snippet_text":"<em>\u041f\u0440\u043e\u0433\u043d\u043e\u0437 \u043f\u043e\u0433\u043e\u0434\u044b<\/em> \u043d\u0430 \u043d\u0435\u0434\u0435\u043b\u044e \u0441 10 \u043f\u043e 16 \u0444\u0435\u0432\u0440\u0430\u043b\u044f. \u041f\u043e\u0433\u043e\u0434\u0430 \u0411\u0440\u0435\u0441\u0442. \u041f\u043e\u0433\u043e\u0434\u0430 \u0412\u0438\u0442\u0435\u0431\u0441\u043a. \u041f\u043e\u0433\u043e\u0434\u0430 \u0413\u043e\u043c\u0435\u043b\u044c. \u041f\u043e\u0433\u043e\u0434\u0430 \u0413\u0440\u043e\u0434\u043d\u043e....","result_warc_relative_path":null,"result_warc_byte_offset":null},{"result_id":"385145f3-0e87-5f66-975e-f4bb46d64d91","result_url":"https:\/\/www.youtube.com\/watch?v=joNEcK10TKI","result_domain":"www.youtube.com","result_domain_public_suffix":"com","result_wayback_url":"https:\/\/web.archive.org\/web\/20200209015257\/https:\/\/www.youtube.com\/watch?v=joNEcK10TKI","result_wayback_raw_url":"https:\/\/web.archive.org\/web\/20200209015257id_\/https:\/\/www.youtube.com\/watch?v=joNEcK10TKI","result_snippet_rank":8,"result_snippet_title":"\u0421\u0430\u043c\u044b\u0439 \u0442\u043e\u0447\u043d\u044b\u0439 \u043f\u0440\u043e\u0433\u043d\u043e\u0437 \u043f\u043e\u0433\u043e\u0434\u044b \u043d\u0430 \u0432\u0435\u0441\u043d\u0443 2020, \u043d\u0430\u0440\u043e\u0434\u043d\u044b\u0435 \u043f\u0440\u0438\u043c\u0435\u0442\u044b - \u041f\u0440\u043e\u0434\u043e\u043b\u0436\u0438\u0442\u0435\u043b\u044c\u043d\u043e\u0441\u0442\u044c: 4:15","result_snippet_text":"\u041a\u0430\u043a\u0430\u044f \u0431\u0443\u0434\u0435\u0442 \u043f\u043e\u0433\u043e\u0434\u0430 \u0432\u0435\u0441\u043d\u043e\u0439 \u0432 \u0420\u043e\u0441\u0441\u0438\u0438 \u0432 2020 \u0433\u043e\u0434\u0443 \u043f\u043e \u043c\u0435\u0441\u044f\u0446\u0430\u043c (\u043c\u0430\u0440\u0442, \u0430\u043f\u0440\u0435\u043b\u044c, \u043c\u0430\u0439). \u041f\u0440\u043e\u0433\u043d\u043e\u0437\u044b \u0441\u0438\u043d\u043e\u043f\u0442\u0438\u043a\u043e\u0432. \u041d\u0430\u0440\u043e\u0434\u043d\u044b\u0435...","result_warc_relative_path":null,"result_warc_byte_offset":null},{"result_id":"16fb7783-1b3d-5255-8e0b-a7c594728d32","result_url":"https:\/\/www.youtube.com\/watch?v=4HzO2g4kM5E","result_domain":"www.youtube.com","result_domain_public_suffix":"com","result_wayback_url":"https:\/\/web.archive.org\/web\/20200209015257\/https:\/\/www.youtube.com\/watch?v=4HzO2g4kM5E","result_wayback_raw_url":"https:\/\/web.archive.org\/web\/20200209015257id_\/https:\/\/www.youtube.com\/watch?v=4HzO2g4kM5E","result_snippet_rank":9,"result_snippet_title":"\u041f\u0440\u043e\u0433\u043d\u043e\u0437 \u043f\u043e\u0433\u043e\u0434\u044b \u043d\u0430 \u043d\u0435\u0434\u0435\u043b\u044e \u0441 28 \u043e\u043a\u0442\u044f\u0431\u0440\u044f \u043f\u043e 3 \u043d\u043e\u044f\u0431\u0440\u044f. \u041b\u0443\u043d\u043d\u044b\u0439 \u043a\u0430\u043b\u0435\u043d\u0434\u0430\u0440\u044c | \u041c\u0435\u0442\u0435\u043e\u0433\u0438\u0434 - \u041f\u0440\u043e\u0434\u043e\u043b\u0436\u0438\u0442\u0435\u043b\u044c\u043d\u043e\u0441\u0442\u044c: 19:30","result_snippet_text":"\u0414\u043e\u0436\u0434\u0438, \u0433\u0440\u043e\u0437\u044b, \u0436\u0430\u0440\u0430, \u0442\u0435\u043c\u043f\u0435\u0440\u0430\u0442\u0443\u0440\u0430 \u0432\u043e\u0437\u0434\u0443\u0445\u0430, \u043f\u043e\u0445\u043e\u043b\u043e\u0434\u0430\u043d\u0438\u0435, \u043f\u043e\u0442\u0435\u043f\u043b\u0435\u043d\u0438\u0435, \u043e\u0441\u0430\u0434\u043a\u0438 \u2013 \u0432\u0441\u0435 \u043e \u043f\u0440\u043e\u0433\u043d\u043e\u0437\u0435 \u043f\u043e\u0433\u043e\u0434\u044b. \u00ab\u041c\u0435\u0442\u0435\u043e\u0433\u0438\u0434\u00bb...","result_warc_relative_path":null,"result_warc_byte_offset":null},{"result_id":"efe9d83f-a890-5beb-bdf7-f199a4698556","result_url":"https:\/\/www.youtube.com\/watch?v=tNWQQAUGqJc","result_domain":"www.youtube.com","result_domain_public_suffix":"com","result_wayback_url":"https:\/\/web.archive.org\/web\/20200209015257\/https:\/\/www.youtube.com\/watch?v=tNWQQAUGqJc","result_wayback_raw_url":"https:\/\/web.archive.org\/web\/20200209015257id_\/https:\/\/www.youtube.com\/watch?v=tNWQQAUGqJc","result_snippet_rank":10,"result_snippet_title":"\u041f\u0440\u043e\u0433\u043d\u043e\u0437 \u043f\u043e\u0433\u043e\u0434\u044b \u043d\u0430 \u043d\u0435\u0434\u0435\u043b\u044e \u0441 15 \u043f\u043e 21 \u0438\u044e\u043b\u044f. \u041b\u0443\u043d\u043d\u044b\u0439 \u043a\u0430\u043b\u0435\u043d\u0434\u0430\u0440\u044c. \u0418\u043d\u0442\u0435\u0440\u0435\u0441\u043d\u044b\u0435 \u0444\u0430\u043a\u0442\u044b | \u041c\u0435\u0442\u0435\u043e\u0433\u0438\u0434 - \u041f\u0440\u043e\u0434\u043e\u043b\u0436\u0438\u0442\u0435\u043b\u044c\u043d\u043e\u0441\u0442\u044c: 18:08","result_snippet_text":"\u041f\u043e\u0433\u043e\u0434\u0430 \u0432 \u0411\u0435\u043b\u0430\u0440\u0443\u0441\u0438. \u0414\u043e\u0436\u0434\u0438, \u0433\u0440\u043e\u0437\u044b, \u0442\u0435\u043c\u043f\u0435\u0440\u0430\u0442\u0443\u0440\u0430 \u0432\u043e\u0437\u0434\u0443\u0445\u0430, \u043f\u043e\u0445\u043e\u043b\u043e\u0434\u0430\u043d\u0438\u0435, \u043f\u043e\u0442\u0435\u043f\u043b\u0435\u043d\u0438\u0435, \u043e\u0441\u0430\u0434\u043a\u0438 \u2013 \u0432\u0441\u0435 \u043e \u043f\u0440\u043e\u0433\u043d\u043e\u0437\u0435 \u043f\u043e\u0433\u043e...","result_warc_relative_path":null,"result_warc_byte_offset":null},{"result_id":"361a8ea1-58d2-5329-9e63-e61b2e57f7f5","result_url":"https:\/\/www.youtube.com\/watch?v=G3MC9sDHEPE","result_domain":"www.youtube.com","result_domain_public_suffix":"com","result_wayback_url":"https:\/\/web.archive.org\/web\/20200209015257\/https:\/\/www.youtube.com\/watch?v=G3MC9sDHEPE","result_wayback_raw_url":"https:\/\/web.archive.org\/web\/20200209015257id_\/https:\/\/www.youtube.com\/watch?v=G3MC9sDHEPE","result_snippet_rank":11,"result_snippet_title":"\u041f\u0440\u043e\u0433\u043d\u043e\u0437 \u043f\u043e\u0433\u043e\u0434\u044b \u043d\u0430 \u043d\u0435\u0434\u0435\u043b\u044e \u0441 23 \u043f\u043e 29 \u0441\u0435\u043d\u0442\u044f\u0431\u0440\u044f. \u041b\u0443\u043d\u043d\u044b\u0439 \u043a\u0430\u043b\u0435\u043d\u0434\u0430\u0440\u044c | \u041c\u0435\u0442\u0435\u043e\u0433\u0438\u0434 - \u041f\u0440\u043e\u0434\u043e\u043b\u0436\u0438\u0442\u0435\u043b\u044c\u043d\u043e\u0441\u0442\u044c: 19:27","result_snippet_text":"\u0414\u043e\u0436\u0434\u0438, \u0433\u0440\u043e\u0437\u044b, \u0436\u0430\u0440\u0430, \u0442\u0435\u043c\u043f\u0435\u0440\u0430\u0442\u0443\u0440\u0430 \u0432\u043e\u0437\u0434\u0443\u0445\u0430, \u043f\u043e\u0445\u043e\u043b\u043e\u0434\u0430\u043d\u0438\u0435, \u043f\u043e\u0442\u0435\u043f\u043b\u0435\u043d\u0438\u0435, \u043e\u0441\u0430\u0434\u043a\u0438 \u2013 \u0432\u0441\u0435 \u043e \u043f\u0440\u043e\u0433\u043d\u043e\u0437\u0435 \u043f\u043e\u0433\u043e\u0434\u044b. \u00ab\u041c\u0435\u0442\u0435\u043e\u0433\u0438\u0434\u00bb...","result_warc_relative_path":null,"result_warc_byte_offset":null},{"result_id":"4469f3d8-0232-5b49-9b0e-82eeb163a99c","result_url":"https:\/\/www.youtube.com\/watch?v=pgsShgeERo4","result_domain":"www.youtube.com","result_domain_public_suffix":"com","result_wayback_url":"https:\/\/web.archive.org\/web\/20200209015257\/https:\/\/www.youtube.com\/watch?v=pgsShgeERo4","result_wayback_raw_url":"https:\/\/web.archive.org\/web\/20200209015257id_\/https:\/\/www.youtube.com\/watch?v=pgsShgeERo4","result_snippet_rank":12,"result_snippet_title":"\u041f\u0440\u043e\u0433\u043d\u043e\u0437 \u043f\u043e\u0433\u043e\u0434\u044b \u043d\u0430 \u043d\u0435\u0434\u0435\u043b\u044e \u0441 21 \u043f\u043e 27 \u043e\u043a\u0442\u044f\u0431\u0440\u044f. \u041b\u0443\u043d\u043d\u044b\u0439 \u043a\u0430\u043b\u0435\u043d\u0434\u0430\u0440\u044c | \u041c\u0435\u0442\u0435\u043e\u0433\u0438\u0434 - \u041f\u0440\u043e\u0434\u043e\u043b\u0436\u0438\u0442\u0435\u043b\u044c\u043d\u043e\u0441\u0442\u044c: 20:52","result_snippet_text":"\u0414\u043e\u0436\u0434\u0438, \u0433\u0440\u043e\u0437\u044b, \u0436\u0430\u0440\u0430, \u0442\u0435\u043c\u043f\u0435\u0440\u0430\u0442\u0443\u0440\u0430 \u0432\u043e\u0437\u0434\u0443\u0445\u0430, \u043f\u043e\u0445\u043e\u043b\u043e\u0434\u0430\u043d\u0438\u0435, \u043f\u043e\u0442\u0435\u043f\u043b\u0435\u043d\u0438\u0435, \u043e\u0441\u0430\u0434\u043a\u0438 \u2013 \u0432\u0441\u0435 \u043e \u043f\u0440\u043e\u0433\u043d\u043e\u0437\u0435 \u043f\u043e\u0433\u043e\u0434\u044b. \u00ab\u041c\u0435\u0442\u0435\u043e\u0433\u0438\u0434\u00bb...","result_warc_relative_path":null,"result_warc_byte_offset":null},{"result_id":"094d9b39-e502-5658-bc5a-45844cab6c2c","result_url":"https:\/\/www.youtube.com\/watch?v=4uz4GL-TIXw","result_domain":"www.youtube.com","result_domain_public_suffix":"com","result_wayback_url":"https:\/\/web.archive.org\/web\/20200209015257\/https:\/\/www.youtube.com\/watch?v=4uz4GL-TIXw","result_wayback_raw_url":"https:\/\/web.archive.org\/web\/20200209015257id_\/https:\/\/www.youtube.com\/watch?v=4uz4GL-TIXw","result_snippet_rank":13,"result_snippet_title":"\u041f\u0440\u043e\u0433\u043d\u043e\u0437 \u043f\u043e\u0433\u043e\u0434\u044b \u043d\u0430 \u043d\u0435\u0434\u0435\u043b\u044e \u0441 29 \u0438\u044e\u043b\u044f \u043f\u043e 4 \u0430\u0432\u0433\u0443\u0441\u0442\u0430. \u041b\u0443\u043d\u043d\u044b\u0439 \u043a\u0430\u043b\u0435\u043d\u0434\u0430\u0440\u044c | \u041c\u0435\u0442\u0435\u043e\u0433\u0438\u0434 - \u041f\u0440\u043e\u0434\u043e\u043b\u0436\u0438\u0442\u0435\u043b\u044c\u043d\u043e\u0441\u0442\u044c: 21:13","result_snippet_text":"\u041f\u043e\u0433\u043e\u0434\u0430 \u0432 \u0411\u0435\u043b\u0430\u0440\u0443\u0441\u0438. \u0414\u043e\u0436\u0434\u0438, \u0433\u0440\u043e\u0437\u044b, \u0442\u0435\u043c\u043f\u0435\u0440\u0430\u0442\u0443\u0440\u0430 \u0432\u043e\u0437\u0434\u0443\u0445\u0430, \u043f\u043e\u0445\u043e\u043b\u043e\u0434\u0430\u043d\u0438\u0435, \u043f\u043e\u0442\u0435\u043f\u043b\u0435\u043d\u0438\u0435, \u043e\u0441\u0430\u0434\u043a\u0438 \u2013 \u0432\u0441\u0435 \u043e \u043f\u0440\u043e\u0433\u043d\u043e\u0437\u0435 \u043f\u043e\u0433\u043e...","result_warc_relative_path":null,"result_warc_byte_offset":null},{"result_id":"10ce080e-68f0-55b3-9fcc-962ed83a46b8","result_url":"https:\/\/www.youtube.com\/watch?v=mZRuM_ldeoI","result_domain":"www.youtube.com","result_domain_public_suffix":"com","result_wayback_url":"https:\/\/web.archive.org\/web\/20200209015257\/https:\/\/www.youtube.com\/watch?v=mZRuM_ldeoI","result_wayback_raw_url":"https:\/\/web.archive.org\/web\/20200209015257id_\/https:\/\/www.youtube.com\/watch?v=mZRuM_ldeoI","result_snippet_rank":14,"result_snippet_title":"\u041f\u0440\u043e\u0433\u043d\u043e\u0437 \u043f\u043e\u0433\u043e\u0434\u044b \u043d\u0430 \u043d\u0435\u0434\u0435\u043b\u044e \u0441 30 \u0441\u0435\u043d\u0442\u044f\u0431\u0440\u044f \u043f\u043e 6 \u043e\u043a\u0442\u044f\u0431\u0440\u044f. \u041b\u0443\u043d\u043d\u044b\u0439 \u043a\u0430\u043b\u0435\u043d\u0434\u0430\u0440\u044c | \u041c\u0435\u0442\u0435\u043e\u0433\u0438\u0434 - \u041f\u0440\u043e\u0434\u043e\u043b\u0436\u0438\u0442\u0435\u043b\u044c\u043d\u043e\u0441\u0442\u044c: 17:33","result_snippet_text":"\u0414\u043e\u0436\u0434\u0438, \u0433\u0440\u043e\u0437\u044b, \u0436\u0430\u0440\u0430, \u0442\u0435\u043c\u043f\u0435\u0440\u0430\u0442\u0443\u0440\u0430 \u0432\u043e\u0437\u0434\u0443\u0445\u0430, \u043f\u043e\u0445\u043e\u043b\u043e\u0434\u0430\u043d\u0438\u0435, \u043f\u043e\u0442\u0435\u043f\u043b\u0435\u043d\u0438\u0435, \u043e\u0441\u0430\u0434\u043a\u0438 \u2013 \u0432\u0441\u0435 \u043e \u043f\u0440\u043e\u0433\u043d\u043e\u0437\u0435 \u043f\u043e\u0433\u043e\u0434\u044b. \u00ab\u041c\u0435\u0442\u0435\u043e\u0433\u0438\u0434\u00bb...","result_warc_relative_path":null,"result_warc_byte_offset":null},{"result_id":"9f9a23f7-474f-5fa3-8936-439f8df50763","result_url":"https:\/\/www.youtube.com\/watch?v=pXlWrfSusuI","result_domain":"www.youtube.com","result_domain_public_suffix":"com","result_wayback_url":"https:\/\/web.archive.org\/web\/20200209015257\/https:\/\/www.youtube.com\/watch?v=pXlWrfSusuI","result_wayback_raw_url":"https:\/\/web.archive.org\/web\/20200209015257id_\/https:\/\/www.youtube.com\/watch?v=pXlWrfSusuI","result_snippet_rank":15,"result_snippet_title":"\u041f\u0440\u043e\u0433\u043d\u043e\u0437 \u043f\u043e\u0433\u043e\u0434\u044b \u043d\u0430 \u043d\u0435\u0434\u0435\u043b\u044e \u0441 25 \u043d\u043e\u044f\u0431\u0440\u044f \u043f\u043e 1 \u0434\u0435\u043a\u0430\u0431\u0440\u044f. \u041b\u0443\u043d\u043d\u044b\u0439 \u043a\u0430\u043b\u0435\u043d\u0434\u0430\u0440\u044c | \u041c\u0435\u0442\u0435\u043e\u0433\u0438\u0434 - \u041f\u0440\u043e\u0434\u043e\u043b\u0436\u0438\u0442\u0435\u043b\u044c\u043d\u043e\u0441\u0442\u044c: 18:04","result_snippet_text":"\u0414\u043e\u0436\u0434\u0438, \u0433\u0440\u043e\u0437\u044b, \u0436\u0430\u0440\u0430, \u0442\u0435\u043c\u043f\u0435\u0440\u0430\u0442\u0443\u0440\u0430 \u0432\u043e\u0437\u0434\u0443\u0445\u0430, \u043f\u043e\u0445\u043e\u043b\u043e\u0434\u0430\u043d\u0438\u0435, \u043f\u043e\u0442\u0435\u043f\u043b\u0435\u043d\u0438\u0435, \u043e\u0441\u0430\u0434\u043a\u0438 \u2013 \u0432\u0441\u0435 \u043e \u043f\u0440\u043e\u0433\u043d\u043e\u0437\u0435 \u043f\u043e\u0433\u043e\u0434\u044b. \u00ab\u041c\u0435\u0442\u0435\u043e\u0433\u0438\u0434\u00bb...","result_warc_relative_path":null,"result_warc_byte_offset":null},{"result_id":"0dc78289-ba7a-56f2-813f-17ead769debc","result_url":"https:\/\/www.youtube.com\/watch?v=X4Lrp44F4u0","result_domain":"www.youtube.com","result_domain_public_suffix":"com","result_wayback_url":"https:\/\/web.archive.org\/web\/20200209015257\/https:\/\/www.youtube.com\/watch?v=X4Lrp44F4u0","result_wayback_raw_url":"https:\/\/web.archive.org\/web\/20200209015257id_\/https:\/\/www.youtube.com\/watch?v=X4Lrp44F4u0","result_snippet_rank":16,"result_snippet_title":"\u041f\u0440\u043e\u0433\u043d\u043e\u0437 \u043f\u043e\u0433\u043e\u0434\u044b \u043d\u0430 \u043d\u0435\u0434\u0435\u043b\u044e \u0441 22 \u043f\u043e 28 \u0438\u044e\u043b\u044f. \u041b\u0443\u043d\u043d\u044b\u0439 \u043a\u0430\u043b\u0435\u043d\u0434\u0430\u0440\u044c. \u0418\u043d\u0442\u0435\u0440\u0435\u0441\u043d\u044b\u0435 \u0444\u0430\u043a\u0442\u044b | \u041c\u0435\u0442\u0435\u043e\u0433\u0438\u0434 - \u041f\u0440\u043e\u0434\u043e\u043b\u0436\u0438\u0442\u0435\u043b\u044c\u043d\u043e\u0441\u0442\u044c: 19:35","result_snippet_text":"\u041f\u043e\u0433\u043e\u0434\u0430 \u0432 \u0411\u0435\u043b\u0430\u0440\u0443\u0441\u0438. \u0414\u043e\u0436\u0434\u0438, \u0433\u0440\u043e\u0437\u044b, \u0436\u0430\u0440\u0430, \u0442\u0435\u043c\u043f\u0435\u0440\u0430\u0442\u0443\u0440\u0430 \u0432\u043e\u0437\u0434\u0443\u0445\u0430, \u043f\u043e\u0445\u043e\u043b\u043e\u0434\u0430\u043d\u0438\u0435, \u043f\u043e\u0442\u0435\u043f\u043b\u0435\u043d\u0438\u0435, \u043e\u0441\u0430\u0434\u043a\u0438 \u2013 \u0432\u0441\u0435 \u043e \u043f\u0440\u043e\u0433\u043d\u043e\u0437\u0435...","result_warc_relative_path":null,"result_warc_byte_offset":null},{"result_id":"65897d12-cb11-5f25-b4d1-004c7178cd72","result_url":"https:\/\/www.youtube.com\/watch?v=gT9iBDImfO0","result_domain":"www.youtube.com","result_domain_public_suffix":"com","result_wayback_url":"https:\/\/web.archive.org\/web\/20200209015257\/https:\/\/www.youtube.com\/watch?v=gT9iBDImfO0","result_wayback_raw_url":"https:\/\/web.archive.org\/web\/20200209015257id_\/https:\/\/www.youtube.com\/watch?v=gT9iBDImfO0","result_snippet_rank":17,"result_snippet_title":"\u041f\u0440\u043e\u0433\u043d\u043e\u0437 \u043f\u043e\u0433\u043e\u0434\u044b \u043d\u0430 \u043d\u0435\u0434\u0435\u043b\u044e \u0441 16 \u043f\u043e 22 \u0441\u0435\u043d\u0442\u044f\u0431\u0440\u044f. \u041b\u0443\u043d\u043d\u044b\u0439 \u043a\u0430\u043b\u0435\u043d\u0434\u0430\u0440\u044c | \u041c\u0435\u0442\u0435\u043e\u0433\u0438\u0434 - \u041f\u0440\u043e\u0434\u043e\u043b\u0436\u0438\u0442\u0435\u043b\u044c\u043d\u043e\u0441\u0442\u044c: 18:07","result_snippet_text":"\u0414\u043e\u0436\u0434\u0438, \u0433\u0440\u043e\u0437\u044b, \u0436\u0430\u0440\u0430, \u0442\u0435\u043c\u043f\u0435\u0440\u0430\u0442\u0443\u0440\u0430 \u0432\u043e\u0437\u0434\u0443\u0445\u0430, \u043f\u043e\u0445\u043e\u043b\u043e\u0434\u0430\u043d\u0438\u0435, \u043f\u043e\u0442\u0435\u043f\u043b\u0435\u043d\u0438\u0435, \u043e\u0441\u0430\u0434\u043a\u0438 \u2013 \u0432\u0441\u0435 \u043e \u043f\u0440\u043e\u0433\u043d\u043e\u0437\u0435 \u043f\u043e\u0433\u043e\u0434\u044b. \u00ab\u041c\u0435\u0442\u0435\u043e\u0433\u0438\u0434\u00bb...","result_warc_relative_path":null,"result_warc_byte_offset":null},{"result_id":"e5f676d5-ec57-5e18-8490-67758d2177e9","result_url":"https:\/\/www.youtube.com\/watch?v=iCcxphOwQOA","result_domain":"www.youtube.com","result_domain_public_suffix":"com","result_wayback_url":"https:\/\/web.archive.org\/web\/20200209015257\/https:\/\/www.youtube.com\/watch?v=iCcxphOwQOA","result_wayback_raw_url":"https:\/\/web.archive.org\/web\/20200209015257id_\/https:\/\/www.youtube.com\/watch?v=iCcxphOwQOA","result_snippet_rank":18,"result_snippet_title":"\u041f\u043e\u0433\u043e\u0434\u0430 \u043d\u0430 \u043d\u0435\u0434\u0435\u043b\u044e \u0441 13 \u043f\u043e 19 \u044f\u043d\u0432\u0430\u0440\u044f. \u0411\u0435\u043b\u0430\u0440\u0443\u0441\u044c. \u041f\u0440\u043e\u0433\u043d\u043e\u0437 \u043d\u0430 \u0441\u0442\u0430\u0440\u044b\u0439 \u041d\u043e\u0432\u044b\u0439 \u0433\u043e\u0434 \u0438 \u041a\u0440\u0435\u0449\u0435\u043d\u0438\u0435 | \u041c\u0435\u0442\u0435\u043e\u0433\u0438\u0434 - \u041f\u0440\u043e\u0434\u043e\u043b\u0436\u0438\u0442\u0435\u043b\u044c\u043d\u043e\u0441\u0442\u044c: 16:37","result_snippet_text":"<em>\u041f\u0440\u043e\u0433\u043d\u043e\u0437 \u043f\u043e\u0433\u043e\u0434\u044b<\/em> \u043d\u0430 \u043d\u0435\u0434\u0435\u043b\u044e \u0441 13 \u043f\u043e 19 \u044f\u043d\u0432\u0430\u0440\u044f 2020. \u0415\u0432\u0440\u043e\u043f\u0430. \u041c\u0438\u043d\u0441\u043a. \u041c\u043e\u0441\u043a\u0432\u0430. \u041a\u0438\u0435\u0432. <em>\u041f\u0440\u043e\u0433\u043d\u043e\u0437 \u043f\u043e\u0433\u043e\u0434\u044b<\/em> \u043d\u0430 \u0441\u0442\u0430\u0440\u044b\u0439...","result_warc_relative_path":null,"result_warc_byte_offset":null},{"result_id":"72230d14-cfbe-506a-8476-3436bb7ea91f","result_url":"https:\/\/www.youtube.com\/watch?v=OdWmbvr2wzE","result_domain":"www.youtube.com","result_domain_public_suffix":"com","result_wayback_url":"https:\/\/web.archive.org\/web\/20200209015257\/https:\/\/www.youtube.com\/watch?v=OdWmbvr2wzE","result_wayback_raw_url":"https:\/\/web.archive.org\/web\/20200209015257id_\/https:\/\/www.youtube.com\/watch?v=OdWmbvr2wzE","result_snippet_rank":19,"result_snippet_title":"\u041f\u0440\u043e\u0433\u043d\u043e\u0437 \u043f\u043e\u0433\u043e\u0434\u044b \u043d\u0430 \u043d\u0435\u0434\u0435\u043b\u044e \u0441 5 \u0430\u0432\u0433\u0443\u0441\u0442\u0430 \u043f\u043e 11 \u0430\u0432\u0433\u0443\u0441\u0442\u0430. \u041b\u0443\u043d\u043d\u044b\u0439 \u043a\u0430\u043b\u0435\u043d\u0434\u0430\u0440\u044c | \u041c\u0435\u0442\u0435\u043e\u0433\u0438\u0434 - \u041f\u0440\u043e\u0434\u043e\u043b\u0436\u0438\u0442\u0435\u043b\u044c\u043d\u043e\u0441\u0442\u044c: 17:35","result_snippet_text":"\u041f\u043e\u0433\u043e\u0434\u0430 \u043d\u0430 \u043d\u0435\u0434\u0435\u043b\u044e. 5 - 11 \u0430\u0432\u0433\u0443\u0441\u0442\u0430 2019. \u041f\u043e\u0433\u043e\u0434\u0430 \u0432 \u0411\u0435\u043b\u0430\u0440\u0443\u0441\u0438. <em>\u041f\u0440\u043e\u0433\u043d\u043e\u0437 \u043f\u043e\u0433\u043e\u0434\u044b<\/em>. \u041b\u0443\u043d\u043d\u044b\u0439 \u043a\u0430\u043b\u0435\u043d\u0434\u0430\u0440\u044c. \u0421\u0430\u0434 \u0438 \u043e\u0433\u043e\u0440\u043e\u0434. \u041f\u043e\u0433\u043e\u0434...","result_warc_relative_path":null,"result_warc_byte_offset":null},{"result_id":"3b28d64d-dac1-54be-b3ac-2e3c98ec0d8f","result_url":"https:\/\/www.youtube.com\/watch?v=3bqiGQpl3NU","result_domain":"www.youtube.com","result_domain_public_suffix":"com","result_wayback_url":"https:\/\/web.archive.org\/web\/20200209015257\/https:\/\/www.youtube.com\/watch?v=3bqiGQpl3NU","result_wayback_raw_url":"https:\/\/web.archive.org\/web\/20200209015257id_\/https:\/\/www.youtube.com\/watch?v=3bqiGQpl3NU","result_snippet_rank":20,"result_snippet_title":"\u041f\u0440\u043e\u0433\u043d\u043e\u0437 \u043f\u043e\u0433\u043e\u0434\u044b \u043d\u0430 \u043d\u0435\u0434\u0435\u043b\u044e \u0441 9 \u043f\u043e 15 \u0441\u0435\u043d\u0442\u044f\u0431\u0440\u044f. \u041b\u0443\u043d\u043d\u044b\u0439 \u043a\u0430\u043b\u0435\u043d\u0434\u0430\u0440\u044c | \u041c\u0435\u0442\u0435\u043e\u0433\u0438\u0434 - \u041f\u0440\u043e\u0434\u043e\u043b\u0436\u0438\u0442\u0435\u043b\u044c\u043d\u043e\u0441\u0442\u044c: 19:01","result_snippet_text":"\u0414\u043e\u0436\u0434\u0438, \u0433\u0440\u043e\u0437\u044b, \u0436\u0430\u0440\u0430, \u0442\u0435\u043c\u043f\u0435\u0440\u0430\u0442\u0443\u0440\u0430 \u0432\u043e\u0437\u0434\u0443\u0445\u0430, \u043f\u043e\u0445\u043e\u043b\u043e\u0434\u0430\u043d\u0438\u0435, \u043f\u043e\u0442\u0435\u043f\u043b\u0435\u043d\u0438\u0435, \u043e\u0441\u0430\u0434\u043a\u0438 \u2013 \u0432\u0441\u0435 \u043e \u043f\u0440\u043e\u0433\u043d\u043e\u0437\u0435 \u043f\u043e\u0433\u043e\u0434\u044b. \u00ab\u041c\u0435\u0442\u0435\u043e\u0433\u0438\u0434...","result_warc_relative_path":null,"result_warc_byte_offset":null}],"search_provider_name":"youtube","search_provider_alexa_domain":"youtube.com","search_provider_alexa_domain_public_suffix":"com","search_provider_alexa_rank":2,"search_provider_category":"media-sharing"}
