{"result_id":"ab4cd9d8-36ce-5e56-88cb-43c8dfde463f","result_url":"https:\/\/www.ttownmedia.com\/tracy_press\/our_town\/a-moon-of-a-different-color\/article_bfd21412-1eac-11e9-9bcd-fbce66d4e0cf.html","result_domain":"www.ttownmedia.com","result_domain_public_suffix":"com","result_wayback_url":"https:\/\/web.archive.org\/web\/20210227023851\/https:\/\/www.ttownmedia.com\/tracy_press\/our_town\/a-moon-of-a-different-color\/article_bfd21412-1eac-11e9-9bcd-fbce66d4e0cf.html","result_wayback_raw_url":"https:\/\/web.archive.org\/web\/20210227023851id_\/https:\/\/www.ttownmedia.com\/tracy_press\/our_town\/a-moon-of-a-different-color\/article_bfd21412-1eac-11e9-9bcd-fbce66d4e0cf.html","result_snippet_rank":32,"result_snippet_title":"A moon of a different color | Tracy Press Our Town ...","result_snippet_text":"\u201cWolf moon\u201d is a traditional name for January's full moon, and \u201c<em>blood moon<\/em>\u201d has become a popular term for a total lunar eclipse, reflecting the reddish hue.","result_warc_relative_path":null,"result_warc_byte_offset":null,"serp_id":"cff4a615-dacd-535d-a173-1e97a120323f","serp_url":"http:\/\/www.google.com\/search?num=50&hl=en&q=%22Blood+Moon%22+shelter+c","serp_timestamp":1614389931000,"serp_wayback_url":"https:\/\/web.archive.org\/web\/20210227023851\/http:\/\/www.google.com\/search?num=50&hl=en&q=%22Blood+Moon%22+shelter+c","serp_wayback_raw_url":"https:\/\/web.archive.org\/web\/20210227023851id_\/http:\/\/www.google.com\/search?num=50&hl=en&q=%22Blood+Moon%22+shelter+c","serp_page":null,"serp_offset":null,"serp_query_text_url":"\"Blood Moon\" shelter c","serp_query_text_url_language":null,"serp_query_text_html":"\"Blood Moon\" shelter c","serp_warc_relative_path":"focused\/archived-raw-serps\/google\/google.com%2Fsearch%3F\/0000001891\/0000000000.warc.gz","serp_warc_byte_offset":4424958,"search_provider_name":"google","search_provider_alexa_domain":"google.com","search_provider_alexa_domain_public_suffix":"com","search_provider_alexa_rank":1,"search_provider_category":"search-engine"}
