serp_id,serp_url,serp_timestamp,serp_wayback_url,serp_wayback_raw_url,serp_page,serp_offset,serp_query_text_url,serp_query_text_url_language,serp_query_text_html,serp_warc_relative_path,serp_warc_byte_offset,serp_results,search_provider_name,search_provider_alexa_domain,search_provider_alexa_domain_public_suffix,search_provider_alexa_rank,search_provider_category
454ad799-5138-5692-ba80-f09b2c48ffbc,https://www.youtube.com/results?search_query=%D0%BC%D0%B5%D1%82%D0%B0%D0%BB%D0%BB%D0%BE%D0%B8%D1%81%D0%BA%D0%B0%D1%82%D0%B5%D0%BB%D1%8C+md+3010,2019-08-14 14:15:55,https://web.archive.org/web/20190814161555/https://www.youtube.com/results?search_query=%D0%BC%D0%B5%D1%82%D0%B0%D0%BB%D0%BB%D0%BE%D0%B8%D1%81%D0%BA%D0%B0%D1%82%D0%B5%D0%BB%D1%8C+md+3010,https://web.archive.org/web/20190814161555id_/https://www.youtube.com/results?search_query=%D0%BC%D0%B5%D1%82%D0%B0%D0%BB%D0%BB%D0%BE%D0%B8%D1%81%D0%BA%D0%B0%D1%82%D0%B5%D0%BB%D1%8C+md+3010,,,металлоискатель md 3010,,металлоискатель md 3010,focused/archived-raw-serps/youtube/youtube.com%2Fresults%3F/0000000607/0000000000.warc.gz,123103,"[{'result_id': '0dc09184-2be7-52d9-9704-0e52bfaff8e2', 'result_url': 'https://www.youtube.com/watch?v=Zl2LGGiQKX0', 'result_domain': 'www.youtube.com', 'result_domain_public_suffix': 'com', 'result_wayback_url': 'https://web.archive.org/web/20190814161555/https://www.youtube.com/watch?v=Zl2LGGiQKX0', 'result_wayback_raw_url': 'https://web.archive.org/web/20190814161555id_/https://www.youtube.com/watch?v=Zl2LGGiQKX0', 'result_snippet_rank': 1, 'result_snippet_title': 'Тест металлоискателя MD-3010II - Продолжительность: 5:21', 'result_snippet_text': 'Привет, в этом видео мы протестировали дешевый китайский <em>металлоискатель MD</em>-<em>3010II</em>. Результаты не впеча...', 'result_warc_relative_path': None, 'result_warc_byte_offset': None}
 {'result_id': 'e55f29b1-05a2-5b68-bcd2-868b68d95f0d', 'result_url': 'https://www.youtube.com/watch?v=1buiGmc0OI0', 'result_domain': 'www.youtube.com', 'result_domain_public_suffix': 'com', 'result_wayback_url': 'https://web.archive.org/web/20190814161555/https://www.youtube.com/watch?v=1buiGmc0OI0', 'result_wayback_raw_url': 'https://web.archive.org/web/20190814161555id_/https://www.youtube.com/watch?v=1buiGmc0OI0', 'result_snippet_rank': 2, 'result_snippet_title': 'Китайский металлоискатель md-3010 - Продолжительность: 15:03', 'result_snippet_text': 'Для всех кладоискателей и любителей поиска монет, мы сделали видео обзор, вершины китайской инженерной...', 'result_warc_relative_path': None, 'result_warc_byte_offset': None}
 {'result_id': '3a3392bb-ef7b-5f3d-acf0-0d6627c88d52', 'result_url': 'https://www.youtube.com/watch?v=2YUPCMq4DII', 'result_domain': 'www.youtube.com', 'result_domain_public_suffix': 'com', 'result_wayback_url': 'https://web.archive.org/web/20190814161555/https://www.youtube.com/watch?v=2YUPCMq4DII', 'result_wayback_raw_url': 'https://web.archive.org/web/20190814161555id_/https://www.youtube.com/watch?v=2YUPCMq4DII', 'result_snippet_rank': 3, 'result_snippet_title': 'Китайский металлоискатель md-3010 ч. 2 - Продолжительность: 8:36', 'result_snippet_text': 'Китайский металлоискатель md 3010, один из самых дешевых металлоискателей продеваемых в России. Это второе...', 'result_warc_relative_path': None, 'result_warc_byte_offset': None}
 {'result_id': 'a23e7d41-bb5e-555a-9e94-897d1cf9b0e1', 'result_url': 'https://www.youtube.com/watch?v=6BXJNTcYaxk', 'result_domain': 'www.youtube.com', 'result_domain_public_suffix': 'com', 'result_wayback_url': 'https://web.archive.org/web/20190814161555/https://www.youtube.com/watch?v=6BXJNTcYaxk', 'result_wayback_raw_url': 'https://web.archive.org/web/20190814161555id_/https://www.youtube.com/watch?v=6BXJNTcYaxk', 'result_snippet_rank': 4, 'result_snippet_title': 'MD-9020C обновлённый MD-3010ii.MD-9020C updated MD-3010ii - Продолжительность: 10:16', 'result_snippet_text': 'В этом видео я расскажу обо дном из Китайских приборов под названием MD-9020C,именно И за таких приборов сформи...', 'result_warc_relative_path': None, 'result_warc_byte_offset': None}
 {'result_id': '7be3c959-f302-5eed-9ca4-fd5095ba188e', 'result_url': 'https://www.youtube.com/watch?v=5pNzBIeGrGw', 'result_domain': 'www.youtube.com', 'result_domain_public_suffix': 'com', 'result_wayback_url': 'https://web.archive.org/web/20190814161555/https://www.youtube.com/watch?v=5pNzBIeGrGw', 'result_wayback_raw_url': 'https://web.archive.org/web/20190814161555id_/https://www.youtube.com/watch?v=5pNzBIeGrGw', 'result_snippet_rank': 5, 'result_snippet_title': 'тест металлоискателя md 3010ii - Продолжительность: 12:15', 'result_snippet_text': 'здравствуйте,купили на ebay  металлоискатель MD 3010II (НЕ ДОРОГОЙ) и решили его протестировать .Результаты не...', 'result_warc_relative_path': None, 'result_warc_byte_offset': None}
 {'result_id': '1bc3d5ed-a511-57cb-9513-89a3ac9a4006', 'result_url': 'https://www.youtube.com/watch?v=EA94WvKHF2w', 'result_domain': 'www.youtube.com', 'result_domain_public_suffix': 'com', 'result_wayback_url': 'https://web.archive.org/web/20190814161555/https://www.youtube.com/watch?v=EA94WvKHF2w', 'result_wayback_raw_url': 'https://web.archive.org/web/20190814161555id_/https://www.youtube.com/watch?v=EA94WvKHF2w', 'result_snippet_rank': 6, 'result_snippet_title': 'МД-3010II ОБЗОР - Продолжительность: 4:59', 'result_snippet_text': 'Привет друзья. Сегодня хочу рассказать о китайском <em>металлоискателе</em> мд <em>3010</em> . Это видео уже с загрузки...', 'result_warc_relative_path': None, 'result_warc_byte_offset': None}
 {'result_id': '8f6116de-4788-52cd-8184-f29c8a1ff4b6', 'result_url': 'https://www.youtube.com/watch?v=P3Vr8zNGAbk', 'result_domain': 'www.youtube.com', 'result_domain_public_suffix': 'com', 'result_wayback_url': 'https://web.archive.org/web/20190814161555/https://www.youtube.com/watch?v=P3Vr8zNGAbk', 'result_wayback_raw_url': 'https://web.archive.org/web/20190814161555id_/https://www.youtube.com/watch?v=P3Vr8zNGAbk', 'result_snippet_rank': 7, 'result_snippet_title': 'Поиск с MD3010II День Пятака - Продолжительность: 17:00', 'result_snippet_text': 'Полевые испытания модернизированного китайца MD3010II. Ходячка и пули. Пятаки так и перли)видео про пинпойтер:...', 'result_warc_relative_path': None, 'result_warc_byte_offset': None}
 {'result_id': '7abdb01a-51a3-5b41-a7bc-b56501b18762', 'result_url': 'https://www.youtube.com/watch?v=kZRUWo6d3jA', 'result_domain': 'www.youtube.com', 'result_domain_public_suffix': 'com', 'result_wayback_url': 'https://web.archive.org/web/20190814161555/https://www.youtube.com/watch?v=kZRUWo6d3jA', 'result_wayback_raw_url': 'https://web.archive.org/web/20190814161555id_/https://www.youtube.com/watch?v=kZRUWo6d3jA', 'result_snippet_rank': 8, 'result_snippet_title': 'металлоискатель мд 3010 ii - Продолжительность: 15:58', 'result_snippet_text': 'самый простой китайский <em>металлоискатель</em> MD3010II.', 'result_warc_relative_path': None, 'result_warc_byte_offset': None}
 {'result_id': 'e6482d4c-8637-5613-b595-e10ab4cf8ec6', 'result_url': 'https://www.youtube.com/watch?v=oIotmdvE6-Y', 'result_domain': 'www.youtube.com', 'result_domain_public_suffix': 'com', 'result_wayback_url': 'https://web.archive.org/web/20190814161555/https://www.youtube.com/watch?v=oIotmdvE6-Y', 'result_wayback_raw_url': 'https://web.archive.org/web/20190814161555id_/https://www.youtube.com/watch?v=oIotmdvE6-Y', 'result_snippet_rank': 9, 'result_snippet_title': 'Коп с MD 3010i железо, ходячка, советы - Продолжительность: 7:32', 'result_snippet_text': 'Коп с <em>MD</em> 3010i.', 'result_warc_relative_path': None, 'result_warc_byte_offset': None}
 {'result_id': '712fa145-261d-553c-8c7a-07f88756e376', 'result_url': 'https://www.youtube.com/watch?v=nB01T9zABPM', 'result_domain': 'www.youtube.com', 'result_domain_public_suffix': 'com', 'result_wayback_url': 'https://web.archive.org/web/20190814161555/https://www.youtube.com/watch?v=nB01T9zABPM', 'result_wayback_raw_url': 'https://web.archive.org/web/20190814161555id_/https://www.youtube.com/watch?v=nB01T9zABPM', 'result_snippet_rank': 10, 'result_snippet_title': 'Поиск с MD 3010 - Продолжительность: 17:28', 'result_snippet_text': None, 'result_warc_relative_path': None, 'result_warc_byte_offset': None}
 {'result_id': '105e85ff-b625-540e-9976-92d7a6642b6c', 'result_url': 'https://www.youtube.com/watch?v=gWOxnPn4P-Q', 'result_domain': 'www.youtube.com', 'result_domain_public_suffix': 'com', 'result_wayback_url': 'https://web.archive.org/web/20190814161555/https://www.youtube.com/watch?v=gWOxnPn4P-Q', 'result_wayback_raw_url': 'https://web.archive.org/web/20190814161555id_/https://www.youtube.com/watch?v=gWOxnPn4P-Q', 'result_snippet_rank': 11, 'result_snippet_title': 'Марш-бросок с MD3010ii в поля - Продолжительность: 13:23', 'result_snippet_text': 'Выходной марш-бросок за окружную дорогу. Кратко рассказал о настройке детектора, нашел лисички кусок, рос....', 'result_warc_relative_path': None, 'result_warc_byte_offset': None}
 {'result_id': 'ac7902be-ad73-5dd1-9ba5-bff68a1e1f03', 'result_url': 'https://www.youtube.com/watch?v=o1c6rUl-nnY', 'result_domain': 'www.youtube.com', 'result_domain_public_suffix': 'com', 'result_wayback_url': 'https://web.archive.org/web/20190814161555/https://www.youtube.com/watch?v=o1c6rUl-nnY', 'result_wayback_raw_url': 'https://web.archive.org/web/20190814161555id_/https://www.youtube.com/watch?v=o1c6rUl-nnY', 'result_snippet_rank': 12, 'result_snippet_title': 'Металлоискатель из Banggood и обман в китайском магазине - Продолжительность: 7:26', 'result_snippet_text': '<em>Металлоискатель</em> позволяет найти металлы различных типов и приблизительно определить их состав\xa0...', 'result_warc_relative_path': None, 'result_warc_byte_offset': None}
 {'result_id': 'c7efcf16-5c42-5c6e-9da2-b791aa41eeb1', 'result_url': 'https://www.youtube.com/watch?v=d0Y0_sAWdPE', 'result_domain': 'www.youtube.com', 'result_domain_public_suffix': 'com', 'result_wayback_url': 'https://web.archive.org/web/20190814161555/https://www.youtube.com/watch?v=d0Y0_sAWdPE', 'result_wayback_raw_url': 'https://web.archive.org/web/20190814161555id_/https://www.youtube.com/watch?v=d0Y0_sAWdPE', 'result_snippet_rank': 13, 'result_snippet_title': 'новый тест мд3010 ии - Продолжительность: 6:37', 'result_snippet_text': 'добавил вольты изменения не те что хотелось.))))))))', 'result_warc_relative_path': None, 'result_warc_byte_offset': None}
 {'result_id': 'e00da515-0ed1-53bf-a4db-a49130f07017', 'result_url': 'https://www.youtube.com/watch?v=0vxdNBUui6k', 'result_domain': 'www.youtube.com', 'result_domain_public_suffix': 'com', 'result_wayback_url': 'https://web.archive.org/web/20190814161555/https://www.youtube.com/watch?v=0vxdNBUui6k', 'result_wayback_raw_url': 'https://web.archive.org/web/20190814161555id_/https://www.youtube.com/watch?v=0vxdNBUui6k', 'result_snippet_rank': 14, 'result_snippet_title': 'Обзор Китайского металлоискателя MD-3010ii Overview of the Chinese metal detector MD-3010 - Продолжительность: 12:31', 'result_snippet_text': 'Overview of the Chinese metal detector MD-3010iiОбзор Китайского металлоискателя MD-3010iiИщешь металлоискателей, созданных ...', 'result_warc_relative_path': None, 'result_warc_byte_offset': None}
 {'result_id': '62739c98-628b-5d23-a169-e356ca08d879', 'result_url': 'https://www.youtube.com/watch?v=Xk8py5s597A', 'result_domain': 'www.youtube.com', 'result_domain_public_suffix': 'com', 'result_wayback_url': 'https://web.archive.org/web/20190814161555/https://www.youtube.com/watch?v=Xk8py5s597A', 'result_wayback_raw_url': 'https://web.archive.org/web/20190814161555id_/https://www.youtube.com/watch?v=Xk8py5s597A', 'result_snippet_rank': 15, 'result_snippet_title': 'MD3010 Китайский металлоискатель - Продолжительность: 13:07', 'result_snippet_text': '<em>MD 3010</em> китайский <em>металлоискатель</em>, распаковка и краткий обзор. Покупал здесь http://ali.pub/izau5 Заказать това...', 'result_warc_relative_path': None, 'result_warc_byte_offset': None}
 {'result_id': '2874c1fd-05b3-53c7-8696-c0d688e9c408', 'result_url': 'https://www.youtube.com/watch?v=Ohj4Z-J5dfs', 'result_domain': 'www.youtube.com', 'result_domain_public_suffix': 'com', 'result_wayback_url': 'https://web.archive.org/web/20190814161555/https://www.youtube.com/watch?v=Ohj4Z-J5dfs', 'result_wayback_raw_url': 'https://web.archive.org/web/20190814161555id_/https://www.youtube.com/watch?v=Ohj4Z-J5dfs', 'result_snippet_rank': 16, 'result_snippet_title': 'Настройка MD 3010 PiP ПинПоинт tuning - Продолжительность: 2:33', 'result_snippet_text': 'Чтобы настроить точно этот <em>металлоискатель</em> на определение цели, нужно снять верхнюю крышку батарейног...', 'result_warc_relative_path': None, 'result_warc_byte_offset': None}
 {'result_id': 'e334886c-879a-53c8-acef-d92e377d2514', 'result_url': 'https://www.youtube.com/watch?v=awKKMFwr0CQ', 'result_domain': 'www.youtube.com', 'result_domain_public_suffix': 'com', 'result_wayback_url': 'https://web.archive.org/web/20190814161555/https://www.youtube.com/watch?v=awKKMFwr0CQ', 'result_wayback_raw_url': 'https://web.archive.org/web/20190814161555id_/https://www.youtube.com/watch?v=awKKMFwr0CQ', 'result_snippet_rank': 17, 'result_snippet_title': 'MD 3010 ii - Продолжительность: 1:46', 'result_snippet_text': '<em>MD 3010</em> ii.', 'result_warc_relative_path': None, 'result_warc_byte_offset': None}
 {'result_id': 'b9e7407e-863b-535c-b9b9-7cd580f7266e', 'result_url': 'https://www.youtube.com/watch?v=Touimy5GshI', 'result_domain': 'www.youtube.com', 'result_domain_public_suffix': 'com', 'result_wayback_url': 'https://web.archive.org/web/20190814161555/https://www.youtube.com/watch?v=Touimy5GshI', 'result_wayback_raw_url': 'https://web.archive.org/web/20190814161555id_/https://www.youtube.com/watch?v=Touimy5GshI', 'result_snippet_rank': 18, 'result_snippet_title': 'Обзор металлоискателя MD 3010 II, принципы работы прибором и исключение глюков - Продолжительность: 6:58', 'result_snippet_text': 'При возникновении ложных (фантомных) сигналов, уменьшаем чувствительность в настройках! Можно даже до един...', 'result_warc_relative_path': None, 'result_warc_byte_offset': None}
 {'result_id': '946e8fbd-7556-5b94-93e8-4b1ec9a48ea3', 'result_url': 'https://www.youtube.com/watch?v=-luPxIHEBgs', 'result_domain': 'www.youtube.com', 'result_domain_public_suffix': 'com', 'result_wayback_url': 'https://web.archive.org/web/20190814161555/https://www.youtube.com/watch?v=-luPxIHEBgs', 'result_wayback_raw_url': 'https://web.archive.org/web/20190814161555id_/https://www.youtube.com/watch?v=-luPxIHEBgs', 'result_snippet_rank': 19, 'result_snippet_title': 'Металлоискатель MD3010ii,обзор  с чувствительностью - Продолжительность: 5:10', 'result_snippet_text': 'продолжения ,2 часть, инфо об аккумуляторах с ноутбука ,и мониторинг чувствительности к разным металлам...', 'result_warc_relative_path': None, 'result_warc_byte_offset': None}
 {'result_id': '08b7c94a-37e1-5a01-aac7-212b892001d4', 'result_url': 'https://www.youtube.com/watch?v=nGLef53jn14', 'result_domain': 'www.youtube.com', 'result_domain_public_suffix': 'com', 'result_wayback_url': 'https://web.archive.org/web/20190814161555/https://www.youtube.com/watch?v=nGLef53jn14', 'result_wayback_raw_url': 'https://web.archive.org/web/20190814161555id_/https://www.youtube.com/watch?v=nGLef53jn14', 'result_snippet_rank': 20, 'result_snippet_title': 'MD3010ii доработка по мелочам (часть1) - Продолжительность: 3:52', 'result_snippet_text': 'Доработка <em>металлоискателя</em> MD3010ii. Часть 1. Вскрытие катушки, подбор баланса переменником на катушке и...', 'result_warc_relative_path': None, 'result_warc_byte_offset': None}]",youtube,youtube.com,com,2,media-sharing
4a40e910-85d3-5ad1-92aa-b417a9df4aa4,https://www.youtube.com/results?search_query=%D0%B4%D1%8B%D0%BC%D0%BE%D0%B3%D0%B5%D0%BD%D0%B5%D1%80%D0%B0%D1%82%D0%BE%D1%80+g-smoke,2019-08-26 11:27:35,https://web.archive.org/web/20190826132735/https://www.youtube.com/results?search_query=%D0%B4%D1%8B%D0%BC%D0%BE%D0%B3%D0%B5%D0%BD%D0%B5%D1%80%D0%B0%D1%82%D0%BE%D1%80+g-smoke,https://web.archive.org/web/20190826132735id_/https://www.youtube.com/results?search_query=%D0%B4%D1%8B%D0%BC%D0%BE%D0%B3%D0%B5%D0%BD%D0%B5%D1%80%D0%B0%D1%82%D0%BE%D1%80+g-smoke,,,дымогенератор g-smoke,kk,дымогенератор g-smoke,focused/archived-raw-serps/youtube/youtube.com%2Fresults%3F/0000000413/0000000000.warc.gz,147192,"[{'result_id': '0e6decd2-0e4a-58c7-89f5-4e89f1402a63', 'result_url': 'https://www.youtube.com/watch?v=ael_X8V58_I', 'result_domain': 'www.youtube.com', 'result_domain_public_suffix': 'com', 'result_wayback_url': 'https://web.archive.org/web/20190826132735/https://www.youtube.com/watch?v=ael_X8V58_I', 'result_wayback_raw_url': 'https://web.archive.org/web/20190826132735id_/https://www.youtube.com/watch?v=ael_X8V58_I', 'result_snippet_rank': 1, 'result_snippet_title': 'Работа дымогенератора G-SMOKE - Продолжительность: 3:40', 'result_snippet_text': 'Подготовка к работе и запуск автомобильного <em>дымогенератора G-SMOKE</em>.', 'result_warc_relative_path': None, 'result_warc_byte_offset': None}
 {'result_id': 'da6a079b-e8b8-504c-938b-b3e38a795678', 'result_url': 'https://www.youtube.com/watch?v=jpuvnmEI8E4', 'result_domain': 'www.youtube.com', 'result_domain_public_suffix': 'com', 'result_wayback_url': 'https://web.archive.org/web/20190826132735/https://www.youtube.com/watch?v=jpuvnmEI8E4', 'result_wayback_raw_url': 'https://web.archive.org/web/20190826132735id_/https://www.youtube.com/watch?v=jpuvnmEI8E4', 'result_snippet_rank': 2, 'result_snippet_title': 'сравнение автомобильных дымогенераторов ГД1,  G Smoke, Малогабаритный автомобильный генератор дыма. - Продолжительность: 9:36', 'result_snippet_text': 'Посмотреть все товары на сайте http://xn--327-qdd4ag.xn--p1ai/drugoe-oborudovanie На видео представлено краткое\xa0...', 'result_warc_relative_path': None, 'result_warc_byte_offset': None}
 {'result_id': 'b461dc54-5aeb-588b-a7ab-8546afae329e', 'result_url': 'https://www.youtube.com/watch?v=ZwNa65_QiIg', 'result_domain': 'www.youtube.com', 'result_domain_public_suffix': 'com', 'result_wayback_url': 'https://web.archive.org/web/20190826132735/https://www.youtube.com/watch?v=ZwNa65_QiIg', 'result_wayback_raw_url': 'https://web.archive.org/web/20190826132735id_/https://www.youtube.com/watch?v=ZwNa65_QiIg', 'result_snippet_rank': 3, 'result_snippet_title': 'дымогенератор G Smoke - Продолжительность: 7:11', 'result_snippet_text': 'Тестер утечек систем впуска и выпуска отработавших газов, вакуумных систем и других элементов автомобиля-...', 'result_warc_relative_path': None, 'result_warc_byte_offset': None}
 {'result_id': '021633c9-d889-5ebf-95a1-45ecb94c7221', 'result_url': 'https://www.youtube.com/watch?v=OeTHAWLTan4', 'result_domain': 'www.youtube.com', 'result_domain_public_suffix': 'com', 'result_wayback_url': 'https://web.archive.org/web/20190826132735/https://www.youtube.com/watch?v=OeTHAWLTan4', 'result_wayback_raw_url': 'https://web.archive.org/web/20190826132735id_/https://www.youtube.com/watch?v=OeTHAWLTan4', 'result_snippet_rank': 4, 'result_snippet_title': 'Применение дымогенератора G Smoke на автомобиле - Продолжительность: 3:14', 'result_snippet_text': 'Товар на сайте https://елм327.рф/drugoe-oborudovanie/dimogenerator-smc-<em>smoke</em>.html Наш постоянный покупатель прислал\xa0...', 'result_warc_relative_path': None, 'result_warc_byte_offset': None}
 {'result_id': '931473d9-dd41-5a36-902b-2ee11cf59d23', 'result_url': 'https://www.youtube.com/watch?v=7s8s2RNExVA', 'result_domain': 'www.youtube.com', 'result_domain_public_suffix': 'com', 'result_wayback_url': 'https://web.archive.org/web/20190826132735/https://www.youtube.com/watch?v=7s8s2RNExVA', 'result_wayback_raw_url': 'https://web.archive.org/web/20190826132735id_/https://www.youtube.com/watch?v=7s8s2RNExVA', 'result_snippet_rank': 5, 'result_snippet_title': 'Дымогенератор G Smoke и его комплектующие - Продолжительность: 3:40', 'result_snippet_text': 'Описание комплектности автомобильного <em>дымогенератора G-SMOKE</em>, основных узлов и опций.', 'result_warc_relative_path': None, 'result_warc_byte_offset': None}
 {'result_id': '39cc1f4f-fd67-5c47-a657-b54cd7853268', 'result_url': 'https://www.youtube.com/watch?v=zizFchcikDQ', 'result_domain': 'www.youtube.com', 'result_domain_public_suffix': 'com', 'result_wayback_url': 'https://web.archive.org/web/20190826132735/https://www.youtube.com/watch?v=zizFchcikDQ', 'result_wayback_raw_url': 'https://web.archive.org/web/20190826132735id_/https://www.youtube.com/watch?v=zizFchcikDQ', 'result_snippet_rank': 6, 'result_snippet_title': 'Мотор-Мастер: Дымогенератор ГД-02 - Продолжительность: 15:54', 'result_snippet_text': 'Обзор нового генератора дыма от компании Мотор-Мастер.', 'result_warc_relative_path': None, 'result_warc_byte_offset': None}
 {'result_id': 'a0e192c2-db94-591d-92de-85cc2f850e9c', 'result_url': 'https://www.youtube.com/watch?v=rgqmnMCgcPI', 'result_domain': 'www.youtube.com', 'result_domain_public_suffix': 'com', 'result_wayback_url': 'https://web.archive.org/web/20190826132735/https://www.youtube.com/watch?v=rgqmnMCgcPI', 'result_wayback_raw_url': 'https://web.archive.org/web/20190826132735id_/https://www.youtube.com/watch?v=rgqmnMCgcPI', 'result_snippet_rank': 7, 'result_snippet_title': 'Дымогенератор G-Smoke! Лучший помощник диагноста автомобиля! - Продолжительность: 1:24', 'result_snippet_text': 'https://motorstate.com.ua/product-44402-motorstateКупить по выгодной цене дымогенератор G-Smoke - Лучший помощник диагноста ...', 'result_warc_relative_path': None, 'result_warc_byte_offset': None}
 {'result_id': '9bc58a21-8d1d-5ac3-8091-ecf8c955b779', 'result_url': 'https://www.youtube.com/watch?v=McVJLiUhUpU', 'result_domain': 'www.youtube.com', 'result_domain_public_suffix': 'com', 'result_wayback_url': 'https://web.archive.org/web/20190826132735/https://www.youtube.com/watch?v=McVJLiUhUpU', 'result_wayback_raw_url': 'https://web.archive.org/web/20190826132735id_/https://www.youtube.com/watch?v=McVJLiUhUpU', 'result_snippet_rank': 8, 'result_snippet_title': 'Отзыв Motorstate - G-Smoke Дымогенератор Автомобильный - Продолжительность: 5:08', 'result_snippet_text': 'Купить по выгодной цене Дымогенератор автомобильныйhttps://motorstate.com.ua/product-44402-motorstateДымогенератор G-Smoke ...', 'result_warc_relative_path': None, 'result_warc_byte_offset': None}
 {'result_id': '35ac6448-c0d0-588c-8cdc-1d63906c96d9', 'result_url': 'https://www.youtube.com/watch?v=SBE-29vTWsw', 'result_domain': 'www.youtube.com', 'result_domain_public_suffix': 'com', 'result_wayback_url': 'https://web.archive.org/web/20190826132735/https://www.youtube.com/watch?v=SBE-29vTWsw', 'result_wayback_raw_url': 'https://web.archive.org/web/20190826132735id_/https://www.youtube.com/watch?v=SBE-29vTWsw', 'result_snippet_rank': 9, 'result_snippet_title': 'Дымогенератор - Продолжительность: 2:29', 'result_snippet_text': 'Генератор дыма «<em>G</em>-<em>Smoke</em>”', 'result_warc_relative_path': None, 'result_warc_byte_offset': None}
 {'result_id': '08dc9dc5-cbf0-506c-958d-aa7ad8e0afa6', 'result_url': 'https://www.youtube.com/watch?v=0E2Bz7qNkUc', 'result_domain': 'www.youtube.com', 'result_domain_public_suffix': 'com', 'result_wayback_url': 'https://web.archive.org/web/20190826132735/https://www.youtube.com/watch?v=0E2Bz7qNkUc', 'result_wayback_raw_url': 'https://web.archive.org/web/20190826132735id_/https://www.youtube.com/watch?v=0E2Bz7qNkUc', 'result_snippet_rank': 10, 'result_snippet_title': 'Обзор дымогенератора G-Smoke - Продолжительность: 1:40', 'result_snippet_text': 'Обзор <em>дымогенератора G-Smoke</em>. G-Smoke - дымогенератор для проверки герметичности узлов и систем, влияющих на\xa0...', 'result_warc_relative_path': None, 'result_warc_byte_offset': None}
 {'result_id': 'f8dc6b79-e591-561f-a832-6fc0b88ff9ec', 'result_url': 'https://www.youtube.com/watch?v=9ZfqaTbpqhU', 'result_domain': 'www.youtube.com', 'result_domain_public_suffix': 'com', 'result_wayback_url': 'https://web.archive.org/web/20190826132735/https://www.youtube.com/watch?v=9ZfqaTbpqhU', 'result_wayback_raw_url': 'https://web.archive.org/web/20190826132735id_/https://www.youtube.com/watch?v=9ZfqaTbpqhU', 'result_snippet_rank': 11, 'result_snippet_title': 'G Smoke Автомобильный генератор дыма - Продолжительность: 2:41', 'result_snippet_text': '<em>Дымогенератор</em> для поиска утечек. Производство Россия. Гарантия 1 год. Надежный проверенный генератор...', 'result_warc_relative_path': None, 'result_warc_byte_offset': None}
 {'result_id': '102b7d07-37e1-571a-b3b6-c6051a88fa43', 'result_url': 'https://www.youtube.com/watch?v=Tk8E0vL_FyI', 'result_domain': 'www.youtube.com', 'result_domain_public_suffix': 'com', 'result_wayback_url': 'https://web.archive.org/web/20190826132735/https://www.youtube.com/watch?v=Tk8E0vL_FyI', 'result_wayback_raw_url': 'https://web.archive.org/web/20190826132735id_/https://www.youtube.com/watch?v=Tk8E0vL_FyI', 'result_snippet_rank': 12, 'result_snippet_title': 'Дымогенератор 2 - Продолжительность: 7:57', 'result_snippet_text': '<em>Дымогенератор</em> 2.', 'result_warc_relative_path': None, 'result_warc_byte_offset': None}
 {'result_id': 'e1b1579b-d417-5be5-a8d7-a8d32da3a2ba', 'result_url': 'https://www.youtube.com/watch?v=UkZJKGY725s', 'result_domain': 'www.youtube.com', 'result_domain_public_suffix': 'com', 'result_wayback_url': 'https://web.archive.org/web/20190826132735/https://www.youtube.com/watch?v=UkZJKGY725s', 'result_wayback_raw_url': 'https://web.archive.org/web/20190826132735id_/https://www.youtube.com/watch?v=UkZJKGY725s', 'result_snippet_rank': 13, 'result_snippet_title': 'Ремзона. Генератор дыма. Поиск подсосов воздуха во впуске. - Продолжительность: 5:17', 'result_snippet_text': None, 'result_warc_relative_path': None, 'result_warc_byte_offset': None}
 {'result_id': '007ff529-97fd-5dcd-ab11-e8025e8f35e6', 'result_url': 'https://www.youtube.com/watch?v=izWBe01m7Vo', 'result_domain': 'www.youtube.com', 'result_domain_public_suffix': 'com', 'result_wayback_url': 'https://web.archive.org/web/20190826132735/https://www.youtube.com/watch?v=izWBe01m7Vo', 'result_wayback_raw_url': 'https://web.archive.org/web/20190826132735id_/https://www.youtube.com/watch?v=izWBe01m7Vo', 'result_snippet_rank': 14, 'result_snippet_title': 'Собираем генератор дыма для диагностики инжекторных автомобилей - Продолжительность: 11:52', 'result_snippet_text': None, 'result_warc_relative_path': None, 'result_warc_byte_offset': None}
 {'result_id': '35c58eb0-9d19-5f27-86d6-d8c9f5e92e4c', 'result_url': 'https://www.youtube.com/watch?v=3-xKJMSibZw', 'result_domain': 'www.youtube.com', 'result_domain_public_suffix': 'com', 'result_wayback_url': 'https://web.archive.org/web/20190826132735/https://www.youtube.com/watch?v=3-xKJMSibZw', 'result_wayback_raw_url': 'https://web.archive.org/web/20190826132735id_/https://www.youtube.com/watch?v=3-xKJMSibZw', 'result_snippet_rank': 15, 'result_snippet_title': 'Авто - дымогенератор - Продолжительность: 6:56', 'result_snippet_text': 'Один из вариантов самостоятельного изготовления <em>дымогенератора</em> с использованием шприца для смазки....', 'result_warc_relative_path': None, 'result_warc_byte_offset': None}
 {'result_id': '5f482f88-7a51-5d36-b9ed-3dfb78e4690c', 'result_url': 'https://www.youtube.com/watch?v=GikC3POfNUA', 'result_domain': 'www.youtube.com', 'result_domain_public_suffix': 'com', 'result_wayback_url': 'https://web.archive.org/web/20190826132735/https://www.youtube.com/watch?v=GikC3POfNUA', 'result_wayback_raw_url': 'https://web.archive.org/web/20190826132735id_/https://www.youtube.com/watch?v=GikC3POfNUA', 'result_snippet_rank': 16, 'result_snippet_title': 'Генератор дыма ""G-Smoke"" с комплектом пробок - Продолжительность: 1:02', 'result_snippet_text': 'Ссылка на товар в нашем магазине: http://eobd.ru/generator-dyma-<em>g</em>-<em>smoke</em>-s-komplektom-probok.', 'result_warc_relative_path': None, 'result_warc_byte_offset': None}
 {'result_id': 'a0842186-369b-5677-bd58-88d49131dcf6', 'result_url': 'https://www.youtube.com/watch?v=PkV3UzGDN6o', 'result_domain': 'www.youtube.com', 'result_domain_public_suffix': 'com', 'result_wayback_url': 'https://web.archive.org/web/20190826132735/https://www.youtube.com/watch?v=PkV3UzGDN6o', 'result_wayback_raw_url': 'https://web.archive.org/web/20190826132735id_/https://www.youtube.com/watch?v=PkV3UzGDN6o', 'result_snippet_rank': 17, 'result_snippet_title': 'Обзор и распаковка дымогенератора g-smoke генератор дыма - Продолжительность: 1:51', 'result_snippet_text': 'Обзор <em>дымогенератора g-smoke</em> распаковка и обзор комплектации прибора. Азбука-автосервиса.рф автосервисно...', 'result_warc_relative_path': None, 'result_warc_byte_offset': None}
 {'result_id': '7c6f855e-7e5a-5af1-bdfb-e0f390f19e9d', 'result_url': 'https://www.youtube.com/watch?v=qAXS9PlYEL4', 'result_domain': 'www.youtube.com', 'result_domain_public_suffix': 'com', 'result_wayback_url': 'https://web.archive.org/web/20190826132735/https://www.youtube.com/watch?v=qAXS9PlYEL4', 'result_wayback_raw_url': 'https://web.archive.org/web/20190826132735id_/https://www.youtube.com/watch?v=qAXS9PlYEL4', 'result_snippet_rank': 18, 'result_snippet_title': 'Мега дымогенератор обзор деталей!Mega Smoke generator. - Продолжительность: 5:39', 'result_snippet_text': 'Разборка на части.', 'result_warc_relative_path': None, 'result_warc_byte_offset': None}
 {'result_id': '0663dc65-26d6-5959-b942-0c8d993341a3', 'result_url': 'https://www.youtube.com/watch?v=IMEfeHRrbQo', 'result_domain': 'www.youtube.com', 'result_domain_public_suffix': 'com', 'result_wayback_url': 'https://web.archive.org/web/20190826132735/https://www.youtube.com/watch?v=IMEfeHRrbQo', 'result_wayback_raw_url': 'https://web.archive.org/web/20190826132735id_/https://www.youtube.com/watch?v=IMEfeHRrbQo', 'result_snippet_rank': 19, 'result_snippet_title': 'ПРАВИЛЬНЫЙ ДЫМОГЕНЕРАТОР СВОИМИ РУКАМИ. Ч.1. ОЧИСТКА ДЫМА.Proper smoke generator - Продолжительность: 25:29', 'result_snippet_text': 'В видео показываю работу <em>дымогенератора</em> для копчения, сделанного своими руками из обычных банок. Приво...', 'result_warc_relative_path': None, 'result_warc_byte_offset': None}
 {'result_id': '0832fa92-5a48-5c4c-a218-554e9f2bc599', 'result_url': 'https://www.youtube.com/watch?v=do_oZ3vgquU', 'result_domain': 'www.youtube.com', 'result_domain_public_suffix': 'com', 'result_wayback_url': 'https://web.archive.org/web/20190826132735/https://www.youtube.com/watch?v=do_oZ3vgquU', 'result_wayback_raw_url': 'https://web.archive.org/web/20190826132735id_/https://www.youtube.com/watch?v=do_oZ3vgquU', 'result_snippet_rank': 20, 'result_snippet_title': 'Дымогенератор (Турбонадув)Своими руками.Smoke generator. - Продолжительность: 5:09', 'result_snippet_text': 'Хорошая вещь!', 'result_warc_relative_path': None, 'result_warc_byte_offset': None}
 {'result_id': '442f1cfb-b0ac-5fe2-b86d-60fe6a10eaa1', 'result_url': 'https://www.youtube.com/watch?v=ycfrmx5OAKU', 'result_domain': 'www.youtube.com', 'result_domain_public_suffix': 'com', 'result_wayback_url': 'https://web.archive.org/web/20190826132735/https://www.youtube.com/watch?v=ycfrmx5OAKU', 'result_wayback_raw_url': 'https://web.archive.org/web/20190826132735id_/https://www.youtube.com/watch?v=ycfrmx5OAKU', 'result_snippet_rank': 21, 'result_snippet_title': 'USB КОМПРЕССОР (ВЕНТИЛЯТОР) ДЛЯ ДЫМОГЕНЕРАТОРА.USB Fan Smoke generator - Продолжительность: 9:37', 'result_snippet_text': 'В видео показан пошаговый процесс сборки своими руками компактного (с питанием от USB 5 вольт) вентилятора...', 'result_warc_relative_path': None, 'result_warc_byte_offset': None}
 {'result_id': '4a484b59-8d57-53f2-ac03-46e70fd2981b', 'result_url': 'https://www.youtube.com/watch?v=DDhAwkzcInA', 'result_domain': 'www.youtube.com', 'result_domain_public_suffix': 'com', 'result_wayback_url': 'https://web.archive.org/web/20190826132735/https://www.youtube.com/watch?v=DDhAwkzcInA', 'result_wayback_raw_url': 'https://web.archive.org/web/20190826132735id_/https://www.youtube.com/watch?v=DDhAwkzcInA', 'result_snippet_rank': 22, 'result_snippet_title': 'Генератор дыма G-Smoke(ищем подсос воздуха на Шниве) - Продолжительность: 1:00', 'result_snippet_text': None, 'result_warc_relative_path': None, 'result_warc_byte_offset': None}
 {'result_id': '196f4cb6-6ea6-5b20-a0eb-02a8272b0090', 'result_url': 'https://www.youtube.com/watch?v=uk5_s-t4Bjw', 'result_domain': 'www.youtube.com', 'result_domain_public_suffix': 'com', 'result_wayback_url': 'https://web.archive.org/web/20190826132735/https://www.youtube.com/watch?v=uk5_s-t4Bjw', 'result_wayback_raw_url': 'https://web.archive.org/web/20190826132735id_/https://www.youtube.com/watch?v=uk5_s-t4Bjw', 'result_snippet_rank': 23, 'result_snippet_title': 'Smoke generator Test!генератор дыма для холодного English subtitles - Продолжительность: 7:20', 'result_snippet_text': 'English subtitles генератор дыма для холодного копчения пробный запуск.не совсем удачный.... Gruppo\xa0...', 'result_warc_relative_path': None, 'result_warc_byte_offset': None}]",youtube,youtube.com,com,2,media-sharing
