{"result_id":"88570c75-52ce-5789-b732-c588e85f129c","result_url":"http:\/\/www.obj-sys.com\/products\/asn1c\/index.php","result_domain":"www.obj-sys.com","result_domain_public_suffix":"com","result_wayback_url":"https:\/\/web.archive.org\/web\/20210608175949\/http:\/\/www.obj-sys.com\/products\/asn1c\/index.php","result_wayback_raw_url":"https:\/\/web.archive.org\/web\/20210608175949id_\/http:\/\/www.obj-sys.com\/products\/asn1c\/index.php","result_snippet_rank":7,"result_snippet_title":"ASN.1 Compiler - ASN1C - Objective Systems","result_snippet_text":"The ASN1C <em>ASN.1 compiler<\/em> translates ASN.1 and\/or XML schema (XSD) source specifications into C, C++, C#, Java, or Python source code\u00a0...","result_warc_relative_path":null,"result_warc_byte_offset":null,"serp_id":"e39d6eb9-6beb-54ed-bb57-6bfe7ed8f034","serp_url":"http:\/\/www.google.co.in\/search?hl=en&lr=&ie=UTF-8&oe=UTF-8&q=%22ASN.1+Compiler%22&as_q=Linux&btnG=Search%C2%A0within%C2%A0results","serp_timestamp":1623167989000,"serp_wayback_url":"https:\/\/web.archive.org\/web\/20210608175949\/http:\/\/www.google.co.in\/search?hl=en&lr=&ie=UTF-8&oe=UTF-8&q=%22ASN.1+Compiler%22&as_q=Linux&btnG=Search%C2%A0within%C2%A0results","serp_wayback_raw_url":"https:\/\/web.archive.org\/web\/20210608175949id_\/http:\/\/www.google.co.in\/search?hl=en&lr=&ie=UTF-8&oe=UTF-8&q=%22ASN.1+Compiler%22&as_q=Linux&btnG=Search%C2%A0within%C2%A0results","serp_page":null,"serp_offset":null,"serp_query_text_url":"\"ASN.1 Compiler\"","serp_query_text_url_language":"su","serp_query_text_html":"\"ASN.1 Compiler\" Linux","serp_warc_relative_path":"focused\/archived-raw-serps\/google\/google.co.in%2Fsearch%3F\/0000000001\/0000000000.warc.gz","serp_warc_byte_offset":131726,"search_provider_name":"google","search_provider_alexa_domain":"google.com","search_provider_alexa_domain_public_suffix":"com","search_provider_alexa_rank":1,"search_provider_category":"search-engine"}
