result_id,result_url,result_domain,result_domain_public_suffix,result_wayback_url,result_wayback_raw_url,result_snippet_rank,result_snippet_title,result_snippet_text,result_warc_relative_path,result_warc_byte_offset,serp_id,serp_url,serp_timestamp,serp_wayback_url,serp_wayback_raw_url,serp_page,serp_offset,serp_query_text_url,serp_query_text_url_language,serp_query_text_html,serp_warc_relative_path,serp_warc_byte_offset,search_provider_name,search_provider_alexa_domain,search_provider_alexa_domain_public_suffix,search_provider_alexa_rank,search_provider_category
e556ac4e-7137-5c35-8367-bb0d611d2e2f,https://www.youtube.com/watch?v=vjYxQ-v_q-8,www.youtube.com,com,https://web.archive.org/web/20200114111916/https://www.youtube.com/watch?v=vjYxQ-v_q-8,https://web.archive.org/web/20200114111916id_/https://www.youtube.com/watch?v=vjYxQ-v_q-8,21,Основные ошибки бариста в работе с кофемашиной - Продолжительность: 17:04,Наш новый ролик посвящен основным ошибкам бариста в работе с кофемашиной.Мы поговорим про намалывание...,,,1f13fef1-5b3e-5393-82aa-12be08a49105,https://www.youtube.com/results?search_query=%D0%B2%D0%B8%D0%B4%D1%8B+%D0%BF%D1%80%D0%B8%D0%B3%D0%BE%D1%82%D0%BE%D0%B2%D0%BB%D0%B5%D0%BD%D0%B8%D1%8F+%D0%BA%D0%BE%D1%84%D0%B5,2020-01-14 10:19:16,https://web.archive.org/web/20200114111916/https://www.youtube.com/results?search_query=%D0%B2%D0%B8%D0%B4%D1%8B+%D0%BF%D1%80%D0%B8%D0%B3%D0%BE%D1%82%D0%BE%D0%B2%D0%BB%D0%B5%D0%BD%D0%B8%D1%8F+%D0%BA%D0%BE%D1%84%D0%B5,https://web.archive.org/web/20200114111916id_/https://www.youtube.com/results?search_query=%D0%B2%D0%B8%D0%B4%D1%8B+%D0%BF%D1%80%D0%B8%D0%B3%D0%BE%D1%82%D0%BE%D0%B2%D0%BB%D0%B5%D0%BD%D0%B8%D1%8F+%D0%BA%D0%BE%D1%84%D0%B5,,,виды приготовления кофе,ru,виды приготовления кофе,focused/archived-raw-serps/youtube/youtube.com%2Fresults%3F/0000000341/0000000000.warc.gz,152074,youtube,youtube.com,com,2,media-sharing
57b8ba6b-5d07-50c9-92a4-871d4a40ab3f,https://www.youtube.com/watch?v=e0F6QWYwFd0,www.youtube.com,com,https://web.archive.org/web/20200123212513/https://www.youtube.com/watch?v=e0F6QWYwFd0,https://web.archive.org/web/20200123212513id_/https://www.youtube.com/watch?v=e0F6QWYwFd0,22,제1회 김천 전국동호인테니스대회 지도자부 결승 김창민 한주호/최환용 정성훈 - Продолжительность: 11:41,,,,82f75e43-98cc-5dad-8838-2e11c881c658,https://www.youtube.com/results?search_query=%EA%B9%80%EB%8F%99%EC%99%84+%ED%85%8C%EB%8B%88%EC%8A%A4,2020-01-23 20:25:13,https://web.archive.org/web/20200123212513/https://www.youtube.com/results?search_query=%EA%B9%80%EB%8F%99%EC%99%84+%ED%85%8C%EB%8B%88%EC%8A%A4,https://web.archive.org/web/20200123212513id_/https://www.youtube.com/results?search_query=%EA%B9%80%EB%8F%99%EC%99%84+%ED%85%8C%EB%8B%88%EC%8A%A4,,,김동완 테니스,ko,김동완 테니스,focused/archived-raw-serps/youtube/youtube.com%2Fresults%3F/0000000990/0000000000.warc.gz,1476054,youtube,youtube.com,com,2,media-sharing
78e52c80-ee17-5531-8585-4caf71fdd8ef,https://www.youtube.com/watch?v=26k1-uttqbA,www.youtube.com,com,https://web.archive.org/web/20200122162818/https://www.youtube.com/watch?v=26k1-uttqbA,https://web.archive.org/web/20200122162818id_/https://www.youtube.com/watch?v=26k1-uttqbA,22,Johnny Cash - Wanted Man - Duration: 2:53.,I do not own or claim any of this copyrighted material posted.,,,7b603919-c678-5676-937b-43e757bda4ef,https://www.youtube.com/results?search_query=Johnny+Cash+Get+Rhythm,2020-01-22 15:28:18,https://web.archive.org/web/20200122162818/https://www.youtube.com/results?search_query=Johnny+Cash+Get+Rhythm,https://web.archive.org/web/20200122162818id_/https://www.youtube.com/results?search_query=Johnny+Cash+Get+Rhythm,,,Johnny Cash Get Rhythm,cy,Johnny Cash Get Rhythm,focused/archived-raw-serps/youtube/youtube.com%2Fresults%3F/0000001285/0000000000.warc.gz,33352158,youtube,youtube.com,com,2,media-sharing
b0ec792a-7b58-574b-af5c-6a84cae5270c,https://www.youtube.com/watch?v=ykb_4-Dckdc,www.youtube.com,com,https://web.archive.org/web/20200131213730/https://www.youtube.com/watch?v=ykb_4-Dckdc,https://web.archive.org/web/20200131213730id_/https://www.youtube.com/watch?v=ykb_4-Dckdc,10,Batman Arkham | 1 сезон | 1 серия - Продолжительность: 48:29,,,,255917f7-c56b-594b-82df-beeacd0a8075,https://www.youtube.com/results?search_query=%D0%B1%D1%8D%D1%82%D0%BC%D0%B5%D0%BD+%D0%BF%D0%BE%D1%81%D0%BB%D0%B5%D0%B4%D0%BD%D1%8F%D1%8F+%D1%87%D0%B0%D1%81%D1%82%D1%8C+%D1%84%D0%B8%D0%BB%D1%8C%D0%BC,2020-01-31 20:37:30,https://web.archive.org/web/20200131213730/https://www.youtube.com/results?search_query=%D0%B1%D1%8D%D1%82%D0%BC%D0%B5%D0%BD+%D0%BF%D0%BE%D1%81%D0%BB%D0%B5%D0%B4%D0%BD%D1%8F%D1%8F+%D1%87%D0%B0%D1%81%D1%82%D1%8C+%D1%84%D0%B8%D0%BB%D1%8C%D0%BC,https://web.archive.org/web/20200131213730id_/https://www.youtube.com/results?search_query=%D0%B1%D1%8D%D1%82%D0%BC%D0%B5%D0%BD+%D0%BF%D0%BE%D1%81%D0%BB%D0%B5%D0%B4%D0%BD%D1%8F%D1%8F+%D1%87%D0%B0%D1%81%D1%82%D1%8C+%D1%84%D0%B8%D0%BB%D1%8C%D0%BC,,,бэтмен последняя часть фильм,ru,бэтмен последняя часть фильм,focused/archived-raw-serps/youtube/youtube.com%2Fresults%3F/0000000328/0000000000.warc.gz,915447,youtube,youtube.com,com,2,media-sharing
