{"serp_id":"3d8b4173-1cc6-5f4b-8ed3-30f10e439a42","serp_url":"https:\/\/www.google.co.jp\/search?q=%22FK%E3%82%B8%E3%82%A7%E3%83%AC%E3%82%BA%E3%83%8B%E3%82%AF%22+-wikipedia&num=50&hl=ja&filter=0","serp_timestamp":1641176084000,"serp_wayback_url":"https:\/\/web.archive.org\/web\/20220103031444\/https:\/\/www.google.co.jp\/search?q=%22FK%E3%82%B8%E3%82%A7%E3%83%AC%E3%82%BA%E3%83%8B%E3%82%AF%22+-wikipedia&num=50&hl=ja&filter=0","serp_wayback_raw_url":"https:\/\/web.archive.org\/web\/20220103031444id_\/https:\/\/www.google.co.jp\/search?q=%22FK%E3%82%B8%E3%82%A7%E3%83%AC%E3%82%BA%E3%83%8B%E3%82%AF%22+-wikipedia&num=50&hl=ja&filter=0","serp_page":null,"serp_offset":null,"serp_query_text_url":"\"FK\u30b8\u30a7\u30ec\u30ba\u30cb\u30af\" -wikipedia","serp_query_text_url_language":"kk","serp_query_text_html":"\"FK\u30b8\u30a7\u30ec\u30ba\u30cb\u30af\" -wikipedia","serp_warc_relative_path":"focused\/archived-raw-serps\/google\/google.co.jp%2Fsearch%3F\/0000000039\/0000000000.warc.gz","serp_warc_byte_offset":1744127,"serp_results":[{"result_id":"ea1b3af7-ba83-59d3-87b0-c508ed19bbf6","result_url":"https:\/\/www.google.co.jp\/url?q=https:\/\/wiki2th.com\/ja\/FK_%25C5%25BDeleznik&sa=U&ved=2ahUKEwips_PgzpT1AhUsFzQIHd1hBIEQFnoECAAQAg&usg=AOvVaw2d9uCFjo2T7N0ZRHHBDWxa","result_domain":"www.google.co.jp","result_domain_public_suffix":"co.jp","result_wayback_url":"https:\/\/web.archive.org\/web\/20220103031444\/https:\/\/www.google.co.jp\/url?q=https:\/\/wiki2th.com\/ja\/FK_%25C5%25BDeleznik&sa=U&ved=2ahUKEwips_PgzpT1AhUsFzQIHd1hBIEQFnoECAAQAg&usg=AOvVaw2d9uCFjo2T7N0ZRHHBDWxa","result_wayback_raw_url":"https:\/\/web.archive.org\/web\/20220103031444id_\/https:\/\/www.google.co.jp\/url?q=https:\/\/wiki2th.com\/ja\/FK_%25C5%25BDeleznik&sa=U&ved=2ahUKEwips_PgzpT1AhUsFzQIHd1hBIEQFnoECAAQAg&usg=AOvVaw2d9uCFjo2T7N0ZRHHBDWxa","result_snippet_rank":2,"result_snippet_title":"FK\u30b8\u30a7\u30ec\u30ba\u30cb\u30af","result_snippet_text":null,"result_warc_relative_path":null,"result_warc_byte_offset":null},{"result_id":"d884bd09-de35-5088-af44-3e9f2cc977a6","result_url":"https:\/\/www.google.co.jp\/url?q=https:\/\/wiki2th.com\/ja\/1997%25E2%2580%259398_First_League_of_FR_Yugoslavia&sa=U&ved=2ahUKEwips_PgzpT1AhUsFzQIHd1hBIEQFnoECAYQAg&usg=AOvVaw2Oj5j5rEQDSDE_43zhZALt","result_domain":"www.google.co.jp","result_domain_public_suffix":"co.jp","result_wayback_url":"https:\/\/web.archive.org\/web\/20220103031444\/https:\/\/www.google.co.jp\/url?q=https:\/\/wiki2th.com\/ja\/1997%25E2%2580%259398_First_League_of_FR_Yugoslavia&sa=U&ved=2ahUKEwips_PgzpT1AhUsFzQIHd1hBIEQFnoECAYQAg&usg=AOvVaw2Oj5j5rEQDSDE_43zhZALt","result_wayback_raw_url":"https:\/\/web.archive.org\/web\/20220103031444id_\/https:\/\/www.google.co.jp\/url?q=https:\/\/wiki2th.com\/ja\/1997%25E2%2580%259398_First_League_of_FR_Yugoslavia&sa=U&ved=2ahUKEwips_PgzpT1AhUsFzQIHd1hBIEQFnoECAYQAg&usg=AOvVaw2Oj5j5rEQDSDE_43zhZALt","result_snippet_rank":3,"result_snippet_title":"1997\u201398FR\u30e6\u30fc\u30b4\u30b9\u30e9\u30d3\u30a2\u306e\u6700\u521d\u306e\u30ea\u30fc\u30b0","result_snippet_text":null,"result_warc_relative_path":null,"result_warc_byte_offset":null},{"result_id":"d4ed6e5e-7052-5cb8-8d5f-f9eb1c60beec","result_url":"https:\/\/www.google.co.jp\/url?q=https:\/\/artsandculture.google.com\/entity\/m04czfd3%3Fhl%3Dja&sa=U&ved=2ahUKEwips_PgzpT1AhUsFzQIHd1hBIEQFnoECAgQAg&usg=AOvVaw0DRwlgZgB9H0lBQ6pXpYr3","result_domain":"www.google.co.jp","result_domain_public_suffix":"co.jp","result_wayback_url":"https:\/\/web.archive.org\/web\/20220103031444\/https:\/\/www.google.co.jp\/url?q=https:\/\/artsandculture.google.com\/entity\/m04czfd3%3Fhl%3Dja&sa=U&ved=2ahUKEwips_PgzpT1AhUsFzQIHd1hBIEQFnoECAgQAg&usg=AOvVaw0DRwlgZgB9H0lBQ6pXpYr3","result_wayback_raw_url":"https:\/\/web.archive.org\/web\/20220103031444id_\/https:\/\/www.google.co.jp\/url?q=https:\/\/artsandculture.google.com\/entity\/m04czfd3%3Fhl%3Dja&sa=U&ved=2ahUKEwips_PgzpT1AhUsFzQIHd1hBIEQFnoECAgQAg&usg=AOvVaw0DRwlgZgB9H0lBQ6pXpYr3","result_snippet_rank":4,"result_snippet_title":"FK\u30b8\u30a7\u30ec\u30ba\u30cb\u30af \u2014 Google Arts &amp; Culture","result_snippet_text":null,"result_warc_relative_path":null,"result_warc_byte_offset":null},{"result_id":"4fbbfb8a-df50-5803-a767-97b1cd3055d4","result_url":"https:\/\/www.google.co.jp\/url?q=http:\/\/yourei.jp\/fk%25E3%2583%25A2%25E3%2582%25B0%25E3%2583%25AC%25E3%2583%25B3&sa=U&ved=2ahUKEwips_PgzpT1AhUsFzQIHd1hBIEQFnoECAkQAg&usg=AOvVaw2Q72I7cqXanyjvJFlUxg6c","result_domain":"www.google.co.jp","result_domain_public_suffix":"co.jp","result_wayback_url":"https:\/\/web.archive.org\/web\/20220103031444\/https:\/\/www.google.co.jp\/url?q=http:\/\/yourei.jp\/fk%25E3%2583%25A2%25E3%2582%25B0%25E3%2583%25AC%25E3%2583%25B3&sa=U&ved=2ahUKEwips_PgzpT1AhUsFzQIHd1hBIEQFnoECAkQAg&usg=AOvVaw2Q72I7cqXanyjvJFlUxg6c","result_wayback_raw_url":"https:\/\/web.archive.org\/web\/20220103031444id_\/https:\/\/www.google.co.jp\/url?q=http:\/\/yourei.jp\/fk%25E3%2583%25A2%25E3%2582%25B0%25E3%2583%25AC%25E3%2583%25B3&sa=U&ved=2ahUKEwips_PgzpT1AhUsFzQIHd1hBIEQFnoECAkQAg&usg=AOvVaw2Q72I7cqXanyjvJFlUxg6c","result_snippet_rank":5,"result_snippet_title":"\u300cfk\u30e2\u30b0\u30ec\u30f3\u300d\u306e\u7528\u4f8b\u30fb\u4f8b\u6587\u96c6","result_snippet_text":null,"result_warc_relative_path":null,"result_warc_byte_offset":null},{"result_id":"66e81dbd-9526-5f23-bd52-e91ec8afbe66","result_url":"https:\/\/www.google.co.jp\/url?q=http:\/\/yourei.jp\/fk%25E3%2582%25BC%25E3%2583%25A0%25E3%2583%25B3&sa=U&ved=2ahUKEwips_PgzpT1AhUsFzQIHd1hBIEQFnoECAoQAg&usg=AOvVaw2aOBSFDWE5hlRFsmXsZxmi","result_domain":"www.google.co.jp","result_domain_public_suffix":"co.jp","result_wayback_url":"https:\/\/web.archive.org\/web\/20220103031444\/https:\/\/www.google.co.jp\/url?q=http:\/\/yourei.jp\/fk%25E3%2582%25BC%25E3%2583%25A0%25E3%2583%25B3&sa=U&ved=2ahUKEwips_PgzpT1AhUsFzQIHd1hBIEQFnoECAoQAg&usg=AOvVaw2aOBSFDWE5hlRFsmXsZxmi","result_wayback_raw_url":"https:\/\/web.archive.org\/web\/20220103031444id_\/https:\/\/www.google.co.jp\/url?q=http:\/\/yourei.jp\/fk%25E3%2582%25BC%25E3%2583%25A0%25E3%2583%25B3&sa=U&ved=2ahUKEwips_PgzpT1AhUsFzQIHd1hBIEQFnoECAoQAg&usg=AOvVaw2aOBSFDWE5hlRFsmXsZxmi","result_snippet_rank":6,"result_snippet_title":"\u300cfk\u30bc\u30e0\u30f3\u300d\u306e\u7528\u4f8b\u30fb\u4f8b\u6587\u96c6","result_snippet_text":null,"result_warc_relative_path":null,"result_warc_byte_offset":null},{"result_id":"91a7eb96-41f9-57a3-a6c8-714c1572d5f7","result_url":"https:\/\/www.google.co.jp\/url?q=http:\/\/www.sodensakae.com\/fdetail.aspx%3Fver%3D15%26card%3DA19&sa=U&ved=2ahUKEwips_PgzpT1AhUsFzQIHd1hBIEQFnoECAcQAg&usg=AOvVaw32p4fbUNq7rknh8tqgFVrH","result_domain":"www.google.co.jp","result_domain_public_suffix":"co.jp","result_wayback_url":"https:\/\/web.archive.org\/web\/20220103031444\/https:\/\/www.google.co.jp\/url?q=http:\/\/www.sodensakae.com\/fdetail.aspx%3Fver%3D15%26card%3DA19&sa=U&ved=2ahUKEwips_PgzpT1AhUsFzQIHd1hBIEQFnoECAcQAg&usg=AOvVaw32p4fbUNq7rknh8tqgFVrH","result_wayback_raw_url":"https:\/\/web.archive.org\/web\/20220103031444id_\/https:\/\/www.google.co.jp\/url?q=http:\/\/www.sodensakae.com\/fdetail.aspx%3Fver%3D15%26card%3DA19&sa=U&ved=2ahUKEwips_PgzpT1AhUsFzQIHd1hBIEQFnoECAcQAg&usg=AOvVaw32p4fbUNq7rknh8tqgFVrH","result_snippet_rank":7,"result_snippet_title":"\u30df\u30e9\u30f3\u30fb\u30d3\u30b7\u30a7\u30d0\u30c4 | FOOTISTA\u30ab\u30fc\u30c9\u30c7\u30fc\u30bf\u8a73\u7d30 - WCCF ...","result_snippet_text":null,"result_warc_relative_path":null,"result_warc_byte_offset":null},{"result_id":"e36577c9-f653-5bea-98af-4d3451136526","result_url":"https:\/\/www.google.co.jp\/url?q=http:\/\/www.sodensakae.com\/fdetail.aspx%3Fver%3D3%26card%3D059&sa=U&ved=2ahUKEwips_PgzpT1AhUsFzQIHd1hBIEQFnoECAEQAg&usg=AOvVaw1A4_8BgetEtINunQCUNHqD","result_domain":"www.google.co.jp","result_domain_public_suffix":"co.jp","result_wayback_url":"https:\/\/web.archive.org\/web\/20220103031444\/https:\/\/www.google.co.jp\/url?q=http:\/\/www.sodensakae.com\/fdetail.aspx%3Fver%3D3%26card%3D059&sa=U&ved=2ahUKEwips_PgzpT1AhUsFzQIHd1hBIEQFnoECAEQAg&usg=AOvVaw1A4_8BgetEtINunQCUNHqD","result_wayback_raw_url":"https:\/\/web.archive.org\/web\/20220103031444id_\/https:\/\/www.google.co.jp\/url?q=http:\/\/www.sodensakae.com\/fdetail.aspx%3Fver%3D3%26card%3D059&sa=U&ved=2ahUKEwips_PgzpT1AhUsFzQIHd1hBIEQFnoECAEQAg&usg=AOvVaw1A4_8BgetEtINunQCUNHqD","result_snippet_rank":8,"result_snippet_title":"\u30cb\u30b3\u30e9\u30fb\u30e9\u30bc\u30c6\u30a3\u30c3\u30c1 | FOOTISTA\u30ab\u30fc\u30c9\u30c7\u30fc\u30bf\u8a73\u7d30 - WCCF ...","result_snippet_text":null,"result_warc_relative_path":null,"result_warc_byte_offset":null},{"result_id":"6b19f51c-dd2d-5118-9396-897a2e512502","result_url":"https:\/\/www.google.co.jp\/url?q=https:\/\/www.owlapps.net\/owlapps_apps\/articles%3Fid%3D3192600%26lang%3Dja&sa=U&ved=2ahUKEwips_PgzpT1AhUsFzQIHd1hBIEQFnoECAQQAg&usg=AOvVaw3JUn4CMoUhQ0C34hNbr6QD","result_domain":"www.google.co.jp","result_domain_public_suffix":"co.jp","result_wayback_url":"https:\/\/web.archive.org\/web\/20220103031444\/https:\/\/www.google.co.jp\/url?q=https:\/\/www.owlapps.net\/owlapps_apps\/articles%3Fid%3D3192600%26lang%3Dja&sa=U&ved=2ahUKEwips_PgzpT1AhUsFzQIHd1hBIEQFnoECAQQAg&usg=AOvVaw3JUn4CMoUhQ0C34hNbr6QD","result_wayback_raw_url":"https:\/\/web.archive.org\/web\/20220103031444id_\/https:\/\/www.google.co.jp\/url?q=https:\/\/www.owlapps.net\/owlapps_apps\/articles%3Fid%3D3192600%26lang%3Dja&sa=U&ved=2ahUKEwips_PgzpT1AhUsFzQIHd1hBIEQFnoECAQQAg&usg=AOvVaw3JUn4CMoUhQ0C34hNbr6QD","result_snippet_rank":10,"result_snippet_title":"FK\u30f4\u30a9\u30b8\u30e5\u30c9\u30f4\u30a1\u30c4 | owlapps","result_snippet_text":null,"result_warc_relative_path":null,"result_warc_byte_offset":null},{"result_id":"dde87a0f-a827-5381-903c-0417fcf1d91e","result_url":"https:\/\/www.google.co.jp\/url?q=http:\/\/wikinote.site\/search.php%3Fsearch%3D%25E3%2583%25A8%25E3%2583%25B4%25E3%2582%25A1%25E3%2583%25B3%25E3%2583%25BB%25E3%2583%259E%25E3%2583%25AB%25E3%2582%25B3%25E3%2582%25B9%25E3%2582%25AD&sa=U&ved=2ahUKEwips_PgzpT1AhUsFzQIHd1hBIEQFnoECAMQAg&usg=AOvVaw3GrXCpNIkMre2d8GOoiUuP","result_domain":"www.google.co.jp","result_domain_public_suffix":"co.jp","result_wayback_url":"https:\/\/web.archive.org\/web\/20220103031444\/https:\/\/www.google.co.jp\/url?q=http:\/\/wikinote.site\/search.php%3Fsearch%3D%25E3%2583%25A8%25E3%2583%25B4%25E3%2582%25A1%25E3%2583%25B3%25E3%2583%25BB%25E3%2583%259E%25E3%2583%25AB%25E3%2582%25B3%25E3%2582%25B9%25E3%2582%25AD&sa=U&ved=2ahUKEwips_PgzpT1AhUsFzQIHd1hBIEQFnoECAMQAg&usg=AOvVaw3GrXCpNIkMre2d8GOoiUuP","result_wayback_raw_url":"https:\/\/web.archive.org\/web\/20220103031444id_\/https:\/\/www.google.co.jp\/url?q=http:\/\/wikinote.site\/search.php%3Fsearch%3D%25E3%2583%25A8%25E3%2583%25B4%25E3%2582%25A1%25E3%2583%25B3%25E3%2583%25BB%25E3%2583%259E%25E3%2583%25AB%25E3%2582%25B3%25E3%2582%25B9%25E3%2582%25AD&sa=U&ved=2ahUKEwips_PgzpT1AhUsFzQIHd1hBIEQFnoECAMQAg&usg=AOvVaw3GrXCpNIkMre2d8GOoiUuP","result_snippet_rank":11,"result_snippet_title":"\u691c\u7d22 | \u77e5\u8b58\u306e\u6cc9-\u30a6\u30a3\u30ad\u30ce\u30fc\u30c8- - WIKINOTE","result_snippet_text":null,"result_warc_relative_path":null,"result_warc_byte_offset":null},{"result_id":"ad7220c5-a295-59b5-b677-2bc54e3f1f1f","result_url":"https:\/\/www.google.co.jp\/url?q=http:\/\/wikinote.site\/search.php%3Fsearch%3D%25E3%2583%259F%25E3%2583%25A9%25E3%2583%25B3%25E3%2583%25BB%25E3%2583%2593%25E3%2582%25B7%25E3%2582%25A7%25E3%2583%25B4%25E3%2582%25A1%25E3%2583%2584&sa=U&ved=2ahUKEwips_PgzpT1AhUsFzQIHd1hBIEQFnoECAUQAg&usg=AOvVaw3YFykAFipSbHSsEfOJQNgV","result_domain":"www.google.co.jp","result_domain_public_suffix":"co.jp","result_wayback_url":"https:\/\/web.archive.org\/web\/20220103031444\/https:\/\/www.google.co.jp\/url?q=http:\/\/wikinote.site\/search.php%3Fsearch%3D%25E3%2583%259F%25E3%2583%25A9%25E3%2583%25B3%25E3%2583%25BB%25E3%2583%2593%25E3%2582%25B7%25E3%2582%25A7%25E3%2583%25B4%25E3%2582%25A1%25E3%2583%2584&sa=U&ved=2ahUKEwips_PgzpT1AhUsFzQIHd1hBIEQFnoECAUQAg&usg=AOvVaw3YFykAFipSbHSsEfOJQNgV","result_wayback_raw_url":"https:\/\/web.archive.org\/web\/20220103031444id_\/https:\/\/www.google.co.jp\/url?q=http:\/\/wikinote.site\/search.php%3Fsearch%3D%25E3%2583%259F%25E3%2583%25A9%25E3%2583%25B3%25E3%2583%25BB%25E3%2583%2593%25E3%2582%25B7%25E3%2582%25A7%25E3%2583%25B4%25E3%2582%25A1%25E3%2583%2584&sa=U&ved=2ahUKEwips_PgzpT1AhUsFzQIHd1hBIEQFnoECAUQAg&usg=AOvVaw3YFykAFipSbHSsEfOJQNgV","result_snippet_rank":12,"result_snippet_title":"\u691c\u7d22 | \u77e5\u8b58\u306e\u6cc9-\u30a6\u30a3\u30ad\u30ce\u30fc\u30c8- - WIKINOTE","result_snippet_text":null,"result_warc_relative_path":null,"result_warc_byte_offset":null},{"result_id":"b1f3a406-f342-532d-bce8-91b6c841465a","result_url":"https:\/\/www.google.co.jp\/url?q=http:\/\/wikinote.site\/search.php%3Fsearch%3D%25E3%2582%25BB%25E3%2583%25AB%25E3%2583%2593%25E3%2582%25A2%25E3%2583%25BB%25E3%2583%25A2%25E3%2583%25B3%25E3%2583%2586%25E3%2583%258D%25E3%2582%25B0%25E3%2583%25AD%25E3%2582%25AB%25E3%2583%2583%25E3%2583%2597&sa=U&ved=2ahUKEwips_PgzpT1AhUsFzQIHd1hBIEQFnoECAIQAg&usg=AOvVaw1mfbVvvwROdGZGR4cy9WG0","result_domain":"www.google.co.jp","result_domain_public_suffix":"co.jp","result_wayback_url":"https:\/\/web.archive.org\/web\/20220103031444\/https:\/\/www.google.co.jp\/url?q=http:\/\/wikinote.site\/search.php%3Fsearch%3D%25E3%2582%25BB%25E3%2583%25AB%25E3%2583%2593%25E3%2582%25A2%25E3%2583%25BB%25E3%2583%25A2%25E3%2583%25B3%25E3%2583%2586%25E3%2583%258D%25E3%2582%25B0%25E3%2583%25AD%25E3%2582%25AB%25E3%2583%2583%25E3%2583%2597&sa=U&ved=2ahUKEwips_PgzpT1AhUsFzQIHd1hBIEQFnoECAIQAg&usg=AOvVaw1mfbVvvwROdGZGR4cy9WG0","result_wayback_raw_url":"https:\/\/web.archive.org\/web\/20220103031444id_\/https:\/\/www.google.co.jp\/url?q=http:\/\/wikinote.site\/search.php%3Fsearch%3D%25E3%2582%25BB%25E3%2583%25AB%25E3%2583%2593%25E3%2582%25A2%25E3%2583%25BB%25E3%2583%25A2%25E3%2583%25B3%25E3%2583%2586%25E3%2583%258D%25E3%2582%25B0%25E3%2583%25AD%25E3%2582%25AB%25E3%2583%2583%25E3%2583%2597&sa=U&ved=2ahUKEwips_PgzpT1AhUsFzQIHd1hBIEQFnoECAIQAg&usg=AOvVaw1mfbVvvwROdGZGR4cy9WG0","result_snippet_rank":13,"result_snippet_title":"\u691c\u7d22 | \u77e5\u8b58\u306e\u6cc9-\u30a6\u30a3\u30ad\u30ce\u30fc\u30c8- - WIKINOTE","result_snippet_text":null,"result_warc_relative_path":null,"result_warc_byte_offset":null}],"search_provider_name":"google","search_provider_alexa_domain":"google.com","search_provider_alexa_domain_public_suffix":"com","search_provider_alexa_rank":1,"search_provider_category":"search-engine"}
