{"serp_id":"8bf699d9-5d05-589d-a1b2-8654c3fd9757","serp_url":"https:\/\/twitter.com\/search?q=%23%D0%A3%D0%BA%D1%80%D0%A2%D0%B2%D1%96&mode=news","serp_timestamp":1400346819000,"serp_wayback_url":"https:\/\/web.archive.org\/web\/20140517191339\/https:\/\/twitter.com\/search?q=%23%D0%A3%D0%BA%D1%80%D0%A2%D0%B2%D1%96&mode=news","serp_wayback_raw_url":"https:\/\/web.archive.org\/web\/20140517191339id_\/https:\/\/twitter.com\/search?q=%23%D0%A3%D0%BA%D1%80%D0%A2%D0%B2%D1%96&mode=news","serp_page":null,"serp_offset":null,"serp_query_text_url":"#\u0423\u043a\u0440\u0422\u0432\u0456","serp_query_text_url_language":null,"serp_query_text_html":null,"serp_warc_relative_path":"focused\/archived-raw-serps\/twitter\/twitter.com%2Fsearch%3F\/0000001137\/0000000000.warc.gz","serp_warc_byte_offset":45208,"serp_results":[{"result_id":"a4e1b7e6-ebcf-59bf-8d93-b41183a06e0f","result_url":"https:\/\/twitter.com\/Sasha91kyiv\/status\/466655249877323776","result_domain":"twitter.com","result_domain_public_suffix":"com","result_wayback_url":"https:\/\/web.archive.org\/web\/20140517191339\/https:\/\/twitter.com\/Sasha91kyiv\/status\/466655249877323776","result_wayback_raw_url":"https:\/\/web.archive.org\/web\/20140517191339id_\/https:\/\/twitter.com\/Sasha91kyiv\/status\/466655249877323776","result_snippet_rank":1,"result_snippet_title":"<em>Olexandr Zagrebelny<\/em>\n\u200f@<em>Sasha91kyiv<\/em>","result_snippet_text":"\u0414\u0456\u0441\u0442\u0430\u043b\u0438... | \u0423\u043a\u0440\u0430\u0457\u043d\u0441\u044c\u043a\u0430 \u043f\u0440\u0430\u0432\u0434\u0430 http:\/\/www.pravda.com.ua\/columns\/2014\/05\/13\/7025258\/\u00a0\u2026 \u0441 \u043f\u043e\u043c\u043e\u0449\u044c\u044e @<em>ukrpravda_news<\/em>\n#<em><em>\u0443\u043a\u0440\u0442\u0432\u0456<\/em><\/em> #<em>\u0423\u043a\u0440\u0430\u0457\u043d\u0430<\/em> #<em>\u041a\u0440\u044b\u043c<\/em> #<em>\u0423\u043a\u0440\u0430\u0438\u043d\u0430<\/em> #<em>\u0440\u0430\u0434\u0436\u0443<\/em> #<em>\u0415\u0432\u0440\u043e\u043c\u0430\u0439\u0434\u0430\u043d<\/em> #<em>\u0414\u041d\u0420<\/em>","result_warc_relative_path":null,"result_warc_byte_offset":null},{"result_id":"03f4d480-6c3c-5bf7-a61c-1e73371c6528","result_url":"https:\/\/twitter.com\/Cause_The_Night\/status\/458286295765512192","result_domain":"twitter.com","result_domain_public_suffix":"com","result_wayback_url":"https:\/\/web.archive.org\/web\/20140517191339\/https:\/\/twitter.com\/Cause_The_Night\/status\/458286295765512192","result_wayback_raw_url":"https:\/\/web.archive.org\/web\/20140517191339id_\/https:\/\/twitter.com\/Cause_The_Night\/status\/458286295765512192","result_snippet_rank":2,"result_snippet_title":"<em>Malva<\/em>\n\u200f@<em>Cause_The_Night<\/em>","result_snippet_text":"\u041d\u0430\u0448\u0430 \u0432\u0456\u0434\u043f\u043e\u0432\u0456\u0434\u044c \u0440\u043e\u0441\u0456\u044f\u043d\u0430\u043c: \u0437'\u044f\u0432\u0438\u0432\u0441\u044f \u0441\u0430\u0439\u0442 \u0437\u043d\u0430\u0439\u043e\u043c\u0441\u0442\u0432 \"\u0425\u043e\u0447\u0443 \u0431\u0430\u043d\u0434\u0435\u0440\u0456\u0432\u0446\u044f\"\n#<em>\u0423\u043a\u0440\u0430\u0457\u043d\u0430<\/em>\nhttp:\/\/life.pravda.com.ua\/society\/2014\/04\/18\/164316\/\u00a0\u2026 #<em><em>\u0423\u043a\u0440\u0422\u0432\u0456<\/em><\/em> pic.twitter.com\/MHSJMmPtho","result_warc_relative_path":null,"result_warc_byte_offset":null},{"result_id":"e2a229ab-8673-5c2c-a252-43540fc99649","result_url":"https:\/\/twitter.com\/kovalskaolya\/status\/454725694451646464","result_domain":"twitter.com","result_domain_public_suffix":"com","result_wayback_url":"https:\/\/web.archive.org\/web\/20140517191339\/https:\/\/twitter.com\/kovalskaolya\/status\/454725694451646464","result_wayback_raw_url":"https:\/\/web.archive.org\/web\/20140517191339id_\/https:\/\/twitter.com\/kovalskaolya\/status\/454725694451646464","result_snippet_rank":3,"result_snippet_title":"<em>\u041f\u0430\u0442\u0440\u0438\u043a\u0435\u0439\u041f\u0440\u0430\u0432\u0434\u043e\u043c\u044b\u0441\u043b\u043e\u0432<\/em>\n\u200f@<em>kovalskaolya<\/em>","result_snippet_text":"\u0412\u0435\u043b\u0438\u043a\u043e\u043b\u0435\u043f\u043d\u0430\u044f \u0430\u043d\u0430\u043b\u043e\u0433\u0438\u044f http:\/\/www.kp.ru\/daily\/26218.4\/3101517\/?from=igpr\u00a0\u2026 #<em>\u041f\u0443\u0442\u0438\u043d<\/em> #<em>\u0418\u0433\u0440\u0430\u041f\u0440\u0435\u0441\u0442\u043e\u043b\u043e\u0432<\/em> #<em>\u041f\u0443\u0442\u0456\u043d<\/em> #<em>\u0440\u0443\u0441\u0441\u043e\u0444\u0430\u0448\u0438\u0441\u0442\u043e<\/em> #<em>\u0441\u0435\u0440\u0438\u0430\u043b\u044b<\/em> #<em>\u043d\u043e\u0432\u043e\u0441\u0442\u0438\u043f\u043e\u043b\u0438\u0442\u0438\u043a\u0430<\/em> #<em>weua<\/em> #<em><em>\u0443\u043a\u0440\u0442\u0432\u0456<\/em><\/em>","result_warc_relative_path":null,"result_warc_byte_offset":null},{"result_id":"8020ed49-47e5-5b09-9d28-01fe649c12d0","result_url":"https:\/\/twitter.com\/V_Galinka\/status\/433633340856340480","result_domain":"twitter.com","result_domain_public_suffix":"com","result_wayback_url":"https:\/\/web.archive.org\/web\/20140517191339\/https:\/\/twitter.com\/V_Galinka\/status\/433633340856340480","result_wayback_raw_url":"https:\/\/web.archive.org\/web\/20140517191339id_\/https:\/\/twitter.com\/V_Galinka\/status\/433633340856340480","result_snippet_rank":4,"result_snippet_title":"<em>Galyna<\/em>\n\u200f@<em>V_Galinka<\/em>","result_snippet_text":"\"\u0423\u0447\u0438\u0442\u0435\u043b\u044c \u0442\u0432\u043e\u0440\u0438\u0442\u044c \u041b\u044e\u0434\u0438\u043d\u0443\" \u0412.\u041e. \u0421\u0443\u0445\u043e\u043c\u043b\u0438\u043d\u0441\u044c\u043a\u0438\u0439. \u0412\u043e\u043d\u0430 \u0442\u0430\u043a\u0435 \u0447\u0443\u043b\u0430? \u0421\u043e\u0440\u043e\u043c \u0442\u0430\u043a\u043e\u043c\u0443 \u043f\u0435\u0434\u0430\u0433\u043e\u0433\u0443. http:\/\/www.pravda.com.ua\/news\/2014\/02\/12\/7013626\/\u00a0\u2026 #<em>\u0454\u0432\u0440\u043e\u043c\u0430\u0439\u0434\u0430\u043d<\/em> #<em><em>\u0443\u043a\u0440\u0442\u0432\u0456<\/em><\/em>","result_warc_relative_path":null,"result_warc_byte_offset":null}],"search_provider_name":"twitter","search_provider_alexa_domain":"twitter.com","search_provider_alexa_domain_public_suffix":"com","search_provider_alexa_rank":26,"search_provider_category":"social-media"}
