{"result_id":"30475e38-1764-5581-b9a7-03270215927c","result_url":"https:\/\/books.google.com\/books?id=piV-nQAACAAJ&dq=inauthor:%22Bedford+Level+Corporation%22&hl=de&sa=X&ved=0ahUKEwjTsur3jZ7ZAhUF9WMKHdKhB8IQ6AEIRTAJ","result_domain":"books.google.com","result_domain_public_suffix":"com","result_wayback_url":"https:\/\/web.archive.org\/web\/20180211144933\/https:\/\/books.google.com\/books?id=piV-nQAACAAJ&dq=inauthor:%22Bedford+Level+Corporation%22&hl=de&sa=X&ved=0ahUKEwjTsur3jZ7ZAhUF9WMKHdKhB8IQ6AEIRTAJ","result_wayback_raw_url":"https:\/\/web.archive.org\/web\/20180211144933id_\/https:\/\/books.google.com\/books?id=piV-nQAACAAJ&dq=inauthor:%22Bedford+Level+Corporation%22&hl=de&sa=X&ved=0ahUKEwjTsur3jZ7ZAhUF9WMKHdKhB8IQ6AEIRTAJ","result_snippet_rank":10,"result_snippet_title":"Orders and Resolutions, Made at a General Meeting of the ...","result_snippet_text":"Bedford Level Corporation - \u200e1771 - Keine Vorschau","result_warc_relative_path":null,"result_warc_byte_offset":null,"serp_id":"42ec2b66-1924-54c6-b6ab-bd7607f16af6","serp_url":"https:\/\/www.google.de\/search?hl=de&tbo=p&tbm=bks&q=inauthor:%22Bedford+Level+Corporation%22","serp_timestamp":1518356973000,"serp_wayback_url":"https:\/\/web.archive.org\/web\/20180211144933\/https:\/\/www.google.de\/search?hl=de&tbo=p&tbm=bks&q=inauthor:%22Bedford+Level+Corporation%22","serp_wayback_raw_url":"https:\/\/web.archive.org\/web\/20180211144933id_\/https:\/\/www.google.de\/search?hl=de&tbo=p&tbm=bks&q=inauthor:%22Bedford+Level+Corporation%22","serp_page":null,"serp_offset":null,"serp_query_text_url":"inauthor:\"Bedford Level Corporation\"","serp_query_text_url_language":null,"serp_query_text_html":"inauthor:\"Bedford Level Corporation\"","serp_warc_relative_path":"focused\/archived-raw-serps\/google\/google.de%2Fsearch%3F\/0000000026\/0000000000.warc.gz","serp_warc_byte_offset":190243,"search_provider_name":"google","search_provider_alexa_domain":"google.com","search_provider_alexa_domain_public_suffix":"com","search_provider_alexa_rank":1,"search_provider_category":"search-engine"}
