{"serp_id":"c33b15d6-d0ee-5861-810c-2f88d6b16ef8","serp_url":"http:\/\/stackoverflow.com\/questions\/tagged\/oracle+oracle11g+sql-server","serp_timestamp":1407340964000,"serp_wayback_url":"https:\/\/web.archive.org\/web\/20140806180244\/http:\/\/stackoverflow.com\/questions\/tagged\/oracle+oracle11g+sql-server","serp_wayback_raw_url":"https:\/\/web.archive.org\/web\/20140806180244id_\/http:\/\/stackoverflow.com\/questions\/tagged\/oracle+oracle11g+sql-server","serp_page":null,"serp_offset":null,"serp_query_text_url":"oracle+oracle11g+sql-server","serp_query_text_url_language":"af","serp_query_text_html":"[oracle] [oracle11g] [sql-server]","serp_warc_relative_path":"focused\/archived-raw-serps\/stackoverflow\/stackoverflow.com%2Fquestions%2Ftagged\/0000000388\/0000000000.warc.gz","serp_warc_byte_offset":117358,"serp_results":[{"result_id":"26f0106d-51be-5159-8ba0-6dfb50d54f98","result_url":"http:\/\/stackoverflow.com\/questions\/24389970\/how-can-i-select-id-which-have-red-and-at-the-same-time-black","result_domain":"stackoverflow.com","result_domain_public_suffix":"com","result_wayback_url":"https:\/\/web.archive.org\/web\/20140806180244\/http:\/\/stackoverflow.com\/questions\/24389970\/how-can-i-select-id-which-have-red-and-at-the-same-time-black","result_wayback_raw_url":"https:\/\/web.archive.org\/web\/20140806180244id_\/http:\/\/stackoverflow.com\/questions\/24389970\/how-can-i-select-id-which-have-red-and-at-the-same-time-black","result_snippet_rank":1,"result_snippet_title":"How can I select id which have 'Red' and at the same time 'Black'?","result_snippet_text":"I want to write a simple pl\/sql or mssql \n\nFor selecting the car id which is red and at the same time black.\n\nsample:\n\nID | Color  \n 1 | Red\n 1 | Black\n 2 | Brown\n 2 | Red\n 3 | Black\n 3 | Yellow\n\n\n...","result_warc_relative_path":null,"result_warc_byte_offset":null},{"result_id":"07ef75b8-d10f-5453-b21f-e82d5977d0a4","result_url":"http:\/\/stackoverflow.com\/questions\/24370791\/does-oracle-have-any-construct-like-sql-servers-schema","result_domain":"stackoverflow.com","result_domain_public_suffix":"com","result_wayback_url":"https:\/\/web.archive.org\/web\/20140806180244\/http:\/\/stackoverflow.com\/questions\/24370791\/does-oracle-have-any-construct-like-sql-servers-schema","result_wayback_raw_url":"https:\/\/web.archive.org\/web\/20140806180244id_\/http:\/\/stackoverflow.com\/questions\/24370791\/does-oracle-have-any-construct-like-sql-servers-schema","result_snippet_rank":2,"result_snippet_title":"Does ORACLE have any construct like Sql Server's schema?","result_snippet_text":"I am generally a Sql Server coder, but we have a client who wants to move a system from Sql to ORACLE due to the new licensing model of Sql Server. \n\nI know historically, ORACLE has no logical ...","result_warc_relative_path":null,"result_warc_byte_offset":null},{"result_id":"5966647b-1bf9-550c-b711-16f17d059bac","result_url":"http:\/\/stackoverflow.com\/questions\/23739605\/query-to-get-the-list-of-tables-in-xml-format-using-oracle","result_domain":"stackoverflow.com","result_domain_public_suffix":"com","result_wayback_url":"https:\/\/web.archive.org\/web\/20140806180244\/http:\/\/stackoverflow.com\/questions\/23739605\/query-to-get-the-list-of-tables-in-xml-format-using-oracle","result_wayback_raw_url":"https:\/\/web.archive.org\/web\/20140806180244id_\/http:\/\/stackoverflow.com\/questions\/23739605\/query-to-get-the-list-of-tables-in-xml-format-using-oracle","result_snippet_rank":3,"result_snippet_title":"Query to get the list of tables in xml format using Oracle","result_snippet_text":"I have one query in sql-server which gives me details of database tables in xml format.\n\nQuery is:\n\nSELECT table_name,column_name,data_type,character_maximum_length\nFROM information_schema.columns \n...","result_warc_relative_path":null,"result_warc_byte_offset":null},{"result_id":"17604928-cf9b-5fea-8e23-2467ad0e055c","result_url":"http:\/\/stackoverflow.com\/questions\/23368830\/oracle-odbc-ms-sql-server-query-succeeds-materialized-view-fails-42s22","result_domain":"stackoverflow.com","result_domain_public_suffix":"com","result_wayback_url":"https:\/\/web.archive.org\/web\/20140806180244\/http:\/\/stackoverflow.com\/questions\/23368830\/oracle-odbc-ms-sql-server-query-succeeds-materialized-view-fails-42s22","result_wayback_raw_url":"https:\/\/web.archive.org\/web\/20140806180244id_\/http:\/\/stackoverflow.com\/questions\/23368830\/oracle-odbc-ms-sql-server-query-succeeds-materialized-view-fails-42s22","result_snippet_rank":4,"result_snippet_title":"Oracle -&gt; ODBC -&gt; MS SQL Server Query Succeeds\u2026 Materialized View Fails 42S22 Error 207","result_snippet_text":"On an Oracle DB 11gR2 Server, I have defined a database link to an MS SQL Server (msdbprod) using unixodbc and dg4odbc.\n\nThe following query executes successfully (as do pretty much all other valid ...","result_warc_relative_path":null,"result_warc_byte_offset":null},{"result_id":"80605836-0227-5310-9294-f761307ff870","result_url":"http:\/\/stackoverflow.com\/questions\/23129798\/how-to-print-zero-for-rows-with-no-content","result_domain":"stackoverflow.com","result_domain_public_suffix":"com","result_wayback_url":"https:\/\/web.archive.org\/web\/20140806180244\/http:\/\/stackoverflow.com\/questions\/23129798\/how-to-print-zero-for-rows-with-no-content","result_wayback_raw_url":"https:\/\/web.archive.org\/web\/20140806180244id_\/http:\/\/stackoverflow.com\/questions\/23129798\/how-to-print-zero-for-rows-with-no-content","result_snippet_rank":5,"result_snippet_title":"How to print zero for rows with no content?","result_snippet_text":"I have two table of bank database. One is customer list and other is account list. When I left outer join customer to account I have records of customer which does not have anything. How can I print ...","result_warc_relative_path":null,"result_warc_byte_offset":null},{"result_id":"dfce6bbe-f5f7-54aa-ad24-1d34453799be","result_url":"http:\/\/stackoverflow.com\/questions\/23089133\/oracle-equivalent-of-a-sql-server-query","result_domain":"stackoverflow.com","result_domain_public_suffix":"com","result_wayback_url":"https:\/\/web.archive.org\/web\/20140806180244\/http:\/\/stackoverflow.com\/questions\/23089133\/oracle-equivalent-of-a-sql-server-query","result_wayback_raw_url":"https:\/\/web.archive.org\/web\/20140806180244id_\/http:\/\/stackoverflow.com\/questions\/23089133\/oracle-equivalent-of-a-sql-server-query","result_snippet_rank":6,"result_snippet_title":"Oracle equivalent of a SQL Server query","result_snippet_text":"I need to know the Oracle equivalent of my SQL Sever query. Could someone please help me?\n\nselect recno = (select top 1 ld.recno from load ld where ld.crecno = i.recno) \nfrom inputtable i","result_warc_relative_path":null,"result_warc_byte_offset":null},{"result_id":"4711e3d5-115c-50b0-96d3-e02a121df3cf","result_url":"http:\/\/stackoverflow.com\/questions\/22849121\/sql-server-and-oracle-terminology","result_domain":"stackoverflow.com","result_domain_public_suffix":"com","result_wayback_url":"https:\/\/web.archive.org\/web\/20140806180244\/http:\/\/stackoverflow.com\/questions\/22849121\/sql-server-and-oracle-terminology","result_wayback_raw_url":"https:\/\/web.archive.org\/web\/20140806180244id_\/http:\/\/stackoverflow.com\/questions\/22849121\/sql-server-and-oracle-terminology","result_snippet_rank":7,"result_snippet_title":"SQL Server and Oracle terminology","result_snippet_text":"SQL Server and Oracle terminology - \n\n\n\n\n\nIn SQL Server If I have two applications and want to keep the database completely separate, I could simply create 1 database for each application therefore I ...","result_warc_relative_path":null,"result_warc_byte_offset":null},{"result_id":"60e96225-9573-5876-9e33-79a4bd73c7e2","result_url":"http:\/\/stackoverflow.com\/questions\/22535039\/insert-into-and-select-oracle-insert-only-ids-without-unique-constraint-violati","result_domain":"stackoverflow.com","result_domain_public_suffix":"com","result_wayback_url":"https:\/\/web.archive.org\/web\/20140806180244\/http:\/\/stackoverflow.com\/questions\/22535039\/insert-into-and-select-oracle-insert-only-ids-without-unique-constraint-violati","result_wayback_raw_url":"https:\/\/web.archive.org\/web\/20140806180244id_\/http:\/\/stackoverflow.com\/questions\/22535039\/insert-into-and-select-oracle-insert-only-ids-without-unique-constraint-violati","result_snippet_rank":8,"result_snippet_title":"Insert Into and Select Oracle: Insert only Ids without unique constraint violation","result_snippet_text":"I have two tables deparments and deparments_copy:\n\nSQL&gt; select * from departments;\nID DESCRIPTION\n 1 description1\n 2 description2\n 3 description3\n 4 description4\n 5 description5\n 6 description6\n 7 ...","result_warc_relative_path":null,"result_warc_byte_offset":null},{"result_id":"4ce7b2fd-24c1-57fd-ba20-2109a698b5f2","result_url":"http:\/\/stackoverflow.com\/questions\/22423535\/convert-date-to-long-using-query","result_domain":"stackoverflow.com","result_domain_public_suffix":"com","result_wayback_url":"https:\/\/web.archive.org\/web\/20140806180244\/http:\/\/stackoverflow.com\/questions\/22423535\/convert-date-to-long-using-query","result_wayback_raw_url":"https:\/\/web.archive.org\/web\/20140806180244id_\/http:\/\/stackoverflow.com\/questions\/22423535\/convert-date-to-long-using-query","result_snippet_rank":9,"result_snippet_title":"Convert Date to Long using query","result_snippet_text":"I have a table called User which has a column activityDate of DataType DATETIME .\n\nNow I have changed the DataType of column  activityDate form DateTime to Long .\n\nSo New values are inserted with long ...","result_warc_relative_path":null,"result_warc_byte_offset":null},{"result_id":"67e28adb-e133-5fe0-a6ea-b949bb3d69af","result_url":"http:\/\/stackoverflow.com\/questions\/22202874\/how-to-convert-oracle-repeat-interval-to-sql-server-msdb-dbo-sysschedules-freq","result_domain":"stackoverflow.com","result_domain_public_suffix":"com","result_wayback_url":"https:\/\/web.archive.org\/web\/20140806180244\/http:\/\/stackoverflow.com\/questions\/22202874\/how-to-convert-oracle-repeat-interval-to-sql-server-msdb-dbo-sysschedules-freq","result_wayback_raw_url":"https:\/\/web.archive.org\/web\/20140806180244id_\/http:\/\/stackoverflow.com\/questions\/22202874\/how-to-convert-oracle-repeat-interval-to-sql-server-msdb-dbo-sysschedules-freq","result_snippet_rank":10,"result_snippet_title":"How to convert Oracle REPEAT_INTERVAL to SQL Server msdb.dbo.sysschedules (freq_type, freq_interval)?","result_snippet_text":"How to convert Oracle REPEAT_INTERVAL to SQL Server msdb.dbo.sysschedules attributes (freq_type, freq_interval, etc..) and visa-versa ?\n\ne.g   if REPEAT_INTERVAL =\"FREQ=DAILY; BYHOUR=18; BYMINUTE=10\"\n...","result_warc_relative_path":null,"result_warc_byte_offset":null},{"result_id":"21adba26-7939-5be4-a49c-d30925ce31d4","result_url":"http:\/\/stackoverflow.com\/questions\/21847192\/facing-error-while-calling-sql-server-2000-procedure-form-bi-publishert-11g","result_domain":"stackoverflow.com","result_domain_public_suffix":"com","result_wayback_url":"https:\/\/web.archive.org\/web\/20140806180244\/http:\/\/stackoverflow.com\/questions\/21847192\/facing-error-while-calling-sql-server-2000-procedure-form-bi-publishert-11g","result_wayback_raw_url":"https:\/\/web.archive.org\/web\/20140806180244id_\/http:\/\/stackoverflow.com\/questions\/21847192\/facing-error-while-calling-sql-server-2000-procedure-form-bi-publishert-11g","result_snippet_rank":11,"result_snippet_title":"Facing error while calling SQL Server 2000 procedure form Bi publishert 11g","result_snippet_text":"We have been facing issue with calling a SQL Server 2000 stored procedure from BI publisher 11g.. \n\nThe error is: \n\n\n  [Hyperion][SQLServer JDBC Driver][SQLServer]Incorrect syntax near the keyword ...","result_warc_relative_path":null,"result_warc_byte_offset":null},{"result_id":"553a87a7-5e28-5bc4-8dcf-e9123063c7d3","result_url":"http:\/\/stackoverflow.com\/questions\/21722075\/oracle-control-file-equivalent-in-sql-server","result_domain":"stackoverflow.com","result_domain_public_suffix":"com","result_wayback_url":"https:\/\/web.archive.org\/web\/20140806180244\/http:\/\/stackoverflow.com\/questions\/21722075\/oracle-control-file-equivalent-in-sql-server","result_wayback_raw_url":"https:\/\/web.archive.org\/web\/20140806180244id_\/http:\/\/stackoverflow.com\/questions\/21722075\/oracle-control-file-equivalent-in-sql-server","result_snippet_rank":12,"result_snippet_title":"Oracle control file equivalent in sql server [closed]","result_snippet_text":"I have oracle generated control file .ctl file and text file containing the data I need to import.\n\nI need to import this data in text file into SQL Server table and using this .ctl file.\n\nOracle has ...","result_warc_relative_path":null,"result_warc_byte_offset":null},{"result_id":"4a93b467-5583-5008-ad65-1043241281cd","result_url":"http:\/\/stackoverflow.com\/questions\/21355606\/complex-oracle-syntax-query-to-sql-server-2008-syntax-query","result_domain":"stackoverflow.com","result_domain_public_suffix":"com","result_wayback_url":"https:\/\/web.archive.org\/web\/20140806180244\/http:\/\/stackoverflow.com\/questions\/21355606\/complex-oracle-syntax-query-to-sql-server-2008-syntax-query","result_wayback_raw_url":"https:\/\/web.archive.org\/web\/20140806180244id_\/http:\/\/stackoverflow.com\/questions\/21355606\/complex-oracle-syntax-query-to-sql-server-2008-syntax-query","result_snippet_rank":13,"result_snippet_title":"Complex Oracle Syntax Query to SQL Server 2008 Syntax Query","result_snippet_text":"I have a Oracle Syntax query which inserts json data as BLOB objects in Oracle Db.\nNeed the same kind of a query for running in sql server 2008 server.\n\nDECLARE\n  vAppconfig ...","result_warc_relative_path":null,"result_warc_byte_offset":null},{"result_id":"cf818029-197c-5192-ba62-4df9ba853b04","result_url":"http:\/\/stackoverflow.com\/questions\/20888695\/creating-oracle-view-based-on-sql-server-2008-table","result_domain":"stackoverflow.com","result_domain_public_suffix":"com","result_wayback_url":"https:\/\/web.archive.org\/web\/20140806180244\/http:\/\/stackoverflow.com\/questions\/20888695\/creating-oracle-view-based-on-sql-server-2008-table","result_wayback_raw_url":"https:\/\/web.archive.org\/web\/20140806180244id_\/http:\/\/stackoverflow.com\/questions\/20888695\/creating-oracle-view-based-on-sql-server-2008-table","result_snippet_rank":14,"result_snippet_title":"Creating Oracle view based on SQL Server 2008 table [duplicate]","result_snippet_text":"I need to create a view in Oracle that displays data from a SQL Server table. I'm not sure if there is a database link in SQL Server, and if so how to create one.\n\nhas anyone done this before?","result_warc_relative_path":null,"result_warc_byte_offset":null},{"result_id":"d959dcef-9f7a-5d40-8f4a-f4930e208e1d","result_url":"http:\/\/stackoverflow.com\/questions\/20373082\/query-to-return-unique-values-when-one-of-column-value-is-repeating","result_domain":"stackoverflow.com","result_domain_public_suffix":"com","result_wayback_url":"https:\/\/web.archive.org\/web\/20140806180244\/http:\/\/stackoverflow.com\/questions\/20373082\/query-to-return-unique-values-when-one-of-column-value-is-repeating","result_wayback_raw_url":"https:\/\/web.archive.org\/web\/20140806180244id_\/http:\/\/stackoverflow.com\/questions\/20373082\/query-to-return-unique-values-when-one-of-column-value-is-repeating","result_snippet_rank":15,"result_snippet_title":"Query to return unique values when one of column value is repeating","result_snippet_text":"I have a sql query like the following\n\nSELECT Name.Nameguid,Name.Name,relation.ancestorguid,relation.productguid,relation.pathLength\n     FROM Name Name \n     JOIN ProductRelationship relation \n       ...","result_warc_relative_path":null,"result_warc_byte_offset":null},{"result_id":"2560b9e7-3df2-5f15-8a0d-1da97d7936d1","result_url":"http:\/\/stackoverflow.com\/questions\/19448099\/retrieve-only-distinct-combinations","result_domain":"stackoverflow.com","result_domain_public_suffix":"com","result_wayback_url":"https:\/\/web.archive.org\/web\/20140806180244\/http:\/\/stackoverflow.com\/questions\/19448099\/retrieve-only-distinct-combinations","result_wayback_raw_url":"https:\/\/web.archive.org\/web\/20140806180244id_\/http:\/\/stackoverflow.com\/questions\/19448099\/retrieve-only-distinct-combinations","result_snippet_rank":16,"result_snippet_title":"Retrieve only distinct combinations","result_snippet_text":"I'm having column as Node varchar(25) in MS-SQL Server. \nThe possible values are \n\nnode\n-----\nD-C\nC-B\nB-A\nB-C\nB-E\nC-A \nA-B\nA-C\nC-D\netc.\n\n\nI want to retrieve the the distinct combinations from it.\n...","result_warc_relative_path":null,"result_warc_byte_offset":null},{"result_id":"a82f1078-486c-5c20-bafa-ccd8c002c15f","result_url":"http:\/\/stackoverflow.com\/questions\/18607179\/group-by-while-getting-the-ids-of-the-columns-that-meet-the-condition","result_domain":"stackoverflow.com","result_domain_public_suffix":"com","result_wayback_url":"https:\/\/web.archive.org\/web\/20140806180244\/http:\/\/stackoverflow.com\/questions\/18607179\/group-by-while-getting-the-ids-of-the-columns-that-meet-the-condition","result_wayback_raw_url":"https:\/\/web.archive.org\/web\/20140806180244id_\/http:\/\/stackoverflow.com\/questions\/18607179\/group-by-while-getting-the-ids-of-the-columns-that-meet-the-condition","result_snippet_rank":17,"result_snippet_title":"group by while getting the Ids of the columns that meet the condition","result_snippet_text":"I wanted to write something like this\n\nSELECT MIN(date),\n       id \n   FROM test \n  WHERE t.SITE_ID=SITE_id \n  GROUP BY SITE_ID\n\n\nbut its not possible to get the ids after a group by call.\n\nthen I ...","result_warc_relative_path":null,"result_warc_byte_offset":null},{"result_id":"f2d97537-c216-5c9a-a5d5-93ab3e354c05","result_url":"http:\/\/stackoverflow.com\/questions\/18589017\/how-to-migrate-sql-server-database-to-oracle-without-using-sql-developer","result_domain":"stackoverflow.com","result_domain_public_suffix":"com","result_wayback_url":"https:\/\/web.archive.org\/web\/20140806180244\/http:\/\/stackoverflow.com\/questions\/18589017\/how-to-migrate-sql-server-database-to-oracle-without-using-sql-developer","result_wayback_raw_url":"https:\/\/web.archive.org\/web\/20140806180244id_\/http:\/\/stackoverflow.com\/questions\/18589017\/how-to-migrate-sql-server-database-to-oracle-without-using-sql-developer","result_snippet_rank":18,"result_snippet_title":"How to migrate SQL server database to Oracle without using SQL Developer?","result_snippet_text":"I'm writing a program in java language which is similar to SQL Developer. I wondered how can I import SQL Server database to Oracle. If I know the scripts or a guide to that, I could do it easily. Or ...","result_warc_relative_path":null,"result_warc_byte_offset":null},{"result_id":"7736ab5f-7f1c-51c6-a878-3f3bb49e27db","result_url":"http:\/\/stackoverflow.com\/questions\/17328224\/oracle-equivalent-of-t-sql-set-var-var","result_domain":"stackoverflow.com","result_domain_public_suffix":"com","result_wayback_url":"https:\/\/web.archive.org\/web\/20140806180244\/http:\/\/stackoverflow.com\/questions\/17328224\/oracle-equivalent-of-t-sql-set-var-var","result_wayback_raw_url":"https:\/\/web.archive.org\/web\/20140806180244id_\/http:\/\/stackoverflow.com\/questions\/17328224\/oracle-equivalent-of-t-sql-set-var-var","result_snippet_rank":19,"result_snippet_title":"Oracle equivalent of T-SQL SET @var = @var + ' ';","result_snippet_text":"Switching over to Oracle from SQL Server. How do I concatenate a string on to a variable inside a loop? In SQL Server I would've wrote something like \n\nDECLARE @var varchar(max);\nWHILE ([I'm doing ...","result_warc_relative_path":null,"result_warc_byte_offset":null},{"result_id":"5b45827b-a0b4-559a-bd05-46c3789cdff1","result_url":"http:\/\/stackoverflow.com\/questions\/17186840\/update-a-column-with-comma-separated-string","result_domain":"stackoverflow.com","result_domain_public_suffix":"com","result_wayback_url":"https:\/\/web.archive.org\/web\/20140806180244\/http:\/\/stackoverflow.com\/questions\/17186840\/update-a-column-with-comma-separated-string","result_wayback_raw_url":"https:\/\/web.archive.org\/web\/20140806180244id_\/http:\/\/stackoverflow.com\/questions\/17186840\/update-a-column-with-comma-separated-string","result_snippet_rank":20,"result_snippet_title":"Update a column with comma separated string","result_snippet_text":"I want to update a single column within my table with multiple values.\n\nUpdate Table_cust\nSet Cust_Value=('1','2','3')\nwhere cust_id in ('ABC','XYZ')\n\n\nWhen I run this I get an error saying right ...","result_warc_relative_path":null,"result_warc_byte_offset":null},{"result_id":"1c52f531-a456-5fea-a0cc-a2656996a313","result_url":"http:\/\/stackoverflow.com\/questions\/16977625\/oracle-sql-query-to-find-data-which-are-similar-but-not-exactly-same","result_domain":"stackoverflow.com","result_domain_public_suffix":"com","result_wayback_url":"https:\/\/web.archive.org\/web\/20140806180244\/http:\/\/stackoverflow.com\/questions\/16977625\/oracle-sql-query-to-find-data-which-are-similar-but-not-exactly-same","result_wayback_raw_url":"https:\/\/web.archive.org\/web\/20140806180244id_\/http:\/\/stackoverflow.com\/questions\/16977625\/oracle-sql-query-to-find-data-which-are-similar-but-not-exactly-same","result_snippet_rank":21,"result_snippet_title":"ORACLE SQL query to find data which are similar, but not exactly same","result_snippet_text":"I am trying to search for data which are similar, but not exactly same, means that the data is not total duplicate.\n\nI need to find the data for the column value PROJECTNAME,from the record ...","result_warc_relative_path":null,"result_warc_byte_offset":null},{"result_id":"0dd3b0ff-175b-51b9-84a5-5594e0cde35f","result_url":"http:\/\/stackoverflow.com\/questions\/14203678\/test-connection-failed-because-of-an-error-in-initializing-provider-the-oraole","result_domain":"stackoverflow.com","result_domain_public_suffix":"com","result_wayback_url":"https:\/\/web.archive.org\/web\/20140806180244\/http:\/\/stackoverflow.com\/questions\/14203678\/test-connection-failed-because-of-an-error-in-initializing-provider-the-oraole","result_wayback_raw_url":"https:\/\/web.archive.org\/web\/20140806180244id_\/http:\/\/stackoverflow.com\/questions\/14203678\/test-connection-failed-because-of-an-error-in-initializing-provider-the-oraole","result_snippet_rank":22,"result_snippet_title":"Test connection failed because of an error in initializing provider. The 'OraOLEDB.Oracle.1' provider is not registered on the local machine","result_snippet_text":"I get this error when trying to connect to an Oracle 11g database from SSIS 2008 on a laptop running Windows 7. \n\nTest connection failed because of an error in initializing provider. The ...","result_warc_relative_path":null,"result_warc_byte_offset":null},{"result_id":"cfc30026-a435-5e1e-892e-f3a65cef4f87","result_url":"http:\/\/stackoverflow.com\/questions\/13334073\/execute-as-vs-select-from-linked-server","result_domain":"stackoverflow.com","result_domain_public_suffix":"com","result_wayback_url":"https:\/\/web.archive.org\/web\/20140806180244\/http:\/\/stackoverflow.com\/questions\/13334073\/execute-as-vs-select-from-linked-server","result_wayback_raw_url":"https:\/\/web.archive.org\/web\/20140806180244id_\/http:\/\/stackoverflow.com\/questions\/13334073\/execute-as-vs-select-from-linked-server","result_snippet_rank":23,"result_snippet_title":"EXECUTE AS vs SELECT FROM linked server","result_snippet_text":"I've got an Oracle server integrated with MS SQL as a linked server. Currently I'm working on the query optimization. I've found out that queries that written as following:\n\nSELECT colName1, colName2, ...","result_warc_relative_path":null,"result_warc_byte_offset":null},{"result_id":"6b677e90-b813-5cbb-b703-d0a078c2dd30","result_url":"http:\/\/stackoverflow.com\/questions\/13133378\/data-migration-from-oracle-to-sql-server","result_domain":"stackoverflow.com","result_domain_public_suffix":"com","result_wayback_url":"https:\/\/web.archive.org\/web\/20140806180244\/http:\/\/stackoverflow.com\/questions\/13133378\/data-migration-from-oracle-to-sql-server","result_wayback_raw_url":"https:\/\/web.archive.org\/web\/20140806180244id_\/http:\/\/stackoverflow.com\/questions\/13133378\/data-migration-from-oracle-to-sql-server","result_snippet_rank":24,"result_snippet_title":"Data Migration From Oracle To SQL Server","result_snippet_text":"I have Oracle database in that in one or more table I have blob data also, i.e. images are stored, now I would like to move that data to sql server database, what is the best way to do this ?\n\nI would ...","result_warc_relative_path":null,"result_warc_byte_offset":null},{"result_id":"d9a3c144-7398-5e39-a8f5-fbcbebcb9644","result_url":"http:\/\/stackoverflow.com\/questions\/11365628\/oracle-and-sql-server-convert-hex-to-decimal","result_domain":"stackoverflow.com","result_domain_public_suffix":"com","result_wayback_url":"https:\/\/web.archive.org\/web\/20140806180244\/http:\/\/stackoverflow.com\/questions\/11365628\/oracle-and-sql-server-convert-hex-to-decimal","result_wayback_raw_url":"https:\/\/web.archive.org\/web\/20140806180244id_\/http:\/\/stackoverflow.com\/questions\/11365628\/oracle-and-sql-server-convert-hex-to-decimal","result_snippet_rank":25,"result_snippet_title":"Oracle and SQL Server - Convert Hex to Decimal","result_snippet_text":"I need a way to convert hex values to numbers so that I can sum them together (I need to end up with a single value) in both oracle and SQL server.  I'm having a hard time getting the same results on ...","result_warc_relative_path":null,"result_warc_byte_offset":null},{"result_id":"94e4846c-39bb-5221-a478-41eba0ec4792","result_url":"http:\/\/stackoverflow.com\/questions\/9379716\/performance-problems-on-oracle-11-which-are-quite-fast-on-sql-server-2005","result_domain":"stackoverflow.com","result_domain_public_suffix":"com","result_wayback_url":"https:\/\/web.archive.org\/web\/20140806180244\/http:\/\/stackoverflow.com\/questions\/9379716\/performance-problems-on-oracle-11-which-are-quite-fast-on-sql-server-2005","result_wayback_raw_url":"https:\/\/web.archive.org\/web\/20140806180244id_\/http:\/\/stackoverflow.com\/questions\/9379716\/performance-problems-on-oracle-11-which-are-quite-fast-on-sql-server-2005","result_snippet_rank":26,"result_snippet_title":"Performance problems on Oracle (11) which are quite fast on SQL Server (2005) [closed]","result_snippet_text":"at the moment i am moving a big table structure from SQL Server to Oracle, but I noticed that many queries which execute intermediately on SQL-Server Express (2005\/2008) 1 to 1 translated in Oracle ...","result_warc_relative_path":null,"result_warc_byte_offset":null},{"result_id":"18ad5678-f95f-57db-b3ff-f68249291d83","result_url":"http:\/\/stackoverflow.com\/questions\/4987224\/what-is-the-oracle-stream-equivalent-in-sql-server-2008-r2","result_domain":"stackoverflow.com","result_domain_public_suffix":"com","result_wayback_url":"https:\/\/web.archive.org\/web\/20140806180244\/http:\/\/stackoverflow.com\/questions\/4987224\/what-is-the-oracle-stream-equivalent-in-sql-server-2008-r2","result_wayback_raw_url":"https:\/\/web.archive.org\/web\/20140806180244id_\/http:\/\/stackoverflow.com\/questions\/4987224\/what-is-the-oracle-stream-equivalent-in-sql-server-2008-r2","result_snippet_rank":27,"result_snippet_title":"What is the Oracle stream equivalent in SQL Server 2008 R2?","result_snippet_text":"What is the Oracle stream equivalent in SQL Server 2008 R2? What entities it can stream (sequences, functions, user data types)? Is there something like a \"streaming plan\" to set\/choose?","result_warc_relative_path":null,"result_warc_byte_offset":null},{"result_id":"1bb71c79-2cdf-5d97-b992-710bb4370e3c","result_url":"http:\/\/stackoverflow.com\/questions\/4788987\/query-runs-quickly-in-oracle-sql-developer-but-slowly-in-ssrs-2008-r2","result_domain":"stackoverflow.com","result_domain_public_suffix":"com","result_wayback_url":"https:\/\/web.archive.org\/web\/20140806180244\/http:\/\/stackoverflow.com\/questions\/4788987\/query-runs-quickly-in-oracle-sql-developer-but-slowly-in-ssrs-2008-r2","result_wayback_raw_url":"https:\/\/web.archive.org\/web\/20140806180244id_\/http:\/\/stackoverflow.com\/questions\/4788987\/query-runs-quickly-in-oracle-sql-developer-but-slowly-in-ssrs-2008-r2","result_snippet_rank":28,"result_snippet_title":"Query runs quickly in Oracle SQL Developer, but slowly in SSRS 2008 R2","result_snippet_text":"It's that simple: a query that runs in just a few seconds in SQL Developer connecting to Oracle 11g takes 15-25 minutes in SSRS 2008 R2. I haven't tried other versions of SSRS. So far I'm doing all ...","result_warc_relative_path":null,"result_warc_byte_offset":null},{"result_id":"9abc60e0-db32-544c-8443-98d65a13a3c9","result_url":"http:\/\/stackoverflow.com\/questions\/1828916\/data-correlation-in-large-databases","result_domain":"stackoverflow.com","result_domain_public_suffix":"com","result_wayback_url":"https:\/\/web.archive.org\/web\/20140806180244\/http:\/\/stackoverflow.com\/questions\/1828916\/data-correlation-in-large-databases","result_wayback_raw_url":"https:\/\/web.archive.org\/web\/20140806180244id_\/http:\/\/stackoverflow.com\/questions\/1828916\/data-correlation-in-large-databases","result_snippet_rank":29,"result_snippet_title":"Data Correlation in large Databases","result_snippet_text":"We're trying to identify the locations of certain information stored across our enterprise in order to bring it into compliance with our data policies.  On the file end, we're using Nessus to search ...","result_warc_relative_path":null,"result_warc_byte_offset":null}],"search_provider_name":"stackoverflow","search_provider_alexa_domain":"stackoverflow.com","search_provider_alexa_domain_public_suffix":"com","search_provider_alexa_rank":43,"search_provider_category":"question-and-answer"}
