{"serp_id":"c7197f18-8098-53ef-94dc-bbbc1f58b216","serp_url":"https:\/\/www.youtube.com\/results?search_query=%D0%BA%D0%B0%D0%BA+%D0%BF%D1%80%D0%B0%D0%B2%D0%B8%D0%BB%D1%8C%D0%BD%D0%BE+%D0%BA%D0%BE%D1%81%D0%B8%D1%82%D1%8C+%D0%BC%D0%BE%D1%82%D0%BE%D0%BA%D0%BE%D1%81%D0%BE%D0%B9","serp_timestamp":1572651559000,"serp_wayback_url":"https:\/\/web.archive.org\/web\/20191102003919\/https:\/\/www.youtube.com\/results?search_query=%D0%BA%D0%B0%D0%BA+%D0%BF%D1%80%D0%B0%D0%B2%D0%B8%D0%BB%D1%8C%D0%BD%D0%BE+%D0%BA%D0%BE%D1%81%D0%B8%D1%82%D1%8C+%D0%BC%D0%BE%D1%82%D0%BE%D0%BA%D0%BE%D1%81%D0%BE%D0%B9","serp_wayback_raw_url":"https:\/\/web.archive.org\/web\/20191102003919id_\/https:\/\/www.youtube.com\/results?search_query=%D0%BA%D0%B0%D0%BA+%D0%BF%D1%80%D0%B0%D0%B2%D0%B8%D0%BB%D1%8C%D0%BD%D0%BE+%D0%BA%D0%BE%D1%81%D0%B8%D1%82%D1%8C+%D0%BC%D0%BE%D1%82%D0%BE%D0%BA%D0%BE%D1%81%D0%BE%D0%B9","serp_page":null,"serp_offset":null,"serp_query_text_url":"\u043a\u0430\u043a \u043f\u0440\u0430\u0432\u0438\u043b\u044c\u043d\u043e \u043a\u043e\u0441\u0438\u0442\u044c \u043c\u043e\u0442\u043e\u043a\u043e\u0441\u043e\u0439","serp_query_text_url_language":"ru","serp_query_text_html":"\u043a\u0430\u043a \u043f\u0440\u0430\u0432\u0438\u043b\u044c\u043d\u043e \u043a\u043e\u0441\u0438\u0442\u044c \u043c\u043e\u0442\u043e\u043a\u043e\u0441\u043e\u0439","serp_warc_relative_path":"focused\/archived-raw-serps\/youtube\/youtube.com%2Fresults%3F\/0000000488\/0000000000.warc.gz","serp_warc_byte_offset":344205,"serp_results":[{"result_id":"9f182404-d9a5-53b8-bb61-8a64f72f1661","result_url":"https:\/\/www.youtube.com\/watch?v=A4awKVC1MuM","result_domain":"www.youtube.com","result_domain_public_suffix":"com","result_wayback_url":"https:\/\/web.archive.org\/web\/20191102003919\/https:\/\/www.youtube.com\/watch?v=A4awKVC1MuM","result_wayback_raw_url":"https:\/\/web.archive.org\/web\/20191102003919id_\/https:\/\/www.youtube.com\/watch?v=A4awKVC1MuM","result_snippet_rank":1,"result_snippet_title":"\u041a\u0430\u043a \u041f\u0420\u0410\u0412\u0418\u041b\u042c\u041d\u041e \u0417\u0430\u0432\u043e\u0434\u0438\u0442\u044c \u0438 \u041a\u043e\u0441\u0438\u0442\u044c \u043c\u043e\u0442\u043e\u043a\u043e\u0441\u043e\u0439! - \u041f\u0440\u043e\u0434\u043e\u043b\u0436\u0438\u0442\u0435\u043b\u044c\u043d\u043e\u0441\u0442\u044c: 6:40","result_snippet_text":"\u0412\u0438\u0434\u0435\u043e\u043e\u0431\u0437\u043e\u0440 \u0437\u0430\u043f\u0443\u0441\u043a \u043c\u043e\u0442\u043e\u043a\u043e\u0441\u044b, \u0437\u0430\u0449\u0438\u0442\u043d\u043e\u0435 \u0441\u043d\u0430\u0440\u044f\u0436\u0435\u043d\u0438\u0435 \u043a\u043e\u0441\u0430\u0440\u044f \u0438 \u0441\u0430\u043c \u043f\u0440\u043e\u0446\u0435\u0441 \u043f\u043e\u043a\u043e\u0441\u0430 \u0442\u0440\u0430\u0432\u044b. \u041c\u043e\u0442\u043e\u043a\u043e\u0441\u0430 - Werk WB-494\u00a0...","result_warc_relative_path":null,"result_warc_byte_offset":null},{"result_id":"973efaf8-8193-5dcf-ae52-0332ccd83bf2","result_url":"https:\/\/www.youtube.com\/watch?v=KLFUjxX7dg8","result_domain":"www.youtube.com","result_domain_public_suffix":"com","result_wayback_url":"https:\/\/web.archive.org\/web\/20191102003919\/https:\/\/www.youtube.com\/watch?v=KLFUjxX7dg8","result_wayback_raw_url":"https:\/\/web.archive.org\/web\/20191102003919id_\/https:\/\/www.youtube.com\/watch?v=KLFUjxX7dg8","result_snippet_rank":2,"result_snippet_title":"\u041c\u043e\u0442\u043e\u043a\u043e\u0441\u0430: \u043d\u0430\u0434\u043e \u043b\u0438 \u0433\u0430\u0437\u043e\u0432\u0430\u0442\u044c \u0438\u043b\u0438 \u0440\u0430\u0431\u043e\u0442\u0430\u0442\u044c \u0440\u0430\u0432\u043d\u043e\u043c\u0435\u0440\u043d\u043e? - \u041f\u0440\u043e\u0434\u043e\u043b\u0436\u0438\u0442\u0435\u043b\u044c\u043d\u043e\u0441\u0442\u044c: 10:38","result_snippet_text":"\u0422\u0430\u043a\u0436\u0435: \u043a\u0430\u043a \u043d\u0430\u0441\u0442\u0440\u043e\u0438\u0442\u044c \u0440\u0430\u0431\u043e\u0442\u0443 \u043d\u0430 \u0437\u0430\u0444\u0438\u043a\u0441\u0438\u0440\u043e\u0432\u0430\u043d\u043d\u043e\u0439 \u0440\u0443\u0447\u043a\u0435 \u0433\u0430\u0437\u0430?","result_warc_relative_path":null,"result_warc_byte_offset":null},{"result_id":"87bffe29-b392-5608-bd05-8cf0f2156031","result_url":"https:\/\/www.youtube.com\/watch?v=uWwX9BV-tNQ","result_domain":"www.youtube.com","result_domain_public_suffix":"com","result_wayback_url":"https:\/\/web.archive.org\/web\/20191102003919\/https:\/\/www.youtube.com\/watch?v=uWwX9BV-tNQ","result_wayback_raw_url":"https:\/\/web.archive.org\/web\/20191102003919id_\/https:\/\/www.youtube.com\/watch?v=uWwX9BV-tNQ","result_snippet_rank":3,"result_snippet_title":"\u041d\u044e\u0430\u043d\u0441\u044b \u0440\u0430\u0431\u043e\u0442\u044b \u043b\u0435\u0441\u043a\u043e\u0439 - \u043f\u0440\u0430\u043a\u0442\u0438\u043a\u0430 - \u041f\u0440\u043e\u0434\u043e\u043b\u0436\u0438\u0442\u0435\u043b\u044c\u043d\u043e\u0441\u0442\u044c: 5:32","result_snippet_text":"\u041e\u043f\u0438\u0441\u0430\u043d\u044b \u043d\u044e\u0430\u043d\u0441\u044b \u0440\u0430\u0431\u043e\u0442\u044b <em>\u043c\u043e\u0442\u043e\u043a\u043e\u0441\u043e\u0439<\/em> \u0434\u043b\u044f \u0445\u043e\u0440\u043e\u0448\u0435\u0433\u043e \u043f\u043e\u043a\u043e\u0441\u0430 \u0433\u0430\u0437\u043e\u043d\u0430 \u0438 \u0434\u0440\u0443\u0433\u0438\u0445 \u0446\u0435\u043b\u0435\u0439. \u041c\u043e\u0439 \u043b\u0438\u0447\u043d\u044b\u0439 \u043e\u043f\u044b\u0442. \u041c\u043e\u0438 \u0441\u0442\u0440\u0430\u043d\u0438\u0446...","result_warc_relative_path":null,"result_warc_byte_offset":null},{"result_id":"5ee2a21f-3d5a-5790-9c4a-28341f1c9903","result_url":"https:\/\/www.youtube.com\/watch?v=iYaq7m6G4uc","result_domain":"www.youtube.com","result_domain_public_suffix":"com","result_wayback_url":"https:\/\/web.archive.org\/web\/20191102003919\/https:\/\/www.youtube.com\/watch?v=iYaq7m6G4uc","result_wayback_raw_url":"https:\/\/web.archive.org\/web\/20191102003919id_\/https:\/\/www.youtube.com\/watch?v=iYaq7m6G4uc","result_snippet_rank":4,"result_snippet_title":"\u041a\u043e\u0448\u0435\u043d\u0438\u0435  \u0432 \u043e\u0434\u043d\u0443 \u0438 \u043e\u0431\u0435 \u0441\u0442\u0440\u043e\u043d\u044b \u0431\u0435\u043d\u0437\u043e\u043a\u043e\u0441\u043e\u0439 \u0432 \u043f\u043e\u043a\u043e\u0441. - \u041f\u0440\u043e\u0434\u043e\u043b\u0436\u0438\u0442\u0435\u043b\u044c\u043d\u043e\u0441\u0442\u044c: 4:30","result_snippet_text":null,"result_warc_relative_path":null,"result_warc_byte_offset":null},{"result_id":"1c464938-d581-51f9-bac2-425494cb1a9b","result_url":"https:\/\/www.youtube.com\/watch?v=RJxrzy-Of2Y","result_domain":"www.youtube.com","result_domain_public_suffix":"com","result_wayback_url":"https:\/\/web.archive.org\/web\/20191102003919\/https:\/\/www.youtube.com\/watch?v=RJxrzy-Of2Y","result_wayback_raw_url":"https:\/\/web.archive.org\/web\/20191102003919id_\/https:\/\/www.youtube.com\/watch?v=RJxrzy-Of2Y","result_snippet_rank":5,"result_snippet_title":"\u041a\u0430\u043a \u043d\u0430\u0441\u0442\u0440\u043e\u0438\u0442\u044c \u0442\u0440\u0438\u043c\u043c\u0435\u0440, \u043a\u0430\u043a \u043a\u043e\u0441\u0438\u0442\u044c, \u0447\u0435\u043c \u0437\u0430\u043f\u0440\u0430\u0432\u043b\u044f\u0442\u044c. - \u041f\u0440\u043e\u0434\u043e\u043b\u0436\u0438\u0442\u0435\u043b\u044c\u043d\u043e\u0441\u0442\u044c: 10:02","result_snippet_text":"\u0416\u0438\u0437\u043d\u044c \u0432 \u0434\u0435\u0440\u0435\u0432\u043d\u0435. \u0412\u0441\u0435 \u043d\u0430\u0448\u0438 \u0432\u0438\u0434\u0435\u043e: https:\/\/goo.gl\/3f9c4V \u0420\u043e\u043b\u0438\u043a \u0431\u044b\u043b \u0441\u043d\u044f\u0442 \u043d\u0430 \u043a\u0430\u043c\u0435\u0440\u0443 sjcam4000: http:\/\/ali.pub\/pikcm.","result_warc_relative_path":null,"result_warc_byte_offset":null},{"result_id":"f26c07c4-265f-5b6b-a8ef-2ce89ada7ab5","result_url":"https:\/\/www.youtube.com\/watch?v=G2FRLtiq41E","result_domain":"www.youtube.com","result_domain_public_suffix":"com","result_wayback_url":"https:\/\/web.archive.org\/web\/20191102003919\/https:\/\/www.youtube.com\/watch?v=G2FRLtiq41E","result_wayback_raw_url":"https:\/\/web.archive.org\/web\/20191102003919id_\/https:\/\/www.youtube.com\/watch?v=G2FRLtiq41E","result_snippet_rank":6,"result_snippet_title":"\u041d\u044e\u0430\u043d\u0441\u044b \u0440\u0430\u0431\u043e\u0442\u044b \u043c\u043e\u0442\u043e\u043a\u043e\u0441\u043e\u0439 \u043d\u043e\u0436\u043e\u043c   \u043f\u0440\u0430\u043a\u0442\u0438\u043a\u0430 - \u041f\u0440\u043e\u0434\u043e\u043b\u0436\u0438\u0442\u0435\u043b\u044c\u043d\u043e\u0441\u0442\u044c: 6:17","result_snippet_text":"\u0420\u0430\u0441\u0441\u043a\u0430\u0437\u0430\u043d\u044b \u0438 \u043f\u043e\u043a\u0430\u0437\u0430\u043d\u044b \u043d\u044e\u0430\u043d\u0441\u044b \u0440\u0430\u0431\u043e\u0442\u044b <em>\u043c\u043e\u0442\u043e\u043a\u043e\u0441\u043e\u0439<\/em> \u0434\u043b\u044f \u0445\u043e\u0440\u043e\u0448\u0435\u0433\u043e \u0441\u0435\u043d\u043e\u043a\u043e\u0441\u0430. \u041c\u043e\u0439 \u043b\u0438\u0447\u043d\u044b\u0439 \u043e\u043f\u044b\u0442. \u041c\u043e\u0438 \u0441\u0442\u0440\u0430\u043d\u0438\u0446\u044b:...","result_warc_relative_path":null,"result_warc_byte_offset":null},{"result_id":"8cc43ea4-9133-55ab-bc93-1a1d4d1d4c3b","result_url":"https:\/\/www.youtube.com\/watch?v=ESnNRHmzsXc","result_domain":"www.youtube.com","result_domain_public_suffix":"com","result_wayback_url":"https:\/\/web.archive.org\/web\/20191102003919\/https:\/\/www.youtube.com\/watch?v=ESnNRHmzsXc","result_wayback_raw_url":"https:\/\/web.archive.org\/web\/20191102003919id_\/https:\/\/www.youtube.com\/watch?v=ESnNRHmzsXc","result_snippet_rank":7,"result_snippet_title":"\u041a\u0430\u043a \u043a\u043e\u0441\u0438\u0442\u044c \u0431\u0435\u043d\u0437\u043e\u043a\u043e\u0441\u043e\u0439? (\u0442\u0440\u0438\u043c\u043c\u0435\u0440\u043e\u043c) (Oleo Mac Sparta) Work with the trimmer Oleo Mac - \u041f\u0440\u043e\u0434\u043e\u043b\u0436\u0438\u0442\u0435\u043b\u044c\u043d\u043e\u0441\u0442\u044c: 3:57","result_snippet_text":"\u0412\u0438\u0434\u0435\u043e \u0441\u0434\u0435\u043b\u0430\u043d\u043e \u0434\u043b\u044f \u043d\u043e\u0432\u0438\u0447\u043a\u043e\u0432 \u043a\u043e\u0442\u043e\u0440\u044b\u0435 \u0432\u043f\u0435\u0440\u0432\u044b\u0435 \u0432\u0438\u0434\u044f\u0442 \u0431\u0435\u043d\u0437\u043e\u043a\u043e\u0441\u0443! \u0415\u0441\u0442\u044c \u043f\u0440\u0430\u043a\u0442\u0438\u0447\u043d\u044b\u0435 \u0438 \u0434\u0435\u043b\u044c\u043d\u044b\u0435 \u0441\u043e\u0432\u0435\u0442\u044b! Videos made for...","result_warc_relative_path":null,"result_warc_byte_offset":null},{"result_id":"066ebeef-3b00-52ce-9ec4-28d4d0864b6a","result_url":"https:\/\/www.youtube.com\/watch?v=pzh4uADXE7g","result_domain":"www.youtube.com","result_domain_public_suffix":"com","result_wayback_url":"https:\/\/web.archive.org\/web\/20191102003919\/https:\/\/www.youtube.com\/watch?v=pzh4uADXE7g","result_wayback_raw_url":"https:\/\/web.archive.org\/web\/20191102003919id_\/https:\/\/www.youtube.com\/watch?v=pzh4uADXE7g","result_snippet_rank":8,"result_snippet_title":"\u041c\u043e\u0442\u043e\u043a\u043e\u0441\u0430, \u0442\u0440\u0438\u043c\u0435\u0440, \u041a\u043e\u0441\u0438\u043c \u0432\u044b\u0441\u043e\u043a\u0443\u044e \u0442\u0440\u0430\u0432\u0443 \u0434\u0438\u0441\u043a\u043e\u043c .Yamamoto SRM-520 PRO - \u041f\u0440\u043e\u0434\u043e\u043b\u0436\u0438\u0442\u0435\u043b\u044c\u043d\u043e\u0441\u0442\u044c: 16:12","result_snippet_text":"\u041e\u0431\u0437\u043e\u0440. \u041a\u043e\u0441\u0438\u043c \u0442\u0440\u0430\u0432\u0443 \u043d\u0430 \u0441\u0435\u043d\u043e. \u0417\u0430\u043e\u0434\u043d\u043e \u0438 \u0434\u0435\u0440\u0435\u0432\u043e)) \u043d\u0430 8.46 \u044d\u0442\u043e \u043e\u0442\u043b\u0438\u0447\u043d\u043e \u0432\u0438\u0434\u043d\u043e. \u0417\u0430\u043a\u0430\u0437\u0430\u0442\u044c \u043c\u043e\u0436\u043d\u043e \u0437\u0434\u0435\u0441\u044c: https:\/\/instrumentest.net\/","result_warc_relative_path":null,"result_warc_byte_offset":null},{"result_id":"ebc7ff81-7c8a-564a-b1cb-e57737b30cff","result_url":"https:\/\/www.youtube.com\/watch?v=LClNujIiEQw","result_domain":"www.youtube.com","result_domain_public_suffix":"com","result_wayback_url":"https:\/\/web.archive.org\/web\/20191102003919\/https:\/\/www.youtube.com\/watch?v=LClNujIiEQw","result_wayback_raw_url":"https:\/\/web.archive.org\/web\/20191102003919id_\/https:\/\/www.youtube.com\/watch?v=LClNujIiEQw","result_snippet_rank":9,"result_snippet_title":"\u041a\u0410\u041a \u0414\u0415\u0412\u0423\u0428\u041a\u0418 \u0417\u0410\u0412\u041e\u0414\u0418\u041b\u0418 \u041c\u041e\u0422\u041e\u041a\u041e\u0421\u0423 - \u041f\u0440\u043e\u0434\u043e\u043b\u0436\u0438\u0442\u0435\u043b\u044c\u043d\u043e\u0441\u0442\u044c: 7:12","result_snippet_text":"\u041f\u041e\u0414\u0414\u0415\u0420\u0416\u0418\u0422\u0415 \u041a\u0420\u0410\u0421\u0410\u0412\u0418\u0426 \u041f\u041e\u0414\u041f\u0418\u0421\u041a\u041e\u0419 \u041d\u0410 \u041a\u0410\u041d\u0410\u041b \u0418 \u041b\u0410\u0419\u041a\u041e\u041c ! \u0417\u0434\u0440\u0430\u0432\u0441\u0442\u0432\u0443\u0439\u0442\u0435! \u041c\u044b \u0434\u0435\u0440\u0435\u0432\u0435\u043d\u0441\u043a\u0438\u0435 \u0431\u043b\u043e\u0433\u0435\u0440\u044b \u0438 \u0431\u0443\u0434\u0443\u0449\u0438\u0435\u00a0...","result_warc_relative_path":null,"result_warc_byte_offset":null},{"result_id":"4df7747b-4bab-5926-bedd-3ad3b77e0a32","result_url":"https:\/\/www.youtube.com\/watch?v=7q1RsZEnrfk","result_domain":"www.youtube.com","result_domain_public_suffix":"com","result_wayback_url":"https:\/\/web.archive.org\/web\/20191102003919\/https:\/\/www.youtube.com\/watch?v=7q1RsZEnrfk","result_wayback_raw_url":"https:\/\/web.archive.org\/web\/20191102003919id_\/https:\/\/www.youtube.com\/watch?v=7q1RsZEnrfk","result_snippet_rank":10,"result_snippet_title":"\u041a\u0430\u043a \u043a\u043e\u0441\u0438\u0442\u044c \u0431\u0435\u043d\u0437\u043e\u043a\u043e\u0441\u043e\u0439 | \u0442\u0440\u0438\u043c\u043c\u0435\u0440\u043e\u043c | \u043c\u043e\u0442\u043e\u043a\u043e\u0441\u043e\u0439 - \u041f\u0440\u043e\u0434\u043e\u043b\u0436\u0438\u0442\u0435\u043b\u044c\u043d\u043e\u0441\u0442\u044c: 4:56","result_snippet_text":null,"result_warc_relative_path":null,"result_warc_byte_offset":null},{"result_id":"290d60c5-237f-56ba-8f01-873d0193115c","result_url":"https:\/\/www.youtube.com\/watch?v=YeK92SH69JI","result_domain":"www.youtube.com","result_domain_public_suffix":"com","result_wayback_url":"https:\/\/web.archive.org\/web\/20191102003919\/https:\/\/www.youtube.com\/watch?v=YeK92SH69JI","result_wayback_raw_url":"https:\/\/web.archive.org\/web\/20191102003919id_\/https:\/\/www.youtube.com\/watch?v=YeK92SH69JI","result_snippet_rank":11,"result_snippet_title":"\u041a\u0430\u043a \u043d\u0435 \u0443\u0431\u0438\u0442\u044c \u043c\u043e\u0442\u043e\u043a\u043e\u0441\u0443 \/ \u0442\u0440\u0438\u043c\u043c\u0435\u0440. \u041d\u0435\u0441\u043a\u043e\u043b\u044c\u043a\u043e \u043f\u0440\u043e\u0441\u0442\u044b\u0445  \u043f\u0440\u0430\u0432\u0438\u043b. - \u041f\u0440\u043e\u0434\u043e\u043b\u0436\u0438\u0442\u0435\u043b\u044c\u043d\u043e\u0441\u0442\u044c: 2:08","result_snippet_text":"\u0427\u0430\u0441\u0442\u043e \u043c\u043e\u0442\u043e\u043a\u043e\u0441\u044b \u0443\u043c\u0438\u0440\u0430\u044e\u0442 \u043f\u0440\u043e\u0441\u0442\u043e \u0438\u0437-\u0437\u0430 \u043e\u0442\u0441\u0443\u0442\u0441\u0442\u0432\u0438\u044f \u044d\u043b\u0435\u043c\u0435\u043d\u0442\u0430\u0440\u043d\u043e\u0433\u043e \u043e\u0431\u0441\u043b\u0443\u0436\u0438\u0432\u0430\u043d\u0438\u044f. \u041f\u0440\u043e\u0441\u0442\u044b\u0435 \u043f\u0440\u0430\u0432\u0438\u043b\u0430 \u0443\u0445\u043e\u0434\u0430 \u0437\u0430 \u043c\u043e\u0442\u043e\u043a...","result_warc_relative_path":null,"result_warc_byte_offset":null},{"result_id":"4392f0f5-58f6-5084-8bae-8d65da2ce7b1","result_url":"https:\/\/www.youtube.com\/watch?v=OPGjZVovhOw","result_domain":"www.youtube.com","result_domain_public_suffix":"com","result_wayback_url":"https:\/\/web.archive.org\/web\/20191102003919\/https:\/\/www.youtube.com\/watch?v=OPGjZVovhOw","result_wayback_raw_url":"https:\/\/web.archive.org\/web\/20191102003919id_\/https:\/\/www.youtube.com\/watch?v=OPGjZVovhOw","result_snippet_rank":12,"result_snippet_title":"\u041b\u0430\u0439\u0444\u0445\u0430\u043a\u0438 \u0441 \u0442\u0440\u0438\u043c\u043c\u0435\u0440\u043e\u043c - \u041f\u0440\u043e\u0434\u043e\u043b\u0436\u0438\u0442\u0435\u043b\u044c\u043d\u043e\u0441\u0442\u044c: 3:27","result_snippet_text":"\u0421\u0435\u0433\u043e\u0434\u043d\u044f \u043c\u044b \u0432\u0430\u043c \u043f\u043e\u043a\u0430\u0436\u0435\u043c 4 \u043b\u0430\u0439\u0444\u0445\u0430\u043a\u0430 \u0441 \u0442\u0440\u0438\u043c\u043c\u0435\u0440\u043e\u043c \u043e \u043a\u043e\u0442\u043e\u0440\u044b\u0445, \u0432\u043e\u0437\u043c\u043e\u0436\u043d\u043e, \u0432\u044b \u043d\u0435 \u0437\u043d\u0430\u043b\u0438. \u0410 \u0435\u0441\u043b\u0438 \u0443 \u0432\u0430\u0441 \u0435\u0449\u0435 \u043d\u0435\u0442 \u0433\u0430\u0437\u043e\u043d\u0430,...","result_warc_relative_path":null,"result_warc_byte_offset":null},{"result_id":"d0511c15-6962-5118-a4af-5b34ebf8f8e9","result_url":"https:\/\/www.youtube.com\/watch?v=Xj20t7U5Yng","result_domain":"www.youtube.com","result_domain_public_suffix":"com","result_wayback_url":"https:\/\/web.archive.org\/web\/20191102003919\/https:\/\/www.youtube.com\/watch?v=Xj20t7U5Yng","result_wayback_raw_url":"https:\/\/web.archive.org\/web\/20191102003919id_\/https:\/\/www.youtube.com\/watch?v=Xj20t7U5Yng","result_snippet_rank":13,"result_snippet_title":"\u041a\u0430\u043a \u043a\u043e\u0441\u0438\u0442\u044c \u043c\u043e\u0442\u043e\u043a\u043e\u0441\u043e\u0439 \u0442\u0440\u0430\u0432\u0443 \u043d\u0430 \u0441\u0435\u043d\u043e? - \u041f\u0440\u043e\u0434\u043e\u043b\u0436\u0438\u0442\u0435\u043b\u044c\u043d\u043e\u0441\u0442\u044c: 23:14","result_snippet_text":"\u041a\u0430\u043a\u0430\u044f \u043c\u043e\u0449\u043d\u043e\u0441\u0442\u044c \u043a\u043e\u0441\u044b (\u0438 \u043e\u0431\u043e\u0440\u043e\u0442\u044b) \u043b\u0443\u0447\u0448\u0435, \u043a\u0430\u043a\u043e\u0439 \u043d\u043e\u0436 (\u0434\u0438\u0430\u043c\u0435\u0442\u0440, \u0432\u0435\u0441, \u0437\u0430\u0442\u043e\u0447\u043a\u0430), \u043d\u0430 \u043a\u0430\u043a\u043e\u043c \u0440\u0430\u0441\u0441\u0442\u043e\u044f\u043d\u0438\u0438 \u0434\u043e\u043b\u0436\u0435\u043d \u0431\u044b\u0442\u044c \u0437\u0430\u0449\u0438...","result_warc_relative_path":null,"result_warc_byte_offset":null},{"result_id":"8c68582e-ca8e-527b-b3a5-88016a1485fd","result_url":"https:\/\/www.youtube.com\/watch?v=9_7V3sdLHOY","result_domain":"www.youtube.com","result_domain_public_suffix":"com","result_wayback_url":"https:\/\/web.archive.org\/web\/20191102003919\/https:\/\/www.youtube.com\/watch?v=9_7V3sdLHOY","result_wayback_raw_url":"https:\/\/web.archive.org\/web\/20191102003919id_\/https:\/\/www.youtube.com\/watch?v=9_7V3sdLHOY","result_snippet_rank":14,"result_snippet_title":"\u041a\u0430\u043a \u043a\u043e\u0441\u0438\u0442\u044c \u043f\u043e\u043b\u0451\u0433\u0448\u0443\u044e, \u0433\u0443\u0441\u0442\u0443\u044e, \u0432\u044b\u0441\u043e\u043a\u0443\u044e \u0442\u0440\u0430\u0432\u0443 \u043d\u0430 \u0441\u0435\u043d\u043e? - \u041f\u0440\u043e\u0434\u043e\u043b\u0436\u0438\u0442\u0435\u043b\u044c\u043d\u043e\u0441\u0442\u044c: 18:47","result_snippet_text":"\u0420\u0430\u0441\u0441\u043a\u0430\u0437\u044b\u0432\u0430\u044e \u0438 \u043f\u043e\u043a\u0430\u0437\u044b\u0432\u0430\u044e.","result_warc_relative_path":null,"result_warc_byte_offset":null},{"result_id":"3d16aec3-598a-5198-bd56-c613577cf220","result_url":"https:\/\/www.youtube.com\/watch?v=Dm-UrevkSzk","result_domain":"www.youtube.com","result_domain_public_suffix":"com","result_wayback_url":"https:\/\/web.archive.org\/web\/20191102003919\/https:\/\/www.youtube.com\/watch?v=Dm-UrevkSzk","result_wayback_raw_url":"https:\/\/web.archive.org\/web\/20191102003919id_\/https:\/\/www.youtube.com\/watch?v=Dm-UrevkSzk","result_snippet_rank":15,"result_snippet_title":"STIHL \u0442\u0435\u0445\u043d\u0438\u043a\u0430 \u043a\u043e\u0448\u0435\u043d\u0438\u044f - \u043e\u0431\u043a\u0430\u0448\u0438\u0432\u0430\u043d\u0438\u0435 - \u041f\u0440\u043e\u0434\u043e\u043b\u0436\u0438\u0442\u0435\u043b\u044c\u043d\u043e\u0441\u0442\u044c: 2:01","result_snippet_text":"\u0414\u0430\u043d\u043d\u044b\u0439 \u0432\u0438\u0434\u0435\u043e\u0440\u043e\u043b\u0438\u043a \u0441\u043b\u0443\u0436\u0438\u0442 \u0438\u0441\u043a\u043b\u044e\u0447\u0438\u0442\u0435\u043b\u044c\u043d\u043e \u0434\u043b\u044f \u043d\u0430\u0433\u043b\u044f\u0434\u043d\u043e\u0439 \u0434\u0435\u043c\u043e\u043d\u0441\u0442\u0440\u0430\u0446\u0438\u0438 \u0438\u0441\u043f\u043e\u043b\u044c\u0437\u043e\u0432\u0430\u043d\u0438\u044f \u0438\u0437\u0434\u0435\u043b\u0438\u0439 STIHL. \u041e\u043d \u043d\u0435 \u043c\u043e\u0436\u0435\u0442...","result_warc_relative_path":null,"result_warc_byte_offset":null},{"result_id":"bf04ecbe-faec-520f-b555-4572ada69ace","result_url":"https:\/\/www.youtube.com\/watch?v=IvHuqU4fE_w","result_domain":"www.youtube.com","result_domain_public_suffix":"com","result_wayback_url":"https:\/\/web.archive.org\/web\/20191102003919\/https:\/\/www.youtube.com\/watch?v=IvHuqU4fE_w","result_wayback_raw_url":"https:\/\/web.archive.org\/web\/20191102003919id_\/https:\/\/www.youtube.com\/watch?v=IvHuqU4fE_w","result_snippet_rank":16,"result_snippet_title":"\u0417\u0430\u0433\u043e\u0442\u043e\u0432\u043a\u0430 \u0441\u0435\u043d\u0430 \u043c\u043e\u0442\u043e\u043a\u043e\u0441\u043e\u0439. Mow the grass forage - \u041f\u0440\u043e\u0434\u043e\u043b\u0436\u0438\u0442\u0435\u043b\u044c\u043d\u043e\u0441\u0442\u044c: 19:47","result_snippet_text":"\u041f\u041e\u0414\u041f\u0418\u0421\u042b\u0412\u0410\u0415\u041c\u0421\u042f, \u043a\u043e\u043c\u043c\u0435\u043d\u0442\u0438\u0440\u0443\u0435\u043c, \u0441\u0442\u0430\u0432\u0438\u043c \u043b\u0430\u0439\u043a.Subscribe, comment, put like. Thank you! \u0414\u041b\u042f \u0414\u041e\u0411\u0420\u041e\u0412\u041e\u041b\u042c\u041d\u041e\u0419 \u041f\u041e\u0414\u0414\u0415\u0420\u0416\u041a\u0418 \u041c\u041e\u0415\u0413\u041e \u041a\u0410\u041d\u0410\u041b\u0410 ...","result_warc_relative_path":null,"result_warc_byte_offset":null},{"result_id":"14939306-7749-5222-87c8-6977747860fb","result_url":"https:\/\/www.youtube.com\/watch?v=FIO95oSfYlQ","result_domain":"www.youtube.com","result_domain_public_suffix":"com","result_wayback_url":"https:\/\/web.archive.org\/web\/20191102003919\/https:\/\/www.youtube.com\/watch?v=FIO95oSfYlQ","result_wayback_raw_url":"https:\/\/web.archive.org\/web\/20191102003919id_\/https:\/\/www.youtube.com\/watch?v=FIO95oSfYlQ","result_snippet_rank":17,"result_snippet_title":"5 \u0441\u043f\u043e\u0441\u043e\u0431\u043e\u0432 \u043a\u043e\u0448\u0435\u043d\u0438\u044f \u0441\u043e\u0440\u043d\u044f\u043a\u0430 \u043f\u043e \u043a\u0430\u0440\u0442\u043e\u0444\u0435\u043b\u044e \u043c\u043e\u0442\u043e\u043a\u043e\u0441\u043e\u0439 - \u041f\u0440\u043e\u0434\u043e\u043b\u0436\u0438\u0442\u0435\u043b\u044c\u043d\u043e\u0441\u0442\u044c: 15:12","result_snippet_text":"\u041a\u043e\u0441\u0438\u043c, \u0432 \u0437\u0430\u0432\u0438\u0441\u0438\u043c\u043e\u0441\u0442\u0438 \u043e\u0442 \u0446\u0435\u043b\u0435\u0439 \u0438 \u0441\u043e\u0440\u043d\u044f\u043a\u043e\u0432, \u043f\u043e-\u0440\u0430\u0437\u043d\u043e\u043c\u0443.","result_warc_relative_path":null,"result_warc_byte_offset":null},{"result_id":"e782f9af-71b0-5c0a-ae2f-e666eb938bfd","result_url":"https:\/\/www.youtube.com\/watch?v=K10s_BgrOsw","result_domain":"www.youtube.com","result_domain_public_suffix":"com","result_wayback_url":"https:\/\/web.archive.org\/web\/20191102003919\/https:\/\/www.youtube.com\/watch?v=K10s_BgrOsw","result_wayback_raw_url":"https:\/\/web.archive.org\/web\/20191102003919id_\/https:\/\/www.youtube.com\/watch?v=K10s_BgrOsw","result_snippet_rank":18,"result_snippet_title":"\u041a\u043e\u0448\u0443 \u0442\u0440\u0430\u0432\u0443 ! \u0431\u0435\u043d\u0437\u043e\u043a\u043e\u0441\u0430  ALCO. - \u041f\u0440\u043e\u0434\u043e\u043b\u0436\u0438\u0442\u0435\u043b\u044c\u043d\u043e\u0441\u0442\u044c: 5:17","result_snippet_text":"\u041e\u0442 \u043d\u0435\u0447\u0435\u0433\u043e \u0434\u0435\u043b\u0430\u0442\u044c \u0432\u0437\u044f\u043b \u0438 \u0437\u0430\u043f\u0438\u043b\u0438\u043b \u0440\u043e\u043b\u0438\u043a, \u043f\u0440\u043e \u0442\u043e \u043a\u0430\u043a \u044f <em>\u043a\u043e\u0441\u0438\u043b<\/em> \u0442\u0440\u0430\u0432\u0443)) \u041e\u0431\u0437\u043e\u0440 \u0431\u0435\u043d\u0437\u043e\u043a\u043e\u0441\u044b ALCO.","result_warc_relative_path":null,"result_warc_byte_offset":null},{"result_id":"7d5e3fc3-0729-5db8-8072-11b77025d1ba","result_url":"https:\/\/www.youtube.com\/watch?v=gMkVkqAaC5Q","result_domain":"www.youtube.com","result_domain_public_suffix":"com","result_wayback_url":"https:\/\/web.archive.org\/web\/20191102003919\/https:\/\/www.youtube.com\/watch?v=gMkVkqAaC5Q","result_wayback_raw_url":"https:\/\/web.archive.org\/web\/20191102003919id_\/https:\/\/www.youtube.com\/watch?v=gMkVkqAaC5Q","result_snippet_rank":19,"result_snippet_title":"\u041d\u043e\u0436\u0438 \u0434\u043b\u044f \u043c\u043e\u0442\u043e\u043a\u043e\u0441 \u0438 \u0438\u0445 \u043d\u0430\u0437\u043d\u0430\u0447\u0435\u043d\u0438\u0435 (\u043d\u043e\u0436\u0438 \u0434\u043b\u044f \u043c\u043e\u0442\u043e\u043a\u043e\u0441\u044b) - \u041f\u0440\u043e\u0434\u043e\u043b\u0436\u0438\u0442\u0435\u043b\u044c\u043d\u043e\u0441\u0442\u044c: 6:08","result_snippet_text":"\u041f\u043e\u0441\u043c\u043e\u0442\u0440\u0438 \u043f\u043e\u0445\u043e\u0436\u0438\u0435 \u0432\u0438\u0434\u0435\u043e: https:\/\/goo.gl\/uQGnwo \u2b1b \u041d\u043e\u0436\u0438 \u0434\u043b\u044f \u043c\u043e\u0442\u043e\u043a\u043e\u0441 \u0438 \u0438\u0445 \u043d\u0430\u0437\u043d\u0430\u0447\u0435\u043d\u0438\u0435 (\u043d\u043e\u0436\u0438 \u0434\u043b\u044f \u043c\u043e\u0442\u043e\u043a\u043e\u0441\u044b) \u0421\u0435\u0433\u043e\u0434\u043d\u044f \u0432\u0438\u0434\u0435\u043e...","result_warc_relative_path":null,"result_warc_byte_offset":null},{"result_id":"3b50d8e4-ad69-566a-9fea-246e52165b9c","result_url":"https:\/\/www.youtube.com\/watch?v=hD2-N6s_UTU","result_domain":"www.youtube.com","result_domain_public_suffix":"com","result_wayback_url":"https:\/\/web.archive.org\/web\/20191102003919\/https:\/\/www.youtube.com\/watch?v=hD2-N6s_UTU","result_wayback_raw_url":"https:\/\/web.archive.org\/web\/20191102003919id_\/https:\/\/www.youtube.com\/watch?v=hD2-N6s_UTU","result_snippet_rank":20,"result_snippet_title":"20 \u0441\u043e\u0442\u043e\u043a \u0437\u0430 2 \u0447\u0430\u0441\u0430 \u043c\u043e\u0442\u043e\u043a\u043e\u0441\u043e\u0439 - \u041f\u0440\u043e\u0434\u043e\u043b\u0436\u0438\u0442\u0435\u043b\u044c\u043d\u043e\u0441\u0442\u044c: 20:27","result_snippet_text":"\u041a\u0430\u043a \u0431\u044b\u0441\u0442\u0440\u043e <em>\u043a\u043e\u0441\u0438\u0442\u044c<\/em> \u0441\u0435\u043d\u043e <em>\u043c\u043e\u0442\u043e\u043a\u043e\u0441\u043e\u0439<\/em>. \u041f\u043e\u043b\u0443\u0447\u0438\u043b\u043e\u0441\u044c \u0447\u0443\u0442\u044c \u0434\u043e\u043b\u044c\u0448\u0435, \u043d\u043e \u043f\u0440\u0438\u043c\u0435\u0440\u043d\u043e \u0432 2 \u0447\u0430\u0441\u0430 \u0431\u0435\u0437 \u043d\u0430\u043f\u0440\u044f\u0433\u0430 \u0432\u043b\u043e\u0436\u0438\u043b\u0441\u044f.","result_warc_relative_path":null,"result_warc_byte_offset":null}],"search_provider_name":"youtube","search_provider_alexa_domain":"youtube.com","search_provider_alexa_domain_public_suffix":"com","search_provider_alexa_rank":2,"search_provider_category":"media-sharing"}
