{"serp_id":"f0216ff6-9045-5b47-adc9-d999297899b5","serp_url":"https:\/\/www.sogou.com\/web?query=prerequisites%20for%20the%20establishment%20of%20nuclear-weapon%20free%20zones&p=40040100&dp=1&w=01029901&dr=1&pid=","serp_timestamp":1558675152000,"serp_wayback_url":"https:\/\/web.archive.org\/web\/20190524071912\/https:\/\/www.sogou.com\/web?query=prerequisites%20for%20the%20establishment%20of%20nuclear-weapon%20free%20zones&p=40040100&dp=1&w=01029901&dr=1&pid=","serp_wayback_raw_url":"https:\/\/web.archive.org\/web\/20190524071912id_\/https:\/\/www.sogou.com\/web?query=prerequisites%20for%20the%20establishment%20of%20nuclear-weapon%20free%20zones&p=40040100&dp=1&w=01029901&dr=1&pid=","serp_page":null,"serp_offset":null,"serp_query_text_url":"prerequisites for the establishment of nuclear-weapon free zones","serp_query_text_url_language":"en","serp_query_text_html":"prerequisites for the establishment of nuclear-weapon free zones","serp_warc_relative_path":"focused\/archived-raw-serps\/sogou\/sogou.com%2Fweb%3F\/0000000233\/0000000000.warc.gz","serp_warc_byte_offset":582,"serp_results":[{"result_id":"beccab7d-244c-562a-b779-68f0ef6c013e","result_url":"http:\/\/english.sogou.com\/english?query=prerequisites for the establishment of nuclear-weapon free zones","result_domain":"english.sogou.com","result_domain_public_suffix":"com","result_wayback_url":"https:\/\/web.archive.org\/web\/20190524071912\/http:\/\/english.sogou.com\/english?query=prerequisites for the establishment of nuclear-weapon free zones","result_wayback_raw_url":"https:\/\/web.archive.org\/web\/20190524071912id_\/http:\/\/english.sogou.com\/english?query=prerequisites for the establishment of nuclear-weapon free zones","result_snippet_rank":1,"result_snippet_title":"define('', ['$'], function($) {\n                    var classid='30010111';\n                    var cont =$(\"a[id*=\"+classid+\"][id*='title']\");\n                    \n                    var key = cont.attr(\"key\");\n                    (function(){\n                    \n                            function init(){\n                                var txt=kmapUtils.cutLength(key,42);\n                                txt = kmapUtils.htmlEncode(txt);\n                                cont.html('<em><\/em>'+'<em>'+txt+'<\/em>\u7684\u76f8\u5173\u82f1\u6587\u4fe1\u606f_\u641c\u72d7\u82f1\u6587');\n                            }\n                            init();\n\n                    \n                    })();\n                    });","result_snippet_text":null,"result_warc_relative_path":null,"result_warc_byte_offset":null},{"result_id":"8adddf78-d021-5654-98a1-890ff43c8608","result_url":"https:\/\/www.sogou.com\/link?url=hedJjaC291M65obdDWIkPEirSYqCaUle213oBeWWc7XVS5XmMycReSzDi0XDXH-4FFDQeOFdRKKoLrjNPWucHQ5feEEp_4NQ","result_domain":"www.sogou.com","result_domain_public_suffix":"com","result_wayback_url":"https:\/\/web.archive.org\/web\/20190524071912\/https:\/\/www.sogou.com\/link?url=hedJjaC291M65obdDWIkPEirSYqCaUle213oBeWWc7XVS5XmMycReSzDi0XDXH-4FFDQeOFdRKKoLrjNPWucHQ5feEEp_4NQ","result_wayback_raw_url":"https:\/\/web.archive.org\/web\/20190524071912id_\/https:\/\/www.sogou.com\/link?url=hedJjaC291M65obdDWIkPEirSYqCaUle213oBeWWc7XVS5XmMycReSzDi0XDXH-4FFDQeOFdRKKoLrjNPWucHQ5feEEp_4NQ","result_snippet_rank":2,"result_snippet_title":"Establishment of a nuclear-weapons-free zone in the Middle ...","result_snippet_text":"<em>Establishment<\/em> of a nuclear-weapons-<em>free<\/em> zone in the Middle East The goal of creating a <em>nuclear-weapon<\/em>-<em>free<\/em> zone is a vital one for the safety and the balance of the whole world. The detrimental e\ufb00ects of the <em>nuclear<\/em> attack on Japan were sensed in political aspects, environmental aspects and humanitarian aspects.","result_warc_relative_path":null,"result_warc_byte_offset":null},{"result_id":"dd17a9a4-9c29-5b9a-ac78-5b9e08a661d3","result_url":"https:\/\/www.sogou.com\/link?url=DSOYnZeCC_rfDSuyUDseJE-xCNeqvDmEe2266LPnhFXMXEuzghq_Ynu49-ZZcJTmbOzklzj8-fWl_aAaHOwLM28bL5s5ajVUDqcDTyWjpRWktiKCo1d9gvJseIgkUKel4DQBwV7SerOt5pUc3zy0dg..","result_domain":"www.sogou.com","result_domain_public_suffix":"com","result_wayback_url":"https:\/\/web.archive.org\/web\/20190524071912\/https:\/\/www.sogou.com\/link?url=DSOYnZeCC_rfDSuyUDseJE-xCNeqvDmEe2266LPnhFXMXEuzghq_Ynu49-ZZcJTmbOzklzj8-fWl_aAaHOwLM28bL5s5ajVUDqcDTyWjpRWktiKCo1d9gvJseIgkUKel4DQBwV7SerOt5pUc3zy0dg..","result_wayback_raw_url":"https:\/\/web.archive.org\/web\/20190524071912id_\/https:\/\/www.sogou.com\/link?url=DSOYnZeCC_rfDSuyUDseJE-xCNeqvDmEe2266LPnhFXMXEuzghq_Ynu49-ZZcJTmbOzklzj8-fWl_aAaHOwLM28bL5s5ajVUDqcDTyWjpRWktiKCo1d9gvJseIgkUKel4DQBwV7SerOt5pUc3zy0dg..","result_snippet_rank":3,"result_snippet_title":"Nuclear Weapon Free Zones - Reaching Critical Will","result_snippet_text":"<em>Nuclear Weapon Free Zones<\/em>. <em>Nuclear Weapon Free Zones<\/em> (NWFZs) prohibit the testing, stationing, development, and use of <em>nuclear<\/em> weapons inside the designated territory. These <em>zones<\/em> can range from single states to geographical regions or international areas. Within these <em>zones<\/em>, countries may only use <em>nuclear<\/em> energy for peaceful purposes.","result_warc_relative_path":null,"result_warc_byte_offset":null},{"result_id":"f1830cea-f183-5d0f-af13-9b0f82706d37","result_url":"https:\/\/www.sogou.com\/link?url=hedJjaC291OtFaY35QUV17pDRayTvjpaNlpY4A6mIQJe99wc8HNeBuG03YO-y3rBe-tYOmfEnZs.","result_domain":"www.sogou.com","result_domain_public_suffix":"com","result_wayback_url":"https:\/\/web.archive.org\/web\/20190524071912\/https:\/\/www.sogou.com\/link?url=hedJjaC291OtFaY35QUV17pDRayTvjpaNlpY4A6mIQJe99wc8HNeBuG03YO-y3rBe-tYOmfEnZs.","result_wayback_raw_url":"https:\/\/web.archive.org\/web\/20190524071912id_\/https:\/\/www.sogou.com\/link?url=hedJjaC291OtFaY35QUV17pDRayTvjpaNlpY4A6mIQJe99wc8HNeBuG03YO-y3rBe-tYOmfEnZs.","result_snippet_rank":4,"result_snippet_title":"A Nuclear-Weapon-Free Zone in Europe | VCDNP","result_snippet_text":"The study arose from the interests of several states to explore the feasibility of such a zone. The report also builds on the Treaty on the Non-Proliferation of <em>Nuclear<\/em> Weapons (NPT) 2010 Action Plan, which called <em>for<\/em> the <em>establishment<\/em> of new <em>nuclear-weapon<\/em>-<em>free zones<\/em> (NWFZs).","result_warc_relative_path":null,"result_warc_byte_offset":null},{"result_id":"ba8c6f8b-6712-5839-9998-417f5ee5bf62","result_url":"https:\/\/www.sogou.com\/link?url=DSOYnZeCC_rnzg9qwItH2rpaiAtxymVYjW8SXFDwjmUMquLhifBz5zB6jMuqxGf-fXTJlEOztghuGGn0nqLfow..","result_domain":"www.sogou.com","result_domain_public_suffix":"com","result_wayback_url":"https:\/\/web.archive.org\/web\/20190524071912\/https:\/\/www.sogou.com\/link?url=DSOYnZeCC_rnzg9qwItH2rpaiAtxymVYjW8SXFDwjmUMquLhifBz5zB6jMuqxGf-fXTJlEOztghuGGn0nqLfow..","result_wayback_raw_url":"https:\/\/web.archive.org\/web\/20190524071912id_\/https:\/\/www.sogou.com\/link?url=DSOYnZeCC_rnzg9qwItH2rpaiAtxymVYjW8SXFDwjmUMquLhifBz5zB6jMuqxGf-fXTJlEOztghuGGn0nqLfow..","result_snippet_rank":5,"result_snippet_title":"Nuclear-Weapon-Free Zones (NWFZs) \u2013 OPANAL","result_snippet_text":"<em>Nuclear-weapon-free zones<\/em> should be established on the basis of arrangements freely arrived at among the States of the region concerned. The initiative to establish a <em>nuclear-weapon-free<\/em> zone should emanate exclusively from States within the region concerned and be pursued by all States of that region.","result_warc_relative_path":null,"result_warc_byte_offset":null},{"result_id":"adc4e537-3876-57bb-828d-ce43611a0a52","result_url":"http:\/\/fanyi.youdao.com\/translate","result_domain":"fanyi.youdao.com","result_domain_public_suffix":"com","result_wayback_url":"https:\/\/web.archive.org\/web\/20190524071912\/http:\/\/fanyi.youdao.com\/translate","result_wayback_raw_url":"https:\/\/web.archive.org\/web\/20190524071912id_\/http:\/\/fanyi.youdao.com\/translate","result_snippet_rank":6,"result_snippet_title":"\u6211\u8981\u52aa\u529b\u5b66\u4e60\u7684\u82f1\u8bed\u7ffb\u8bd1","result_snippet_text":null,"result_warc_relative_path":null,"result_warc_byte_offset":null},{"result_id":"2af83b81-23ce-5bcd-9924-30c2d3f45af0","result_url":"https:\/\/www.sogou.com\/link?url=IPi47MzqYJ7b-Tpx080o3q6QWb2zNLXvvufNKLS1BOqTJxH2LJ23z3kV__BobFwbsiEyyb5zOCHDWC2baUcukuIlY1BIppVnCc851PNJas-rsH9qLxHEMhj9BAUDupH6GAVnwD1iR6NMyJmTtw6Yag..","result_domain":"www.sogou.com","result_domain_public_suffix":"com","result_wayback_url":"https:\/\/web.archive.org\/web\/20190524071912\/https:\/\/www.sogou.com\/link?url=IPi47MzqYJ7b-Tpx080o3q6QWb2zNLXvvufNKLS1BOqTJxH2LJ23z3kV__BobFwbsiEyyb5zOCHDWC2baUcukuIlY1BIppVnCc851PNJas-rsH9qLxHEMhj9BAUDupH6GAVnwD1iR6NMyJmTtw6Yag..","result_wayback_raw_url":"https:\/\/web.archive.org\/web\/20190524071912id_\/https:\/\/www.sogou.com\/link?url=IPi47MzqYJ7b-Tpx080o3q6QWb2zNLXvvufNKLS1BOqTJxH2LJ23z3kV__BobFwbsiEyyb5zOCHDWC2baUcukuIlY1BIppVnCc851PNJas-rsH9qLxHEMhj9BAUDupH6GAVnwD1iR6NMyJmTtw6Yag..","result_snippet_rank":7,"result_snippet_title":"A zone <em>free<\/em> <em>of weapons of mass destruction in the Middle East<\/em>","result_snippet_text":"A Zone <em>Free<\/em> of Weapons of Mass Destruction in the Middle East Jan Prawitz and James F. Leonard UNITED NATIONS New York and Geneva, 1996 ... concept of a <em>nuclear weapon<\/em>-<em>free<\/em> zone in the Middle East, long since ... important context for the discussion of the prospects <em>for<\/em> the <em>establishment<\/em> of <em>nuclear-weapon<\/em>-<em>free zones<\/em> in the future.. Weapons of ...","result_warc_relative_path":null,"result_warc_byte_offset":null},{"result_id":"558d980a-4c37-513c-8491-14b8b0e75929","result_url":"https:\/\/www.sogou.com\/link?url=hedJjaC291Mr8mtx3SP3p39eU_2w9-NLVPY0oWBI0vNZ_e9SyLJsOaqQks7f_qQo1MKiiLVMfuDmyRQ9zXJ3Hg5feEEp_4NQ","result_domain":"www.sogou.com","result_domain_public_suffix":"com","result_wayback_url":"https:\/\/web.archive.org\/web\/20190524071912\/https:\/\/www.sogou.com\/link?url=hedJjaC291Mr8mtx3SP3p39eU_2w9-NLVPY0oWBI0vNZ_e9SyLJsOaqQks7f_qQo1MKiiLVMfuDmyRQ9zXJ3Hg5feEEp_4NQ","result_wayback_raw_url":"https:\/\/web.archive.org\/web\/20190524071912id_\/https:\/\/www.sogou.com\/link?url=hedJjaC291Mr8mtx3SP3p39eU_2w9-NLVPY0oWBI0vNZ_e9SyLJsOaqQks7f_qQo1MKiiLVMfuDmyRQ9zXJ3Hg5feEEp_4NQ","result_snippet_rank":8,"result_snippet_title":"NPR 4.3: NUCLEAR-WEAPON-FREE ZONES: A HISTORY AND ...","result_snippet_text":"<em>NUCLEAR-WEAPON<\/em>-<em>FREE ZONES<\/em>: A HISTORY AND ASSESSMENT by Jozef Goldblat T he idea of establishing <em>nuclear-weapon<\/em>-<em>free zones<\/em> (NWFZs) was conceived with a view to preventing the emer-gence of new <em>nuclear weapon<\/em> states. As early as 1958, 10 years before the signing of the Treaty on the Non-Proliferation of <em>Nuclear<\/em> Weapons (NPT), the Polish government,","result_warc_relative_path":null,"result_warc_byte_offset":null},{"result_id":"6ceabe36-a4b6-5c34-8a5a-ee28b9932b70","result_url":"https:\/\/www.sogou.com\/link?url=hedJjaC291OkMLUmCNE4ZP2cVmydYKtozVcRpC8jdVMzg6SRAKgrDy5M535-JZ_0","result_domain":"www.sogou.com","result_domain_public_suffix":"com","result_wayback_url":"https:\/\/web.archive.org\/web\/20190524071912\/https:\/\/www.sogou.com\/link?url=hedJjaC291OkMLUmCNE4ZP2cVmydYKtozVcRpC8jdVMzg6SRAKgrDy5M535-JZ_0","result_wayback_raw_url":"https:\/\/web.archive.org\/web\/20190524071912id_\/https:\/\/www.sogou.com\/link?url=hedJjaC291OkMLUmCNE4ZP2cVmydYKtozVcRpC8jdVMzg6SRAKgrDy5M535-JZ_0","result_snippet_rank":9,"result_snippet_title":"Nuclear-Weapon-Free Zones (NWFZ) At a Glance | Arms ...","result_snippet_text":"Within these <em>nuclear-weapon-free zones<\/em>, countries may use <em>nuclear<\/em> energy for peaceful purposes. Protocol for <em>Nuclear Weapon<\/em> States. Each treaty establishing a <em>nuclear-weapon-free<\/em> zone includes a protocol for the five <em>nuclear-weapon<\/em> states recognized under the NPT-China, France, Russia, the United Kingdom, and the United States-to sign and ratify.","result_warc_relative_path":null,"result_warc_byte_offset":null},{"result_id":"65808cc0-20f2-5c63-a4af-84ac5765062e","result_url":"https:\/\/www.sogou.com\/link?url=hedJjaC291O63JsgCSwlb0Uedr-pUHQB8emU6-X2Ew3QpqlrLze_pj16aaCcHNzlbmvvl9H01AILQqyqhyMXKqp4HVhL8i_rTgkPC659CY82bMVh6uqakRzcFSpE5oRQ","result_domain":"www.sogou.com","result_domain_public_suffix":"com","result_wayback_url":"https:\/\/web.archive.org\/web\/20190524071912\/https:\/\/www.sogou.com\/link?url=hedJjaC291O63JsgCSwlb0Uedr-pUHQB8emU6-X2Ew3QpqlrLze_pj16aaCcHNzlbmvvl9H01AILQqyqhyMXKqp4HVhL8i_rTgkPC659CY82bMVh6uqakRzcFSpE5oRQ","result_wayback_raw_url":"https:\/\/web.archive.org\/web\/20190524071912id_\/https:\/\/www.sogou.com\/link?url=hedJjaC291O63JsgCSwlb0Uedr-pUHQB8emU6-X2Ew3QpqlrLze_pj16aaCcHNzlbmvvl9H01AILQqyqhyMXKqp4HVhL8i_rTgkPC659CY82bMVh6uqakRzcFSpE5oRQ","result_snippet_rank":10,"result_snippet_title":"FACT SHEET NUCLEAR-WEAPON-FREE ZONES","result_snippet_text":"guidelines <em>for<\/em> the <em>establishment<\/em> of a <em>nuclear-weapon<\/em>-<em>free<\/em> zone, including: \u2022 <em>Nuclear-weapon<\/em>-<em>free zones<\/em> should be established on the basis of arrangements freely arrived at among the States of the region concerned. \u2022 The initiative to establish a <em>nuclear-weapon<\/em>-<em>free<\/em> zone should emanate exclusively from States within the","result_warc_relative_path":null,"result_warc_byte_offset":null},{"result_id":"3ace194c-0209-555c-b786-b9d6ec9c08b6","result_url":"https:\/\/www.sogou.com\/link?url=6IqLFeTuIygXOLeXKisDet07U1hfKXLvYi_Y8oThHkVo5795Q6gkEokx2AKbYNZuhCQhrahk81zKy90fzn5KfrWenzEOrNcu1zlehH3hUOzRZy6d29DXflUBmvusUyIZn6e9cHBni7S865RjI7j0YK3mlRzfPLR2","result_domain":"www.sogou.com","result_domain_public_suffix":"com","result_wayback_url":"https:\/\/web.archive.org\/web\/20190524071912\/https:\/\/www.sogou.com\/link?url=6IqLFeTuIygXOLeXKisDet07U1hfKXLvYi_Y8oThHkVo5795Q6gkEokx2AKbYNZuhCQhrahk81zKy90fzn5KfrWenzEOrNcu1zlehH3hUOzRZy6d29DXflUBmvusUyIZn6e9cHBni7S865RjI7j0YK3mlRzfPLR2","result_wayback_raw_url":"https:\/\/web.archive.org\/web\/20190524071912id_\/https:\/\/www.sogou.com\/link?url=6IqLFeTuIygXOLeXKisDet07U1hfKXLvYi_Y8oThHkVo5795Q6gkEokx2AKbYNZuhCQhrahk81zKy90fzn5KfrWenzEOrNcu1zlehH3hUOzRZy6d29DXflUBmvusUyIZn6e9cHBni7S865RjI7j0YK3mlRzfPLR2","result_snippet_rank":11,"result_snippet_title":"The importance of Nuclear Weapons Free Zones","result_snippet_text":"The importance of <em>Nuclear<\/em> Weapons <em>Free Zones<\/em> 81 are neglected by the NPT (the stationing of <em>nuclear<\/em> weapons). However, NWFZs are also meant to guarantee that State Parties will not be targeted by existing <em>nuclear-weapon<\/em> states.","result_warc_relative_path":null,"result_warc_byte_offset":null}],"search_provider_name":"sogou","search_provider_alexa_domain":"sogou.com","search_provider_alexa_domain_public_suffix":"com","search_provider_alexa_rank":73,"search_provider_category":"search-engine"}
