serp_id,serp_url,serp_timestamp,serp_wayback_url,serp_wayback_raw_url,serp_page,serp_offset,serp_query_text_url,serp_query_text_url_language,serp_query_text_html,serp_warc_relative_path,serp_warc_byte_offset,serp_results,search_provider_name,search_provider_alexa_domain,search_provider_alexa_domain_public_suffix,search_provider_alexa_rank,search_provider_category
01c0ae1c-041d-530e-a15e-842199041009,https://twitter.com/search?q=%23SYNNEX,2014-10-26 22:52:54,https://web.archive.org/web/20141026235254/https://twitter.com/search?q=%23SYNNEX,https://web.archive.org/web/20141026235254id_/https://twitter.com/search?q=%23SYNNEX,,,#SYNNEX,cy,,focused/archived-raw-serps/twitter/twitter.com%2Fsearch%3F/0000001405/0000000000.warc.gz,169455,"[{'result_id': 'f1ddf521-560a-5564-aba7-9341483cc312', 'result_url': 'https://twitter.com/Varnex/status/525734676217217024', 'result_domain': 'twitter.com', 'result_domain_public_suffix': 'com', 'result_wayback_url': 'https://web.archive.org/web/20141026235254/https://twitter.com/Varnex/status/525734676217217024', 'result_wayback_raw_url': 'https://web.archive.org/web/20141026235254id_/https://twitter.com/Varnex/status/525734676217217024', 'result_snippet_rank': 1, 'result_snippet_title': '<em>Varnex</em>\n\u200f@<em>Varnex</em>', 'result_snippet_text': 'RT @<em>smbnetworksllc</em>: 5 cloud computing advantages (and 5 potential problems) http://bit.ly/1rthA9N\xa0 #<em>CLOUDSolv</em> #<em><em>SYNNEX</em></em>', 'result_warc_relative_path': None, 'result_warc_byte_offset': None}
 {'result_id': 'bf945b1b-418e-5a5c-97a3-52de3434ebc3', 'result_url': 'https://twitter.com/Linz4815/status/525069930270830592', 'result_domain': 'twitter.com', 'result_domain_public_suffix': 'com', 'result_wayback_url': 'https://web.archive.org/web/20141026235254/https://twitter.com/Linz4815/status/525069930270830592', 'result_wayback_raw_url': 'https://web.archive.org/web/20141026235254id_/https://twitter.com/Linz4815/status/525069930270830592', 'result_snippet_rank': 2, 'result_snippet_title': '<em>Lindsey Whitaker</em>\n\u200f@<em>Linz4815</em>', 'result_snippet_text': 'Had a blast with our little trick-or-treaters tonight! They were so cute!  #<em>Halloween2014</em> #<em><em>SYNNEX</em></em> pic.twitter.com/2SVhvlNQPB', 'result_warc_relative_path': None, 'result_warc_byte_offset': None}
 {'result_id': '920e6dac-3192-54a4-802e-46c310ab7a89', 'result_url': 'https://twitter.com/techdaynz/status/524670615576252416', 'result_domain': 'twitter.com', 'result_domain_public_suffix': 'com', 'result_wayback_url': 'https://web.archive.org/web/20141026235254/https://twitter.com/techdaynz/status/524670615576252416', 'result_wayback_raw_url': 'https://web.archive.org/web/20141026235254id_/https://twitter.com/techdaynz/status/524670615576252416', 'result_snippet_rank': 3, 'result_snippet_title': '<em>TechDay</em>\n\u200f@<em>techdaynz</em>', 'result_snippet_text': '#<em><em>Synnex</em></em> promises no going direct; slams those who do http://dlvr.it/7GzSzn', 'result_warc_relative_path': None, 'result_warc_byte_offset': None}
 {'result_id': 'b722d08e-b044-5db2-8ad8-b834d9ac3f4a', 'result_url': 'https://twitter.com/HiaKoe/status/524560306953912321', 'result_domain': 'twitter.com', 'result_domain_public_suffix': 'com', 'result_wayback_url': 'https://web.archive.org/web/20141026235254/https://twitter.com/HiaKoe/status/524560306953912321', 'result_wayback_raw_url': 'https://web.archive.org/web/20141026235254id_/https://twitter.com/HiaKoe/status/524560306953912321', 'result_snippet_rank': 4, 'result_snippet_title': '<em>เฮียโก๋</em>\n\u200f@<em>HiaKoe</em>', 'result_snippet_text': 'ชอบชื่อรางวัลมากๆๆ ""Rookie of the Year""... ได้แก่ NVK จร้า #<em><em>synnex</em></em> http://instagram.com/p/uasRgapvm9/', 'result_warc_relative_path': None, 'result_warc_byte_offset': None}
 {'result_id': '447b92df-2463-524e-b279-8b5375ce1a05', 'result_url': 'https://twitter.com/TVAmy/status/518578127115542528', 'result_domain': 'twitter.com', 'result_domain_public_suffix': 'com', 'result_wayback_url': 'https://web.archive.org/web/20141026235254/https://twitter.com/TVAmy/status/518578127115542528', 'result_wayback_raw_url': 'https://web.archive.org/web/20141026235254id_/https://twitter.com/TVAmy/status/518578127115542528', 'result_snippet_rank': 5, 'result_snippet_title': '<em>Amy Wood WSPA  </em>\n\u200f@<em>TVAmy</em>', 'result_snippet_text': 'cheaptrick ROCKING #<em><em>synnex</em></em> http://instagram.com/p/twL5MmQXXb/', 'result_warc_relative_path': None, 'result_warc_byte_offset': None}
 {'result_id': '06c2d193-3a83-5d2c-b033-98dc5b2a8886', 'result_url': 'https://twitter.com/TVAmy/status/518577776346292224', 'result_domain': 'twitter.com', 'result_domain_public_suffix': 'com', 'result_wayback_url': 'https://web.archive.org/web/20141026235254/https://twitter.com/TVAmy/status/518577776346292224', 'result_wayback_raw_url': 'https://web.archive.org/web/20141026235254id_/https://twitter.com/TVAmy/status/518577776346292224', 'result_snippet_rank': 7, 'result_snippet_title': '<em>Amy Wood WSPA  </em>\n\u200f@<em>TVAmy</em>', 'result_snippet_text': '#<em><em>Synnex</em></em> know how yo throw a part with @<em>CheapTrick</em> #<em>ShareTheMagic</em> https://vine.co/v/OKmenlVUKVd', 'result_warc_relative_path': None, 'result_warc_byte_offset': None}
 {'result_id': '92722e9d-ac98-56c7-af25-b25c240c3760', 'result_url': 'https://twitter.com/MoreDirect/status/518212330413625344', 'result_domain': 'twitter.com', 'result_domain_public_suffix': 'com', 'result_wayback_url': 'https://web.archive.org/web/20141026235254/https://twitter.com/MoreDirect/status/518212330413625344', 'result_wayback_raw_url': 'https://web.archive.org/web/20141026235254id_/https://twitter.com/MoreDirect/status/518212330413625344', 'result_snippet_rank': 8, 'result_snippet_title': '<em>MoreDirect</em>\n\u200f@<em>MoreDirect</em>', 'result_snippet_text': 'More from the #<em><em>Synnex</em></em> Conference, plus featuring Kevin Murai, Synnex President and CEO and Chris… http://instagram.com/p/ttljIuLiOE/', 'result_warc_relative_path': None, 'result_warc_byte_offset': None}
 {'result_id': 'b39df286-e97e-50dc-8a85-5907b9b7e829', 'result_url': 'https://twitter.com/Channel_Online/status/518097423248265216', 'result_domain': 'twitter.com', 'result_domain_public_suffix': 'com', 'result_wayback_url': 'https://web.archive.org/web/20141026235254/https://twitter.com/Channel_Online/status/518097423248265216', 'result_wayback_raw_url': 'https://web.archive.org/web/20141026235254id_/https://twitter.com/Channel_Online/status/518097423248265216', 'result_snippet_rank': 9, 'result_snippet_title': '<em>Channel Partners</em>\n\u200f@<em>Channel_Online</em>', 'result_snippet_text': '#<em><em>SYNNEX</em></em> Makes Distribution Announcements, Launches Special Tool http://bit.ly/10pk9Eg', 'result_warc_relative_path': None, 'result_warc_byte_offset': None}
 {'result_id': '542e8e75-f968-52d8-b15f-4d0de6e3cf4f', 'result_url': 'https://twitter.com/MaryEllenGrom/status/518034116349272064', 'result_domain': 'twitter.com', 'result_domain_public_suffix': 'com', 'result_wayback_url': 'https://web.archive.org/web/20141026235254/https://twitter.com/MaryEllenGrom/status/518034116349272064', 'result_wayback_raw_url': 'https://web.archive.org/web/20141026235254id_/https://twitter.com/MaryEllenGrom/status/518034116349272064', 'result_snippet_rank': 10, 'result_snippet_title': '<em>Mary Ellen Grom</em>\n\u200f@<em>MaryEllenGrom</em>', 'result_snippet_text': 'Craig Taylor, @<em>Samsungtweets</em>, discusses &amp; drops the new Galaxy Tab Active on stage at #<em>SNXConf</em>. @<em>jessicadash</em> #<em><em>SYNNEX</em></em> pic.twitter.com/6si4gV2Zav', 'result_warc_relative_path': None, 'result_warc_byte_offset': None}
 {'result_id': '48c98bd1-7585-548f-a047-328cb08af813', 'result_url': 'https://twitter.com/MaryEllenGrom/status/518027547746242560', 'result_domain': 'twitter.com', 'result_domain_public_suffix': 'com', 'result_wayback_url': 'https://web.archive.org/web/20141026235254/https://twitter.com/MaryEllenGrom/status/518027547746242560', 'result_wayback_raw_url': 'https://web.archive.org/web/20141026235254id_/https://twitter.com/MaryEllenGrom/status/518027547746242560', 'result_snippet_rank': 11, 'result_snippet_title': '<em>Mary Ellen Grom</em>\n\u200f@<em>MaryEllenGrom</em>', 'result_snippet_text': 'Renee Niemi, @<em>google</em>: teachers need to prepare students to solve what does not yet exist. #<em><em>SYNNEX</em></em> #<em>SNXInspire</em> pic.twitter.com/H0TwijEN8d', 'result_warc_relative_path': None, 'result_warc_byte_offset': None}
 {'result_id': '5ae15934-f0fa-5f74-a0ae-0d8a0e6eb542', 'result_url': 'https://twitter.com/SalmanHab1b/status/517698608242909184', 'result_domain': 'twitter.com', 'result_domain_public_suffix': 'com', 'result_wayback_url': 'https://web.archive.org/web/20141026235254/https://twitter.com/SalmanHab1b/status/517698608242909184', 'result_wayback_raw_url': 'https://web.archive.org/web/20141026235254id_/https://twitter.com/SalmanHab1b/status/517698608242909184', 'result_snippet_rank': 12, 'result_snippet_title': '<em>Salman Habib</em>\n\u200f@<em>SalmanHab1b</em>', 'result_snippet_text': 'SensorSuite on a panel at the #<em><em>synnex</em></em> inspire conference. pic.twitter.com/rCOyOuUEdG', 'result_warc_relative_path': None, 'result_warc_byte_offset': None}
 {'result_id': '0fa7f4dd-f6f3-513b-8c38-b9f50c9cd0ed', 'result_url': 'https://twitter.com/CRN/status/516988123801075712', 'result_domain': 'twitter.com', 'result_domain_public_suffix': 'com', 'result_wayback_url': 'https://web.archive.org/web/20141026235254/https://twitter.com/CRN/status/516988123801075712', 'result_wayback_raw_url': 'https://web.archive.org/web/20141026235254id_/https://twitter.com/CRN/status/516988123801075712', 'result_snippet_rank': 13, 'result_snippet_title': '<em>CRN</em>\n\u200f@<em>CRN</em>', 'result_snippet_text': 'XP Support Expiration Drives Profit, Sales Growth For Synnex In Q3: http://go.crn.com/YNqo3p\xa0 #<em><em>synnex</em></em>', 'result_warc_relative_path': None, 'result_warc_byte_offset': None}
 {'result_id': '88ea9629-6ca7-552e-8869-0db27793e128', 'result_url': 'https://twitter.com/TechPineapple/status/513339751030853633', 'result_domain': 'twitter.com', 'result_domain_public_suffix': 'com', 'result_wayback_url': 'https://web.archive.org/web/20141026235254/https://twitter.com/TechPineapple/status/513339751030853633', 'result_wayback_raw_url': 'https://web.archive.org/web/20141026235254id_/https://twitter.com/TechPineapple/status/513339751030853633', 'result_snippet_rank': 14, 'result_snippet_title': '<em>Technology Pineapple</em>\n\u200f@<em>TechPineapple</em>', 'result_snippet_text': 'RT fmauney: Technology Petting Zoo day was a huge success with media specialists from gcschools A3Comms #<em><em>synnex</em></em> ... http://ift.tt/1sJTxob\xa0;', 'result_warc_relative_path': None, 'result_warc_byte_offset': None}
 {'result_id': '4d145810-04ac-57b4-aa7c-06f8f77dd29f', 'result_url': 'https://twitter.com/CRN/status/486906180006989824', 'result_domain': 'twitter.com', 'result_domain_public_suffix': 'com', 'result_wayback_url': 'https://web.archive.org/web/20141026235254/https://twitter.com/CRN/status/486906180006989824', 'result_wayback_raw_url': 'https://web.archive.org/web/20141026235254id_/https://twitter.com/CRN/status/486906180006989824', 'result_snippet_rank': 15, 'result_snippet_title': '<em>CRN</em>\n\u200f@<em>CRN</em>', 'result_snippet_text': 'Q&amp;A: Synnex CEO Talks PCs, Mobility, Vertical Markets And More http://go.crn.com/TSSO9A\xa0 #<em><em>synnex</em></em>', 'result_warc_relative_path': None, 'result_warc_byte_offset': None}
 {'result_id': '7ea6efec-8b9d-5614-ba0d-8f2a4770018a', 'result_url': 'https://twitter.com/CRN/status/484726655152181248', 'result_domain': 'twitter.com', 'result_domain_public_suffix': 'com', 'result_wayback_url': 'https://web.archive.org/web/20141026235254/https://twitter.com/CRN/status/484726655152181248', 'result_wayback_raw_url': 'https://web.archive.org/web/20141026235254id_/https://twitter.com/CRN/status/484726655152181248', 'result_snippet_rank': 16, 'result_snippet_title': '<em>CRN</em>\n\u200f@<em>CRN</em>', 'result_snippet_text': 'Synnex Beats Expectations With Double-Digit Q2 Sales And Profit Growth: http://go.crn.com/TFkdvx\xa0 #<em><em>Synnex</em></em>', 'result_warc_relative_path': None, 'result_warc_byte_offset': None}
 {'result_id': '1e51c3b2-6c39-5915-ad86-3219f0b0b975', 'result_url': 'https://twitter.com/itsmekendralee/status/484473627882954752', 'result_domain': 'twitter.com', 'result_domain_public_suffix': 'com', 'result_wayback_url': 'https://web.archive.org/web/20141026235254/https://twitter.com/itsmekendralee/status/484473627882954752', 'result_wayback_raw_url': 'https://web.archive.org/web/20141026235254id_/https://twitter.com/itsmekendralee/status/484473627882954752', 'result_snippet_rank': 17, 'result_snippet_title': '<em>Kendra Lee</em>\n\u200f@<em>itsmekendralee</em>', 'result_snippet_text': '#<em><em>SYNNEX</em></em> Corporation Reports Fiscal 2014 2nd Quarter Results | Business Wire http://www.businesswire.com/news/home/20140702005997/en/SYNNEX-Corporation-Reports-Fiscal-2014-Quarter-Results#.U7SQXLDi3tU.twitter\xa0…', 'result_warc_relative_path': None, 'result_warc_byte_offset': None}
 {'result_id': 'c2411e9f-db91-5175-9722-c63db3cf0f6b', 'result_url': 'https://twitter.com/techdaynz/status/476455287084154880', 'result_domain': 'twitter.com', 'result_domain_public_suffix': 'com', 'result_wayback_url': 'https://web.archive.org/web/20141026235254/https://twitter.com/techdaynz/status/476455287084154880', 'result_wayback_raw_url': 'https://web.archive.org/web/20141026235254id_/https://twitter.com/techdaynz/status/476455287084154880', 'result_snippet_rank': 18, 'result_snippet_title': '<em>TechDay</em>\n\u200f@<em>techdaynz</em>', 'result_snippet_text': 'Expanding #<em><em>Synnex</em></em> NZ continues market growth with #<em>PC</em> hire http://dlvr.it/5xk6tR', 'result_warc_relative_path': None, 'result_warc_byte_offset': None}
 {'result_id': '17332d96-35fc-5bd1-88c6-1f6580cde7ec', 'result_url': 'https://twitter.com/HPConverge/status/459849433220657152', 'result_domain': 'twitter.com', 'result_domain_public_suffix': 'com', 'result_wayback_url': 'https://web.archive.org/web/20141026235254/https://twitter.com/HPConverge/status/459849433220657152', 'result_wayback_raw_url': 'https://web.archive.org/web/20141026235254id_/https://twitter.com/HPConverge/status/459849433220657152', 'result_snippet_rank': 19, 'result_snippet_title': '<em>HP CI</em>\n\u200f@<em>HPConverge</em>', 'result_snippet_text': '#<em><em>SYNNEX</em></em> understands that the success of your customers is important! #<em>HPConverge</em> http://bit.ly/1kQbq30', 'result_warc_relative_path': None, 'result_warc_byte_offset': None}
 {'result_id': '9dbb7734-9b0b-50bb-9372-d00edc21f851', 'result_url': 'https://twitter.com/HPConverge/status/456596728708202497', 'result_domain': 'twitter.com', 'result_domain_public_suffix': 'com', 'result_wayback_url': 'https://web.archive.org/web/20141026235254/https://twitter.com/HPConverge/status/456596728708202497', 'result_wayback_raw_url': 'https://web.archive.org/web/20141026235254id_/https://twitter.com/HPConverge/status/456596728708202497', 'result_snippet_rank': 20, 'result_snippet_title': '<em>HP CI</em>\n\u200f@<em>HPConverge</em>', 'result_snippet_text': 'Orchestrate operations with HP and #<em><em>SYNNEX</em></em>! #<em>HPConverge</em> http://bit.ly/1kQbq30', 'result_warc_relative_path': None, 'result_warc_byte_offset': None}]",twitter,twitter.com,com,26,social-media
