serp_id,serp_url,serp_timestamp,serp_wayback_url,serp_wayback_raw_url,serp_page,serp_offset,serp_query_text_url,serp_query_text_url_language,serp_query_text_html,serp_warc_relative_path,serp_warc_byte_offset,serp_results,search_provider_name,search_provider_alexa_domain,search_provider_alexa_domain_public_suffix,search_provider_alexa_rank,search_provider_category
c1b62ca4-0f63-54be-85d7-c3deb4ad8945,https://twitter.com/search?q=%23Iwata,2019-12-07 12:25:36,https://web.archive.org/web/20191207132536/https://twitter.com/search?q=%23Iwata,https://web.archive.org/web/20191207132536id_/https://twitter.com/search?q=%23Iwata,,,#Iwata,ha,,focused/archived-raw-serps/twitter/twitter.com%2Fsearch%3F/0000001300/0000000000.warc.gz,715234,"[{'result_id': '5011ceab-f538-5a17-99ea-d270b7b5e07d', 'result_url': 'https://twitter.com/lucas_and_mew/status/1203063761688510465', 'result_domain': 'twitter.com', 'result_domain_public_suffix': 'com', 'result_wayback_url': 'https://web.archive.org/web/20191207132536/https://twitter.com/lucas_and_mew/status/1203063761688510465', 'result_wayback_raw_url': 'https://web.archive.org/web/20191207132536id_/https://twitter.com/lucas_and_mew/status/1203063761688510465', 'result_snippet_rank': 1, 'result_snippet_title': '<em>Lucas Notch</em>\u200f\xa0@<em>lucas_and_mew</em>', 'result_snippet_text': ""This was #<em><em>Iwata</em></em>'s first game.\n\nSince the Commodore PET didn't support any Japanese characters, this game was written entirely in English. https://twitter.com/ModernVintageG/status/1203045183648124930\xa0…"", 'result_warc_relative_path': None, 'result_warc_byte_offset': None}
 {'result_id': '1e44e300-676f-59ab-8787-361d7e306017', 'result_url': 'https://twitter.com/pxe00675/status/1201859106711060482', 'result_domain': 'twitter.com', 'result_domain_public_suffix': 'com', 'result_wayback_url': 'https://web.archive.org/web/20191207132536/https://twitter.com/pxe00675/status/1201859106711060482', 'result_wayback_raw_url': 'https://web.archive.org/web/20191207132536id_/https://twitter.com/pxe00675/status/1201859106711060482', 'result_snippet_rank': 2, 'result_snippet_title': '<em>Jukutaro</em>\u200f\xa0@<em>pxe00675</em>', 'result_snippet_text': '""Stay with me, Adailton!""  \n#<em>adailton</em> #<em>jubilo</em> #<em><em>iwata</em></em> https://twitter.com/tD3x8Jn9QjsO754/status/1201828884175392769\xa0…', 'result_warc_relative_path': None, 'result_warc_byte_offset': None}
 {'result_id': '9d13e594-2280-5a7e-8093-02f25fba91fa', 'result_url': 'https://twitter.com/GoldLiger0X/status/1202750574921502720', 'result_domain': 'twitter.com', 'result_domain_public_suffix': 'com', 'result_wayback_url': 'https://web.archive.org/web/20191207132536/https://twitter.com/GoldLiger0X/status/1202750574921502720', 'result_wayback_raw_url': 'https://web.archive.org/web/20191207132536id_/https://twitter.com/GoldLiger0X/status/1202750574921502720', 'result_snippet_rank': 3, 'result_snippet_title': '<em>GoldLiger(SS4 Xeno)</em>\u200f\xa0@<em>GoldLiger0X</em>', 'result_snippet_text': 'You were right on them being robots that just ""consume media"" instead of voting with their wallets.\n\nIwata\'s passing truly marked the downfall of Gamefreak\'s quality. May Mr. Iwata rest in piece.\n\n#<em><em>Iwata</em></em>\n#<em>Nintendo</em>\n#<em>Pokemon</em>', 'result_warc_relative_path': None, 'result_warc_byte_offset': None}
 {'result_id': 'df85bee0-dd19-5026-a81b-a688e3966184', 'result_url': 'https://twitter.com/pxe00675/status/1201837834887294977', 'result_domain': 'twitter.com', 'result_domain_public_suffix': 'com', 'result_wayback_url': 'https://web.archive.org/web/20191207132536/https://twitter.com/pxe00675/status/1201837834887294977', 'result_wayback_raw_url': 'https://web.archive.org/web/20191207132536id_/https://twitter.com/pxe00675/status/1201837834887294977', 'result_snippet_rank': 4, 'result_snippet_title': '<em>Jukutaro</em>\u200f\xa0@<em>pxe00675</em>', 'result_snippet_text': ""Muchas gracias! Thank you very much! Arigato gozaimasu! We feel happy that you will be able to fight with Iwata next season! Hoping, believing our success! Let's go back to J1!! Yeah! Congratulations on your future!\n#<em>jubilo</em> #<em>jubero</em> #<em><em>iwata</em></em>"", 'result_warc_relative_path': None, 'result_warc_byte_offset': None}
 {'result_id': '7cc3e887-df62-58a1-87dd-288e350aa31a', 'result_url': 'https://twitter.com/airvolution/status/1202980760862543876', 'result_domain': 'twitter.com', 'result_domain_public_suffix': 'com', 'result_wayback_url': 'https://web.archive.org/web/20191207132536/https://twitter.com/airvolution/status/1202980760862543876', 'result_wayback_raw_url': 'https://web.archive.org/web/20191207132536id_/https://twitter.com/airvolution/status/1202980760862543876', 'result_snippet_rank': 5, 'result_snippet_title': '<em>Airvolution</em>\u200f\xa0@<em>airvolution</em>', 'result_snippet_text': ""Silver body painting for Vaughn's Creations private event at Level Three venue tonight. \n\n#<em>silver</em>\n#<em>bodypainting</em>\n#<em><em>iwata</em></em>\n#<em>kryolan</em>\n#<em>kryolanmakeup</em>\n#<em>corporateevents</em>\n#<em>corporateart</em>\n#<em>airvolution</em>… https://www.instagram.com/p/B5vKLEFno5B/?igshid=e4u4n8t2x8yl\xa0…"", 'result_warc_relative_path': None, 'result_warc_byte_offset': None}
 {'result_id': '9cecdca1-5f4d-5e75-815e-40d427ecb1b1', 'result_url': 'https://twitter.com/mgn_iwata/status/1203300795266953216', 'result_domain': 'twitter.com', 'result_domain_public_suffix': 'com', 'result_wayback_url': 'https://web.archive.org/web/20191207132536/https://twitter.com/mgn_iwata/status/1203300795266953216', 'result_wayback_raw_url': 'https://web.archive.org/web/20191207132536id_/https://twitter.com/mgn_iwata/status/1203300795266953216', 'result_snippet_rank': 6, 'result_snippet_title': '<em>気象うさぎ:磐田</em>\u200f\xa0@<em>mgn_iwata</em>', 'result_snippet_text': '【22:00時点 7.3℃】\n9.9~6.3℃\n＝静岡県磐田市 #<em><em>iwata</em></em> #<em>磐田</em> [大雪]pic.twitter.com/VZ0tOQpLki', 'result_warc_relative_path': None, 'result_warc_byte_offset': None}
 {'result_id': 'fc5808c0-5a62-5cd8-9020-83605c42f7bf', 'result_url': 'https://twitter.com/airvolution/status/1202898391149109249', 'result_domain': 'twitter.com', 'result_domain_public_suffix': 'com', 'result_wayback_url': 'https://web.archive.org/web/20191207132536/https://twitter.com/airvolution/status/1202898391149109249', 'result_wayback_raw_url': 'https://web.archive.org/web/20191207132536id_/https://twitter.com/airvolution/status/1202898391149109249', 'result_snippet_rank': 7, 'result_snippet_title': '<em>Airvolution</em>\u200f\xa0@<em>airvolution</em>', 'result_snippet_text': 'Airbrush tattoos for Goscor year end function at Emperors Palace today. \n\n#<em>airbrushtattoos</em>\n#<em>getinked</em>\n#<em>bodyart</em>\n#<em>bodypaint</em>\n#<em>airvolution</em>\n#<em><em>iwata</em></em>\n#<em>corporateevents</em>\n#<em>yearendfunction</em>\n#<em>teambuilding</em>\n#<em>tattoos</em> @ Emperors… https://www.instagram.com/p/B5ukt0YHndx/?igshid=15d9c8e9gcgpm\xa0…', 'result_warc_relative_path': None, 'result_warc_byte_offset': None}
 {'result_id': 'a29c04d7-8308-5f31-8c97-cb6ca0d30f41', 'result_url': 'https://twitter.com/Shizu_West_News/status/1203222723645718528', 'result_domain': 'twitter.com', 'result_domain_public_suffix': 'com', 'result_wayback_url': 'https://web.archive.org/web/20191207132536/https://twitter.com/Shizu_West_News/status/1203222723645718528', 'result_wayback_raw_url': 'https://web.archive.org/web/20191207132536id_/https://twitter.com/Shizu_West_News/status/1203222723645718528', 'result_snippet_rank': 8, 'result_snippet_title': '<em>静岡県西部ニュース</em>\u200f\xa0@<em>Shizu_West_News</em>', 'result_snippet_text': '本日の夜間当番医 http://bit.ly/g11mfQ\xa0 #<em>hamamatsu</em> #<em><em>iwata</em></em> #<em>fukuroi</em> #<em>kosai</em> #<em>omaezaki</em> #<em>kikugawa</em> #<em>morimachi</em>', 'result_warc_relative_path': None, 'result_warc_byte_offset': None}
 {'result_id': '0020b9f3-bcb2-55f6-83b5-a4578afc8686', 'result_url': 'https://twitter.com/JBurns_Art_Room/status/1202761499263086592', 'result_domain': 'twitter.com', 'result_domain_public_suffix': 'com', 'result_wayback_url': 'https://web.archive.org/web/20191207132536/https://twitter.com/JBurns_Art_Room/status/1202761499263086592', 'result_wayback_raw_url': 'https://web.archive.org/web/20191207132536id_/https://twitter.com/JBurns_Art_Room/status/1202761499263086592', 'result_snippet_rank': 9, 'result_snippet_title': '<em>Justin Burns</em>\u200f\xa0@<em>JBurns_Art_Room</em>', 'result_snippet_text': 'Had fun teaching an #<em>airbrush</em> #<em>workshop</em> in #<em>dentontx</em>. #<em><em>iwata</em></em> @<em>iwata_airbrush</em> @<em>GoldenAcrylics</em> #<em>duralar</em> #<em>grafixarts</em> #<em>arteducation</em> #<em>lovemyjob</em>pic.twitter.com/G7ENRRsWDy', 'result_warc_relative_path': None, 'result_warc_byte_offset': None}
 {'result_id': '17a63a28-4653-5e22-803a-ce4951132c25', 'result_url': 'https://twitter.com/airvolution/status/1202226295825936385', 'result_domain': 'twitter.com', 'result_domain_public_suffix': 'com', 'result_wayback_url': 'https://web.archive.org/web/20191207132536/https://twitter.com/airvolution/status/1202226295825936385', 'result_wayback_raw_url': 'https://web.archive.org/web/20191207132536id_/https://twitter.com/airvolution/status/1202226295825936385', 'result_snippet_rank': 10, 'result_snippet_title': '<em>Airvolution</em>\u200f\xa0@<em>airvolution</em>', 'result_snippet_text': 'Marble body painting for private event at Saint restaurant.\nClient: Ryan Hignett Productions\n\n#<em>marble</em>\n#<em>bodypaint</em>\n#<em>bodyart</em>\n#<em>marbelous</em>\n#<em>airvolution</em>\n#<em>kryolanmakeup</em>\n#<em><em>iwata</em></em>\n#<em>paintedmodels</em>\n#<em>creativeart</em>\n#<em>corporateevents</em> https://www.instagram.com/p/B5pzFP5HRxg/?igshid=16514664vuaca\xa0…', 'result_warc_relative_path': None, 'result_warc_byte_offset': None}
 {'result_id': '37ade038-7187-58ff-afa3-77db15500520', 'result_url': 'https://twitter.com/MidwestAirbrush/status/1201394509994774529', 'result_domain': 'twitter.com', 'result_domain_public_suffix': 'com', 'result_wayback_url': 'https://web.archive.org/web/20191207132536/https://twitter.com/MidwestAirbrush/status/1201394509994774529', 'result_wayback_raw_url': 'https://web.archive.org/web/20191207132536id_/https://twitter.com/MidwestAirbrush/status/1201394509994774529', 'result_snippet_rank': 11, 'result_snippet_title': '<em>Midwest Airbrush Supply Co.</em>\u200f\xa0@<em>MidwestAirbrush</em>', 'result_snippet_text': 'CYBER Monday is baaaaaaack!  One day only. See website for details.\n\n#<em>airbrushes</em> #<em>airbrushing</em> #<em>airbrushart</em> #<em>createxcolors</em> #<em>paasche</em> #<em><em>iwata</em></em> #<em>grexairbrush</em> #<em>harderandsteenbeck</em> @ Midwest Airbrush Supply Co. https://www.instagram.com/p/B5j41QJAD3C/?igshid=k3s9e4zdm1za\xa0…', 'result_warc_relative_path': None, 'result_warc_byte_offset': None}
 {'result_id': 'ddd5c58f-4e35-55b5-87e0-16139a6865f5', 'result_url': 'https://twitter.com/DGAIRBUSHING/status/1201390302541402113', 'result_domain': 'twitter.com', 'result_domain_public_suffix': 'com', 'result_wayback_url': 'https://web.archive.org/web/20191207132536/https://twitter.com/DGAIRBUSHING/status/1201390302541402113', 'result_wayback_raw_url': 'https://web.archive.org/web/20191207132536id_/https://twitter.com/DGAIRBUSHING/status/1201390302541402113', 'result_snippet_rank': 12, 'result_snippet_title': '<em>DGD AIRBRUSHING</em>\u200f\xa0@<em>DGAIRBUSHING</em>', 'result_snippet_text': 'No filter #<em>lightning</em> #<em>airbrushed</em> #<em>omaha</em> #<em>nebraska</em> #<em>helmet</em> #<em><em>iwata</em></em> #<em>soon</em> #<em>badger</em> https://www.instagram.com/p/B5j26pKnPUa/?igshid=15djv1zvqc3d\xa0…', 'result_warc_relative_path': None, 'result_warc_byte_offset': None}
 {'result_id': '5e561522-cb02-5557-8b50-6897366f98ff', 'result_url': 'https://twitter.com/steve_nielsen/status/1201188193162256384', 'result_domain': 'twitter.com', 'result_domain_public_suffix': 'com', 'result_wayback_url': 'https://web.archive.org/web/20191207132536/https://twitter.com/steve_nielsen/status/1201188193162256384', 'result_wayback_raw_url': 'https://web.archive.org/web/20191207132536id_/https://twitter.com/steve_nielsen/status/1201188193162256384', 'result_snippet_rank': 13, 'result_snippet_title': '<em>Steve Nielsen Art</em>\u200f\xa0@<em>steve_nielsen</em>', 'result_snippet_text': 'My largest monarch butterfly sculpture to date. \n#<em>SteveNielsenArt</em> #<em>monarchbutterfly</em> #<em>monarch</em> #<em>butterfly</em> #<em>butterflies</em> #<em>butterflyart</em> #<em>designer</em> #<em>designerart</em> #<em>luxuryart</em> #<em>metalshaping</em> #<em>airbrushing</em> #<em><em>iwata</em></em> #<em>mittlerbros</em> #<em>beadrolling</em> @<em>iwata_airbrush</em> @<em>MillerWelders</em>pic.twitter.com/Dw3VIu1xq4', 'result_warc_relative_path': None, 'result_warc_byte_offset': None}
 {'result_id': '198339ee-a5ec-5a5f-8f00-df093ec146af', 'result_url': 'https://twitter.com/NiwakaFerreris/status/1200724178212491264', 'result_domain': 'twitter.com', 'result_domain_public_suffix': 'com', 'result_wayback_url': 'https://web.archive.org/web/20191207132536/https://twitter.com/NiwakaFerreris/status/1200724178212491264', 'result_wayback_raw_url': 'https://web.archive.org/web/20191207132536id_/https://twitter.com/NiwakaFerreris/status/1200724178212491264', 'result_snippet_rank': 14, 'result_snippet_title': '<em>俄フェレリスタ</em>\u200f\xa0@<em>NiwakaFerreris</em>', 'result_snippet_text': ""Game, set &amp; match, #<em>Jubilo</em> #<em><em>Iwata</em></em>. #<em>Nagoya</em> #<em>grampus</em> was lost to Iwata 1-2. A footballer of Iwata broke the deadlock in the 1st half. But Nagoya caught up with Iwata thanks to Aria in 39'. Another player of Iwata scored a clincher in the 2nd half.. :/https://twitter.com/nge_official/status/1200675058114449408\xa0…"", 'result_warc_relative_path': None, 'result_warc_byte_offset': None}
 {'result_id': '90d7162b-e35a-53d9-957a-147f94f4118f', 'result_url': 'https://twitter.com/MikeGTV/status/1200268088467431424', 'result_domain': 'twitter.com', 'result_domain_public_suffix': 'com', 'result_wayback_url': 'https://web.archive.org/web/20191207132536/https://twitter.com/MikeGTV/status/1200268088467431424', 'result_wayback_raw_url': 'https://web.archive.org/web/20191207132536id_/https://twitter.com/MikeGTV/status/1200268088467431424', 'result_snippet_rank': 15, 'result_snippet_title': '<em>Michael Gold</em>\u200f\xa0@<em>MikeGTV</em>', 'result_snippet_text': 'Just finished a #<em>custom</em> #<em>cartoon</em> #<em>stitch</em> #<em>hydroflask</em> for a #<em>highschool</em> #<em>volleyball</em> #<em>student</em> #<em>MikeGTV</em> #<em>airbrush</em> #<em>color</em> #<em>art</em> #<em>paint</em> #<em>clear</em> #<em>brooklyn</em> #<em>shine</em> #<em>original</em> #<em>palmtrees</em> #<em>freehand</em> #<em>sunset</em> #<em>wet</em> #<em>getatme</em> #<em>letsgo</em> #<em>letsgetit</em> #<em><em>iwata</em></em> #<em>create</em> #<em>createx</em> #<em>wickedpaint</em> #<em>clean</em>pic.twitter.com/lrekEHqeev', 'result_warc_relative_path': None, 'result_warc_byte_offset': None}]",twitter,twitter.com,com,26,social-media
