{"result_id":"ecc235f1-100c-500d-9306-85a31d6ddff4","result_url":"https:\/\/www.google.co.jp\/url?q=https:\/\/mamagirl.jp\/0000212683&sa=U&ved=2ahUKEwicwqPPtrP5AhXTLEQIHYMcD_UQFnoECBAQAg&usg=AOvVaw1Rc5KFEaRcotHFa5qJO1Ej","result_domain":"www.google.co.jp","result_domain_public_suffix":"co.jp","result_wayback_url":"https:\/\/web.archive.org\/web\/20220807000223\/https:\/\/www.google.co.jp\/url?q=https:\/\/mamagirl.jp\/0000212683&sa=U&ved=2ahUKEwicwqPPtrP5AhXTLEQIHYMcD_UQFnoECBAQAg&usg=AOvVaw1Rc5KFEaRcotHFa5qJO1Ej","result_wayback_raw_url":"https:\/\/web.archive.org\/web\/20220807000223id_\/https:\/\/www.google.co.jp\/url?q=https:\/\/mamagirl.jp\/0000212683&sa=U&ved=2ahUKEwicwqPPtrP5AhXTLEQIHYMcD_UQFnoECBAQAg&usg=AOvVaw1Rc5KFEaRcotHFa5qJO1Ej","result_snippet_rank":42,"result_snippet_title":"\u8ce2\u3044\u30de\u30de\u306f\u3010Yahoo!\u5929\u6c17\u3011\u3067\u6bce\u65e5\u3092\u3082\u3063\u3068\u4fbf\u5229\u306b\u697d\u3057\u304f\u3057\u3066\u3044\u307e\u3059\uff01","result_snippet_text":null,"result_warc_relative_path":null,"result_warc_byte_offset":null,"serp_id":"877d8b26-ceec-5fc9-a4ea-d05c3431088e","serp_url":"https:\/\/www.google.co.jp\/search?num=50&hl=ja&q=Yahoo!%E5%A4%A9%E6%B0%97%E3%82%A2%E3%83%97%E3%83%AA&sa=X&ved=2ahUKEwj55M3KtrP5AhVOHDQIHXO1BaAQ1QJ6BAgNEA4","serp_timestamp":1659823343000,"serp_wayback_url":"https:\/\/web.archive.org\/web\/20220807000223\/https:\/\/www.google.co.jp\/search?num=50&hl=ja&q=Yahoo!%E5%A4%A9%E6%B0%97%E3%82%A2%E3%83%97%E3%83%AA&sa=X&ved=2ahUKEwj55M3KtrP5AhVOHDQIHXO1BaAQ1QJ6BAgNEA4","serp_wayback_raw_url":"https:\/\/web.archive.org\/web\/20220807000223id_\/https:\/\/www.google.co.jp\/search?num=50&hl=ja&q=Yahoo!%E5%A4%A9%E6%B0%97%E3%82%A2%E3%83%97%E3%83%AA&sa=X&ved=2ahUKEwj55M3KtrP5AhVOHDQIHXO1BaAQ1QJ6BAgNEA4","serp_page":null,"serp_offset":null,"serp_query_text_url":"Yahoo!\u5929\u6c17\u30a2\u30d7\u30ea","serp_query_text_url_language":null,"serp_query_text_html":"Yahoo!\u5929\u6c17\u30a2\u30d7\u30ea","serp_warc_relative_path":"focused\/archived-raw-serps\/google\/google.co.jp%2Fsearch%3F\/0000000056\/0000000000.warc.gz","serp_warc_byte_offset":414628,"search_provider_name":"google","search_provider_alexa_domain":"google.com","search_provider_alexa_domain_public_suffix":"com","search_provider_alexa_rank":1,"search_provider_category":"search-engine"}
