{"result_id":"01dc1a6f-7861-5543-abef-4a01d36a2aad","result_url":"https:\/\/mobile.twitter.com\/Ach0rd\/status\/213292091273510914","result_domain":"mobile.twitter.com","result_domain_public_suffix":"com","result_wayback_url":"https:\/\/web.archive.org\/web\/20120617025631\/https:\/\/mobile.twitter.com\/Ach0rd\/status\/213292091273510914","result_wayback_raw_url":"https:\/\/web.archive.org\/web\/20120617025631id_\/https:\/\/mobile.twitter.com\/Ach0rd\/status\/213292091273510914","result_snippet_rank":3,"result_snippet_title":"<em>ACHORD<\/em>\n\n@Ach0rd","result_snippet_text":"Edmonton is #1 automobile dependent city in Canada according to John Spence #CPHA2012 Source: bit.ly\/KJnL4y","result_warc_relative_path":null,"result_warc_byte_offset":null,"serp_id":"ba52a88d-ccf6-52b2-9bf1-3389bd19e17a","serp_url":"https:\/\/mobile.twitter.com\/search?q=%23CPHA2012","serp_timestamp":1339894591000,"serp_wayback_url":"https:\/\/web.archive.org\/web\/20120617025631\/https:\/\/mobile.twitter.com\/search?q=%23CPHA2012","serp_wayback_raw_url":"https:\/\/web.archive.org\/web\/20120617025631id_\/https:\/\/mobile.twitter.com\/search?q=%23CPHA2012","serp_page":null,"serp_offset":null,"serp_query_text_url":"#CPHA2012","serp_query_text_url_language":null,"serp_query_text_html":"#CPHA2012","serp_warc_relative_path":"focused\/archived-raw-serps\/twitter\/mobile.twitter.com%2Fsearch%3F\/0000000437\/0000000000.warc.gz","serp_warc_byte_offset":44938,"search_provider_name":"twitter","search_provider_alexa_domain":"twitter.com","search_provider_alexa_domain_public_suffix":"com","search_provider_alexa_rank":26,"search_provider_category":"social-media"}
