{"result_id":"95b9a4dd-d4e9-56da-973a-11af7e2e68a5","result_url":"https:\/\/stackoverflow.com\/questions\/40823180\/how-to-compile-a-c-program-in-clang-exactly-the-same-as-o2-and-o3-of-gcc","result_domain":"stackoverflow.com","result_domain_public_suffix":"com","result_wayback_url":"https:\/\/web.archive.org\/web\/20171025082333\/https:\/\/stackoverflow.com\/questions\/40823180\/how-to-compile-a-c-program-in-clang-exactly-the-same-as-o2-and-o3-of-gcc","result_wayback_raw_url":"https:\/\/web.archive.org\/web\/20171025082333id_\/https:\/\/stackoverflow.com\/questions\/40823180\/how-to-compile-a-c-program-in-clang-exactly-the-same-as-o2-and-o3-of-gcc","result_snippet_rank":4,"result_snippet_title":"How to Compile a c program in clang exactly the same as -O2 and -O3 of gcc","result_snippet_text":"I want to evaluate an AVX2 program written in c-intrinsics using gcc 5.4.0 and clang 3.8 for compiling and using perf , valgrind and IACA for evaluating and analysis. I Exactly want the same ...","result_warc_relative_path":null,"result_warc_byte_offset":null,"serp_id":"778927c8-c805-56eb-bc61-01cc98019f8d","serp_url":"https:\/\/stackoverflow.com\/questions\/tagged\/clang+intrinsics","serp_timestamp":1508912613000,"serp_wayback_url":"https:\/\/web.archive.org\/web\/20171025082333\/https:\/\/stackoverflow.com\/questions\/tagged\/clang+intrinsics","serp_wayback_raw_url":"https:\/\/web.archive.org\/web\/20171025082333id_\/https:\/\/stackoverflow.com\/questions\/tagged\/clang+intrinsics","serp_page":null,"serp_offset":null,"serp_query_text_url":"clang+intrinsics","serp_query_text_url_language":null,"serp_query_text_html":"[clang] [intrinsics]","serp_warc_relative_path":"focused\/archived-raw-serps\/stackoverflow\/stackoverflow.com%2Fquestions%2Ftagged\/0000000104\/0000000000.warc.gz","serp_warc_byte_offset":702651,"search_provider_name":"stackoverflow","search_provider_alexa_domain":"stackoverflow.com","search_provider_alexa_domain_public_suffix":"com","search_provider_alexa_rank":43,"search_provider_category":"question-and-answer"}
