{"serp_id":"221cbfac-4b93-5487-9340-33e014fe8fd8","serp_url":"https:\/\/twitter.com\/search?q=%23RIO2trailer&src=hash","serp_timestamp":1376029230000,"serp_wayback_url":"https:\/\/web.archive.org\/web\/20130809082030\/https:\/\/twitter.com\/search?q=%23RIO2trailer&src=hash","serp_wayback_raw_url":"https:\/\/web.archive.org\/web\/20130809082030id_\/https:\/\/twitter.com\/search?q=%23RIO2trailer&src=hash","serp_page":null,"serp_offset":null,"serp_query_text_url":"#RIO2trailer","serp_query_text_url_language":null,"serp_query_text_html":null,"serp_warc_relative_path":"focused\/archived-raw-serps\/twitter\/twitter.com%2Fsearch%3F\/0000001384\/0000000000.warc.gz","serp_warc_byte_offset":503,"serp_results":[{"result_id":"381ca986-c96b-5325-a25c-60f4fc5ef94c","result_url":"https:\/\/twitter.com\/Judahema\/status\/360220318528307200","result_domain":"twitter.com","result_domain_public_suffix":"com","result_wayback_url":"https:\/\/web.archive.org\/web\/20130809082030\/https:\/\/twitter.com\/Judahema\/status\/360220318528307200","result_wayback_raw_url":"https:\/\/web.archive.org\/web\/20130809082030id_\/https:\/\/twitter.com\/Judahema\/status\/360220318528307200","result_snippet_rank":1,"result_snippet_title":"<em>Juan Daniel <\/em>\n\u200f@<em>Judahema<\/em>","result_snippet_text":"Check out the #<em><em>RIO2trailer<\/em><\/em> coming summer 2014 http:\/\/movies.yahoo.com\/video\/rio-2-trailer-d-160045160.html\u00a0\u2026","result_warc_relative_path":null,"result_warc_byte_offset":null},{"result_id":"bff65703-d0d3-5845-b3b5-39b12b829dc8","result_url":"https:\/\/twitter.com\/smurfs404\/status\/358920717863108608","result_domain":"twitter.com","result_domain_public_suffix":"com","result_wayback_url":"https:\/\/web.archive.org\/web\/20130809082030\/https:\/\/twitter.com\/smurfs404\/status\/358920717863108608","result_wayback_raw_url":"https:\/\/web.archive.org\/web\/20130809082030id_\/https:\/\/twitter.com\/smurfs404\/status\/358920717863108608","result_snippet_rank":2,"result_snippet_title":"<em>Smurf<\/em>\n\u200f@<em>smurfs404<\/em>","result_snippet_text":"Just Saying #<em><em>RIO2trailer<\/em><\/em> !! :P","result_warc_relative_path":null,"result_warc_byte_offset":null},{"result_id":"8ce3a6f4-c34e-519d-a888-60cd24e15c0c","result_url":"https:\/\/twitter.com\/SINGUP05107236\/status\/358662476130287617","result_domain":"twitter.com","result_domain_public_suffix":"com","result_wayback_url":"https:\/\/web.archive.org\/web\/20130809082030\/https:\/\/twitter.com\/SINGUP05107236\/status\/358662476130287617","result_wayback_raw_url":"https:\/\/web.archive.org\/web\/20130809082030id_\/https:\/\/twitter.com\/SINGUP05107236\/status\/358662476130287617","result_snippet_rank":3,"result_snippet_title":"<em>SINGUP<\/em>\n\u200f@<em>SINGUP05107236<\/em>","result_snippet_text":"?iamwill : check out the #<em><em>RIO2trailer<\/em><\/em> coming summer 2014...this is ganna be sooo dope!!! http:\/\/movies.yahoo.com\/video\/rio-2-trailer-d-160045160.html\u00a0\u2026","result_warc_relative_path":null,"result_warc_byte_offset":null},{"result_id":"215339d4-3ed6-5f9f-9e66-dc3ac74db491","result_url":"https:\/\/twitter.com\/yanticha\/status\/358406543152128000","result_domain":"twitter.com","result_domain_public_suffix":"com","result_wayback_url":"https:\/\/web.archive.org\/web\/20130809082030\/https:\/\/twitter.com\/yanticha\/status\/358406543152128000","result_wayback_raw_url":"https:\/\/web.archive.org\/web\/20130809082030id_\/https:\/\/twitter.com\/yanticha\/status\/358406543152128000","result_snippet_rank":4,"result_snippet_title":"<em>Yanticha Isyandini<\/em>\n\u200f@<em>yanticha<\/em>","result_snippet_text":"Ga ga ga sabarrrrrrrrrRT @<em>iamwill<\/em>: check out the #<em><em>RIO2trailer<\/em><\/em> coming summer 2014...this is ganna be sooo dope!!! http:\/\/movies.yahoo.com\/video\/rio-2-trailer-d-160045160.html\u00a0\u2026","result_warc_relative_path":null,"result_warc_byte_offset":null},{"result_id":"fbd1fae8-7ae4-557f-8057-b22929bb5526","result_url":"https:\/\/twitter.com\/dai_joy\/status\/358390333245104129","result_domain":"twitter.com","result_domain_public_suffix":"com","result_wayback_url":"https:\/\/web.archive.org\/web\/20130809082030\/https:\/\/twitter.com\/dai_joy\/status\/358390333245104129","result_wayback_raw_url":"https:\/\/web.archive.org\/web\/20130809082030id_\/https:\/\/twitter.com\/dai_joy\/status\/358390333245104129","result_snippet_rank":5,"result_snippet_title":"<em>dai_joy<\/em>\n\u200f@<em>dai_joy<\/em>","result_snippet_text":"Aww! Brazil \u2665 u,meant it! RT @<em>iamwill<\/em>: check out the #<em><em>RIO2trailer<\/em><\/em> coming summer 2014...this is ganna be sooo dope!!! http:\/\/po.st\/LyB0Dp","result_warc_relative_path":null,"result_warc_byte_offset":null},{"result_id":"29fc173e-a972-59a0-b0b3-170a05599f0e","result_url":"https:\/\/twitter.com\/iamwill\/status\/358387481839800321","result_domain":"twitter.com","result_domain_public_suffix":"com","result_wayback_url":"https:\/\/web.archive.org\/web\/20130809082030\/https:\/\/twitter.com\/iamwill\/status\/358387481839800321","result_wayback_raw_url":"https:\/\/web.archive.org\/web\/20130809082030id_\/https:\/\/twitter.com\/iamwill\/status\/358387481839800321","result_snippet_rank":6,"result_snippet_title":"<em>will.i.am<\/em>\n\u200f@<em>iamwill<\/em>","result_snippet_text":"check out the #<em><em>RIO2trailer<\/em><\/em> coming summer 2014...this is ganna be sooo dope!!! http:\/\/movies.yahoo.com\/video\/rio-2-trailer-d-160045160.html\u00a0\u2026","result_warc_relative_path":null,"result_warc_byte_offset":null}],"search_provider_name":"twitter","search_provider_alexa_domain":"twitter.com","search_provider_alexa_domain_public_suffix":"com","search_provider_alexa_rank":26,"search_provider_category":"social-media"}
{"serp_id":"b8b39418-ddf0-58c8-9fec-b46cde2083cb","serp_url":"https:\/\/twitter.com\/search?q=%23etnogenez&src=hash","serp_timestamp":1377393366000,"serp_wayback_url":"https:\/\/web.archive.org\/web\/20130825031606\/https:\/\/twitter.com\/search?q=%23etnogenez&src=hash","serp_wayback_raw_url":"https:\/\/web.archive.org\/web\/20130825031606id_\/https:\/\/twitter.com\/search?q=%23etnogenez&src=hash","serp_page":null,"serp_offset":null,"serp_query_text_url":"#etnogenez","serp_query_text_url_language":"sr","serp_query_text_html":null,"serp_warc_relative_path":"focused\/archived-raw-serps\/twitter\/twitter.com%2Fsearch%3F\/0000001253\/0000000000.warc.gz","serp_warc_byte_offset":38454,"serp_results":[{"result_id":"0e5d0e6c-035c-5bf3-b562-4f3eec482d20","result_url":"https:\/\/twitter.com\/VArkadev\/status\/365013558595031041","result_domain":"twitter.com","result_domain_public_suffix":"com","result_wayback_url":"https:\/\/web.archive.org\/web\/20130825031606\/https:\/\/twitter.com\/VArkadev\/status\/365013558595031041","result_wayback_raw_url":"https:\/\/web.archive.org\/web\/20130825031606id_\/https:\/\/twitter.com\/VArkadev\/status\/365013558595031041","result_snippet_rank":1,"result_snippet_title":"<em>\u0412\u0430\u0441\u0438\u043b\u0438\u0439 \u0410\u0440\u043a\u0430\u0434\u044c\u0435\u0432<\/em>\n\u200f@<em>VArkadev<\/em>","result_snippet_text":"\u041d\u0430\u043a\u043e\u043d\u0435\u0446! \/  \/ \u0412\u0435\u0441\u044c \"\u042d\u0442\u043d\u043e\u0433\u0435\u043d\u0435\u0437\" \u043f\u0440\u043e\u0447\u0438\u0442\u0430\u043d! \/  \/ #<em><em>etnogenez<\/em><\/em> \/  \/ P.S. \u0416\u0430\u043b\u044c, \u0441\u0445\u0435\u043c\u0430 \u043d\u0435\u043f\u043e\u043b\u043d\u0430\u044f. http:\/\/vk.cc\/1IBya1","result_warc_relative_path":null,"result_warc_byte_offset":null},{"result_id":"a194a231-31f6-5c69-b2f9-297d1c01f1ac","result_url":"https:\/\/twitter.com\/rykov\/status\/348151328536678400","result_domain":"twitter.com","result_domain_public_suffix":"com","result_wayback_url":"https:\/\/web.archive.org\/web\/20130825031606\/https:\/\/twitter.com\/rykov\/status\/348151328536678400","result_wayback_raw_url":"https:\/\/web.archive.org\/web\/20130825031606id_\/https:\/\/twitter.com\/rykov\/status\/348151328536678400","result_snippet_rank":2,"result_snippet_title":"<em>\u041a\u043e\u043d\u0441\u0442\u0430\u043d\u0442\u0438\u043d \u0420\u044b\u043a\u043e\u0432<\/em>\n\u200f@<em>rykov<\/em>","result_snippet_text":"\u0414\u0438\u0437\u0430\u0439\u043d \u043d\u043e\u0432\u043e\u0439 \u0433\u043b\u0430\u0432\u043d\u043e\u0439 \u0412\u043e\u0439\u043d\u044b #<em><em>etnogenez<\/em><\/em> #<em>voinaru<\/em> http:\/\/instagram.com\/p\/a1OrL0vkvk\/","result_warc_relative_path":null,"result_warc_byte_offset":null},{"result_id":"5cd33e90-e6cf-515d-90d9-52105ca070ef","result_url":"https:\/\/twitter.com\/iinnochii\/status\/345575370784927744","result_domain":"twitter.com","result_domain_public_suffix":"com","result_wayback_url":"https:\/\/web.archive.org\/web\/20130825031606\/https:\/\/twitter.com\/iinnochii\/status\/345575370784927744","result_wayback_raw_url":"https:\/\/web.archive.org\/web\/20130825031606id_\/https:\/\/twitter.com\/iinnochii\/status\/345575370784927744","result_snippet_rank":3,"result_snippet_title":"<em>\u0422\u0438\u0445\u0438\u0439_\u041d\u0435_\u041e\u043a\u0435\u0430\u043d<\/em>\n\u200f@<em>iinnochii<\/em>","result_snippet_text":"\u041d\u0430 \u0434\u043d\u044f\u0445 \u043f\u043e\u043b\u0443\u0447\u0438\u043b \u043f\u043e\u0447\u0442\u0443 \u0438\u0437 \u041c\u043e\u0441\u043a\u0432\u044b. \u041f\u0440\u0438\u0448\u043b\u0430 \u0441\u0435\u0440\u0438\u044f \u043a\u043d\u0438\u0433 #<em><em>etnogenez<\/em><\/em>. \u0412 \u0441\u0432\u043e\u0431\u043e\u0434\u043d\u043e\u0435 \u0432\u0440\u0435\u043c\u044f \u0437\u0430\u0447\u0438\u0442\u044b\u0432\u0430\u044e\u0441\u044c \"\u041c\u0430\u0440\u0443\u0441\u0435\u0439\".","result_warc_relative_path":null,"result_warc_byte_offset":null},{"result_id":"392b7ffa-d1d8-58c8-822a-ca2d0a244382","result_url":"https:\/\/twitter.com\/Alllivka\/status\/335387070828777472","result_domain":"twitter.com","result_domain_public_suffix":"com","result_wayback_url":"https:\/\/web.archive.org\/web\/20130825031606\/https:\/\/twitter.com\/Alllivka\/status\/335387070828777472","result_wayback_raw_url":"https:\/\/web.archive.org\/web\/20130825031606id_\/https:\/\/twitter.com\/Alllivka\/status\/335387070828777472","result_snippet_rank":4,"result_snippet_title":"<em> \uf8ffAlivka<\/em>\n\u200f@<em>Alllivka<\/em>","result_snippet_text":"\u041e\u0431\u043e\u0436\u0430\u044e) RT @<em>Etnogenez<\/em>: \u0427\u0430\u0441\u044b \u0441\u0443\u0449\u0435\u0441\u0442\u0432\u0443\u044e\u0442 \u0434\u043b\u044f \u0442\u043e\u0433\u043e, \u0447\u0442\u043e\u0431\u044b \u043e\u0442\u043c\u0435\u0440\u044f\u0442\u044c \u0432\u0440\u0435\u043c\u044f \u0434\u043e \u043f\u044f\u0442\u043d\u0438\u0446\u044b.\n\u0410. \u0427\u0443\u0431\u0430\u0440\u044c\u044f\u043d. \u0425\u0430\u043a\u0435\u0440\u044b 2. #<em><em>etnogenez<\/em><\/em> #<em>\u0446\u0438\u0442\u0430\u0442\u044b<\/em>","result_warc_relative_path":null,"result_warc_byte_offset":null},{"result_id":"61d85c8a-98d8-5831-8128-86af76991f25","result_url":"https:\/\/twitter.com\/Valken_Vegener\/status\/335301147256573952","result_domain":"twitter.com","result_domain_public_suffix":"com","result_wayback_url":"https:\/\/web.archive.org\/web\/20130825031606\/https:\/\/twitter.com\/Valken_Vegener\/status\/335301147256573952","result_wayback_raw_url":"https:\/\/web.archive.org\/web\/20130825031606id_\/https:\/\/twitter.com\/Valken_Vegener\/status\/335301147256573952","result_snippet_rank":5,"result_snippet_title":"<em>\u0448\u0430\u043c\u0430\u043d<\/em>\n\u200f@<em>Valken_Vegener<\/em>","result_snippet_text":"\"\u042d\u0442\u043d\u043e\u0433\u0435\u043d\u0435\u0437 \u0443\u0436\u0435 \u043d\u0435 \u0442\u043e\u0442, \u0437\u0430\u0447\u0435\u043c \u043f\u0435\u0440\u0435\u043f\u0438\u0441\u044b\u0432\u0430\u0442\u044c \u043a\u043d\u0438\u0433\u0438, \u0432\u0435\u0440\u043d\u0438\u0442\u0435 \u0441\u0442\u0430\u0440\u044b\u0435 \u043e\u0431\u043b\u043e\u0436\u043a\u0438\"...\u0417\u0430\u043a\u043e\u043b\u0435\u0431\u0430\u043b\u0438. \u0415\u0441\u0442\u044c \u043f\u0440\u0435\u0442\u0435\u043d\u0437\u0438\u0438 - \u043d\u0435 \u0447\u0438\u0442\u0430\u0439\u0442\u0435 #<em><em>etnogenez<\/em><\/em> #<em>\u044d\u0442\u043d\u043e\u0433\u0435\u043d\u0435\u0437<\/em>","result_warc_relative_path":null,"result_warc_byte_offset":null},{"result_id":"7ab966d3-72f3-5006-b633-b66c911ef401","result_url":"https:\/\/twitter.com\/VArkadev\/status\/333480922836000768","result_domain":"twitter.com","result_domain_public_suffix":"com","result_wayback_url":"https:\/\/web.archive.org\/web\/20130825031606\/https:\/\/twitter.com\/VArkadev\/status\/333480922836000768","result_wayback_raw_url":"https:\/\/web.archive.org\/web\/20130825031606id_\/https:\/\/twitter.com\/VArkadev\/status\/333480922836000768","result_snippet_rank":6,"result_snippet_title":"<em>\u0412\u0430\u0441\u0438\u043b\u0438\u0439 \u0410\u0440\u043a\u0430\u0434\u044c\u0435\u0432<\/em>\n\u200f@<em>VArkadev<\/em>","result_snippet_text":"\"\u041f\u043e\u043a\u0430 \u043c\u0443\u0436\u0447\u0438\u043d\u0430 \u0440\u044f\u0434\u043e\u043c \u0441 \u0436\u0435\u043d\u0449\u0438\u043d\u043e\u0439, \u043e\u043d \u0431\u0435\u0441\u0441\u043c\u0435\u0440\u0442\u0435\u043d.\"\n\n\u0420\u0438\u043c 2. \u0428\u0438\u043c\u0443\u043d \u0412\u0440\u043e\u0447\u0435\u043a\n#<em><em>etnogenez<\/em><\/em>","result_warc_relative_path":null,"result_warc_byte_offset":null},{"result_id":"3baf59d2-25a6-57d1-a094-2cf55cdb32b2","result_url":"https:\/\/twitter.com\/Molodoj_Melnik\/status\/330069327292272642","result_domain":"twitter.com","result_domain_public_suffix":"com","result_wayback_url":"https:\/\/web.archive.org\/web\/20130825031606\/https:\/\/twitter.com\/Molodoj_Melnik\/status\/330069327292272642","result_wayback_raw_url":"https:\/\/web.archive.org\/web\/20130825031606id_\/https:\/\/twitter.com\/Molodoj_Melnik\/status\/330069327292272642","result_snippet_rank":7,"result_snippet_title":"<em>Kirill(21+) Kurdakov<\/em>\n\u200f@<em>Molodoj_Melnik<\/em>","result_snippet_text":"\u0417\u0430 \u043f\u0430\u0440\u0443 \u0447\u0430\u0441\u043e\u0432 \u0434\u043e\u0447\u0438\u0442\u0430\u043b \u043e\u0441\u0442\u0430\u0432\u0448\u0443\u044e\u0441\u044f \u043f\u043e\u043b\u043e\u0432\u0438\u043d\u0443 \u043a\u043d\u0438\u0433\u0438 \"\u0427\u0435 \u0413\u0435\u0432\u0430\u0440\u0430-2.\" \u041c\u043d\u0435\u043d\u0438\u0435 \u0442\u043e \u0436\u0435 - \u0441\u043a\u0443\u0447\u043d\u0435\u0439\u0448\u0430\u044f \u0432 \u043f\u0440\u043e\u0435\u043a\u0442\u0435 @<em>etnogenez<\/em> #<em><em>etnogenez<\/em><\/em> #<em>\u044d\u0442\u043d\u043e\u0433\u0435\u043d\u0435\u0437<\/em> \u0430 \u0436\u0430\u043b\u044c((","result_warc_relative_path":null,"result_warc_byte_offset":null},{"result_id":"0997750f-348f-52d4-8f38-cf204ece9c5f","result_url":"https:\/\/twitter.com\/6_angel6\/status\/329984533300670464","result_domain":"twitter.com","result_domain_public_suffix":"com","result_wayback_url":"https:\/\/web.archive.org\/web\/20130825031606\/https:\/\/twitter.com\/6_angel6\/status\/329984533300670464","result_wayback_raw_url":"https:\/\/web.archive.org\/web\/20130825031606id_\/https:\/\/twitter.com\/6_angel6\/status\/329984533300670464","result_snippet_rank":8,"result_snippet_title":"<em>\u041d\u0430\u0441\u0442\u0451\u043d\u0430 \u041a\u043e\u0440\u043e\u043b\u0451\u0432\u0430<\/em>\n\u200f@<em>6_angel6<\/em>","result_snippet_text":"\"@<em>Etnogenez<\/em>: \u041d\u0435\u043b\u044c\u0437\u044f \u043d\u0435 \u043c\u0435\u0447\u0442\u0430\u0442\u044c \u0441\u043d\u043e\u0432\u0430, \u0443\u0432\u0438\u0434\u0435\u0442\u044c \u0442\u043e\u0433\u043e, \u043e \u043a\u043e\u043c \u0442\u044b \u043d\u0438\u043a\u043e\u0433\u0434\u0430 \u043d\u0435 \u0437\u0430\u0431\u0443\u0434\u0435\u0448\u044c. \u0418\u0433\u043e\u0440\u044c \u041f\u0440\u043e\u043d\u0438\u043d - \u041f\u0438\u0440\u0430\u0442\u044b 3. \u041e\u0441\u0442\u0440\u043e\u0432 \u041c\u043e\u0430\u0438. #<em><em>etnogenez<\/em><\/em> #<em>\u0446\u0438\u0442\u0430\u0442\u044b<\/em>\"","result_warc_relative_path":null,"result_warc_byte_offset":null},{"result_id":"bbcb8761-3d3d-517e-afc0-500f8b7b783c","result_url":"https:\/\/twitter.com\/ChizhikovAndrey\/status\/324225885681102848","result_domain":"twitter.com","result_domain_public_suffix":"com","result_wayback_url":"https:\/\/web.archive.org\/web\/20130825031606\/https:\/\/twitter.com\/ChizhikovAndrey\/status\/324225885681102848","result_wayback_raw_url":"https:\/\/web.archive.org\/web\/20130825031606id_\/https:\/\/twitter.com\/ChizhikovAndrey\/status\/324225885681102848","result_snippet_rank":9,"result_snippet_title":"<em>\u0427\u0438\u0436\u0438\u043a\u043e\u0432 \u0410\u043d\u0434\u0440\u0435\u0439<\/em>\n\u200f@<em>ChizhikovAndrey<\/em>","result_snippet_text":"\u0427\u0442\u0438\u0432\u043e #<em>\u044d\u0442\u043d\u043e\u0433\u0435\u043d\u0435\u0437<\/em> #<em><em>etnogenez<\/em><\/em> @ \u0421\u0435\u043c\u0435\u0439\u043d\u044b\u0439 \u043e\u0447\u0430\u0433 http:\/\/instagram.com\/p\/YLOh99AmPB\/","result_warc_relative_path":null,"result_warc_byte_offset":null},{"result_id":"ce1474cb-b0e0-543c-9869-a26b27aedd5a","result_url":"https:\/\/twitter.com\/Alllivka\/status\/321308051015598080","result_domain":"twitter.com","result_domain_public_suffix":"com","result_wayback_url":"https:\/\/web.archive.org\/web\/20130825031606\/https:\/\/twitter.com\/Alllivka\/status\/321308051015598080","result_wayback_raw_url":"https:\/\/web.archive.org\/web\/20130825031606id_\/https:\/\/twitter.com\/Alllivka\/status\/321308051015598080","result_snippet_rank":10,"result_snippet_title":"<em> \uf8ffAlivka<\/em>\n\u200f@<em>Alllivka<\/em>","result_snippet_text":"\u0410 \u044f \u0443\u0436\u0435 \u0438\u0433\u0440\u0430\u044e)) RT @<em>Etnogenez<\/em>: \u0418\u0433\u0440\u0430. \u042d\u0442\u043d\u043e\u0433\u0435\u043d\u0435\u0437 \u043e\u0431\u044a\u044f\u0432\u043b\u044f\u0435\u0442 \u0412\u043e\u0439\u043d\u0443 http:\/\/www.etnogenez.ru\/news\/503\/\u00a0 #<em><em>etnogenez<\/em><\/em>","result_warc_relative_path":null,"result_warc_byte_offset":null},{"result_id":"6192d03b-60cb-548e-980d-df933e988507","result_url":"https:\/\/twitter.com\/Etnogenez\/status\/319905980878032897","result_domain":"twitter.com","result_domain_public_suffix":"com","result_wayback_url":"https:\/\/web.archive.org\/web\/20130825031606\/https:\/\/twitter.com\/Etnogenez\/status\/319905980878032897","result_wayback_raw_url":"https:\/\/web.archive.org\/web\/20130825031606id_\/https:\/\/twitter.com\/Etnogenez\/status\/319905980878032897","result_snippet_rank":11,"result_snippet_title":"<em>\u042d\u0442\u043d\u043e\u0433\u0435\u043d\u0435\u0437<\/em>\n\u200f@<em>Etnogenez<\/em>","result_snippet_text":"\u041e \u043f\u0440\u043e\u0435\u043a\u0442\u0435. \u041d\u043e\u0432\u0430\u044f \u0436\u0438\u0437\u043d\u044c \"\u042d\u0442\u043d\u043e\u0433\u0435\u043d\u0435\u0437\u0430\" http:\/\/www.etnogenez.ru\/news\/500\/\u00a0 #<em><em>etnogenez<\/em><\/em>","result_warc_relative_path":null,"result_warc_byte_offset":null},{"result_id":"35433f38-4775-5b3b-80af-804b5a53b314","result_url":"https:\/\/twitter.com\/rykov\/status\/319871584057823232","result_domain":"twitter.com","result_domain_public_suffix":"com","result_wayback_url":"https:\/\/web.archive.org\/web\/20130825031606\/https:\/\/twitter.com\/rykov\/status\/319871584057823232","result_wayback_raw_url":"https:\/\/web.archive.org\/web\/20130825031606id_\/https:\/\/twitter.com\/rykov\/status\/319871584057823232","result_snippet_rank":12,"result_snippet_title":"<em>\u041a\u043e\u043d\u0441\u0442\u0430\u043d\u0442\u0438\u043d \u0420\u044b\u043a\u043e\u0432<\/em>\n\u200f@<em>rykov<\/em>","result_snippet_text":"\u041f\u0430\u0442\u0440\u043e\u043d\u044b \u0420\u044b\u043a\u043e\u0432\u0430 #<em>voinaru<\/em> #<em><em>etnogenez<\/em><\/em> http:\/\/instagram.com\/p\/XsSlLOPkhF\/","result_warc_relative_path":null,"result_warc_byte_offset":null},{"result_id":"12fcc699-233e-5af4-badf-1c51bfb47b4d","result_url":"https:\/\/twitter.com\/Etnogenez\/status\/318831396934258688","result_domain":"twitter.com","result_domain_public_suffix":"com","result_wayback_url":"https:\/\/web.archive.org\/web\/20130825031606\/https:\/\/twitter.com\/Etnogenez\/status\/318831396934258688","result_wayback_raw_url":"https:\/\/web.archive.org\/web\/20130825031606id_\/https:\/\/twitter.com\/Etnogenez\/status\/318831396934258688","result_snippet_rank":13,"result_snippet_title":"<em>\u042d\u0442\u043d\u043e\u0433\u0435\u043d\u0435\u0437<\/em>\n\u200f@<em>Etnogenez<\/em>","result_snippet_text":"\u0412\u0438\u0434\u0435\u043e. \u0412\u0438\u0434\u0435\u043e\u043e\u0442\u0447\u0435\u0442 \u043e \u043f\u0440\u0435\u0437\u0435\u043d\u0442\u0430\u0446\u0438\u0438 \u043e\u0442 \u041c\u0435\u0447\u0442\u044b \u0411\u0443\u043a\u0438\u043d\u0438\u0441\u0442\u0430 2 http:\/\/www.etnogenez.ru\/news\/499\/\u00a0 #<em><em>etnogenez<\/em><\/em>","result_warc_relative_path":null,"result_warc_byte_offset":null},{"result_id":"e5b63500-050b-55c7-96a2-d9938edef466","result_url":"https:\/\/twitter.com\/The_Woron\/status\/312660462758150144","result_domain":"twitter.com","result_domain_public_suffix":"com","result_wayback_url":"https:\/\/web.archive.org\/web\/20130825031606\/https:\/\/twitter.com\/The_Woron\/status\/312660462758150144","result_wayback_raw_url":"https:\/\/web.archive.org\/web\/20130825031606id_\/https:\/\/twitter.com\/The_Woron\/status\/312660462758150144","result_snippet_rank":14,"result_snippet_title":"<em>\u0411\u0440\u043e\u0443\u0434\u0438<\/em>\n\u200f@<em>The_Woron<\/em>","result_snippet_text":"\u0425\u0430\u043a\u0435\u0440\u044b3!RT @<em>Etnogenez<\/em>: \u0412\u0441\u0442\u0440\u0435\u0447\u0430. \u041f\u0440\u0435\u0437\u0435\u043d\u0442\u0430\u0446\u0438\u044f \"\u0417\u0430\u043f\u0430\u0434\u043d\u0438\" \u0438 \"\u0425\u0430\u043a\u0435\u0440\u043e\u0432 3\" http:\/\/www.etnogenez.ru\/news\/497\/\u00a0 #<em><em>etnogenez<\/em><\/em>","result_warc_relative_path":null,"result_warc_byte_offset":null},{"result_id":"e92227b7-5317-5310-bd77-20194bb6cdba","result_url":"https:\/\/twitter.com\/flokush\/status\/283275759722848256","result_domain":"twitter.com","result_domain_public_suffix":"com","result_wayback_url":"https:\/\/web.archive.org\/web\/20130825031606\/https:\/\/twitter.com\/flokush\/status\/283275759722848256","result_wayback_raw_url":"https:\/\/web.archive.org\/web\/20130825031606id_\/https:\/\/twitter.com\/flokush\/status\/283275759722848256","result_snippet_rank":15,"result_snippet_title":"<em>shark_off<\/em>\n\u200f@<em>flokush<\/em>","result_snippet_text":"\"@<em>Etnogenez<\/em>: \u0412\u043e\u0439\u043d\u0430.\u0440\u0443. \u0412\u043e\u0439\u043d\u0430.\u0440\u0443 - 30 \u0434\u0435\u043a\u0430\u0431\u0440\u044f! http:\/\/www.etnogenez.ru\/news\/487\/\u00a0 #<em><em>etnogenez<\/em><\/em>\" \u0430 \u043d\u0430 \u0441\u0430\u0439\u0442\u0435 31 \u0434\u0435\u043a\u0430\u0431\u0440\u044f!","result_warc_relative_path":null,"result_warc_byte_offset":null},{"result_id":"89f797a0-78d5-5101-af11-ed1b33874582","result_url":"https:\/\/twitter.com\/sharifulin\/status\/282446026617520128","result_domain":"twitter.com","result_domain_public_suffix":"com","result_wayback_url":"https:\/\/web.archive.org\/web\/20130825031606\/https:\/\/twitter.com\/sharifulin\/status\/282446026617520128","result_wayback_raw_url":"https:\/\/web.archive.org\/web\/20130825031606id_\/https:\/\/twitter.com\/sharifulin\/status\/282446026617520128","result_snippet_rank":16,"result_snippet_title":"<em>Anatoly Sharifulin<\/em>\n\u200f@<em>sharifulin<\/em>","result_snippet_text":"\u041f\u0440\u0438\u043a\u043e\u043b\u044c\u043d\u0430\u044f \u0437\u0430\u0433\u043b\u0443\u0448\u043a\u0430 \u043d\u0430 voina.ru http:\/\/cl.ly\/image\/3I042Y3B3d0p\u00a0\u2026 #<em><em>etnogenez<\/em><\/em>","result_warc_relative_path":null,"result_warc_byte_offset":null},{"result_id":"56c6df1c-dbb5-5a58-b569-86707c173a71","result_url":"https:\/\/twitter.com\/Etnogenez\/status\/281365783400030208","result_domain":"twitter.com","result_domain_public_suffix":"com","result_wayback_url":"https:\/\/web.archive.org\/web\/20130825031606\/https:\/\/twitter.com\/Etnogenez\/status\/281365783400030208","result_wayback_raw_url":"https:\/\/web.archive.org\/web\/20130825031606id_\/https:\/\/twitter.com\/Etnogenez\/status\/281365783400030208","result_snippet_rank":17,"result_snippet_title":"<em>\u042d\u0442\u043d\u043e\u0433\u0435\u043d\u0435\u0437<\/em>\n\u200f@<em>Etnogenez<\/em>","result_snippet_text":"\u0412\u043e\u0439\u043d\u0430.\u0440\u0443. 20 \u0430\u043d\u043e\u043c\u0430\u043b\u044c\u043d\u044b\u0445 \u043f\u0440\u0435\u0434\u043c\u0435\u0442\u043e\u0432 \u0412\u043e\u0439\u043d\u044b.\u0440\u0443 http:\/\/www.etnogenez.ru\/news\/486\/\u00a0 #<em><em>etnogenez<\/em><\/em>","result_warc_relative_path":null,"result_warc_byte_offset":null},{"result_id":"5cf6da05-6c0e-5ab2-9d02-0ae68674a70c","result_url":"https:\/\/twitter.com\/rykov\/status\/280408804724727808","result_domain":"twitter.com","result_domain_public_suffix":"com","result_wayback_url":"https:\/\/web.archive.org\/web\/20130825031606\/https:\/\/twitter.com\/rykov\/status\/280408804724727808","result_wayback_raw_url":"https:\/\/web.archive.org\/web\/20130825031606id_\/https:\/\/twitter.com\/rykov\/status\/280408804724727808","result_snippet_rank":18,"result_snippet_title":"<em>\u041a\u043e\u043d\u0441\u0442\u0430\u043d\u0442\u0438\u043d \u0420\u044b\u043a\u043e\u0432<\/em>\n\u200f@<em>rykov<\/em>","result_snippet_text":"\u041f\u0440\u043e\u0442\u0438\u0432\u043e\u0442\u0430\u043d\u043a\u043e\u0432\u0430\u044f \u0440\u0430\u043a\u0435\u0442\u0430 #<em>voinaru<\/em> #<em><em>etnogenez<\/em><\/em> http:\/\/instagr.am\/p\/TT49NNvkqw\/","result_warc_relative_path":null,"result_warc_byte_offset":null},{"result_id":"f0029664-9e83-5957-a791-3729c7e15134","result_url":"https:\/\/twitter.com\/applifto\/status\/251667337554567168","result_domain":"twitter.com","result_domain_public_suffix":"com","result_wayback_url":"https:\/\/web.archive.org\/web\/20130825031606\/https:\/\/twitter.com\/applifto\/status\/251667337554567168","result_wayback_raw_url":"https:\/\/web.archive.org\/web\/20130825031606id_\/https:\/\/twitter.com\/applifto\/status\/251667337554567168","result_snippet_rank":19,"result_snippet_title":"<em>Applifto.ru<\/em>\n\u200f@<em>applifto<\/em>","result_snippet_text":"\u0421\u0435\u0433\u043e\u0434\u043d\u044f \u043c\u044b \u0432\u044b\u043f\u0443\u0441\u0442\u0438\u043b\u0438 \u0432\u0442\u043e\u0440\u043e\u0435 Android-\u043f\u0440\u0438\u043b\u043e\u0436\u0435\u043d\u0438\u0435 \u0432 Google Play \u2014 \u043f\u0440\u0438\u043b\u043e\u0436\u0435\u043d\u0438\u0435 \u042d\u0442\u043d\u043e\u0433\u0435\u043d\u0435\u0437 https:\/\/play.google.com\/store\/apps\/details?id=com.etnogenez.app\u00a0\u2026 #<em>android<\/em> #<em><em>etnogenez<\/em><\/em>","result_warc_relative_path":null,"result_warc_byte_offset":null},{"result_id":"8207fadb-b0c9-5cbb-923d-4c1cc0886fd7","result_url":"https:\/\/twitter.com\/pushkaruk\/status\/96626428723994624","result_domain":"twitter.com","result_domain_public_suffix":"com","result_wayback_url":"https:\/\/web.archive.org\/web\/20130825031606\/https:\/\/twitter.com\/pushkaruk\/status\/96626428723994624","result_wayback_raw_url":"https:\/\/web.archive.org\/web\/20130825031606id_\/https:\/\/twitter.com\/pushkaruk\/status\/96626428723994624","result_snippet_rank":20,"result_snippet_title":"<em>\u041a\u043e\u043d\u0441\u0442\u0430\u043d\u0442\u0438\u043d \u041f\u0443\u0448\u043a\u0430\u0440\u0443\u043a<\/em>\n\u200f@<em>pushkaruk<\/em>","result_snippet_text":"\u043a\u043b\u0430\u0441\u0441\"@<em>pimenov<\/em>: \u0422\u0435\u043f\u0435\u0440\u044c \u0432\u0441\u0435 \u043a\u043d\u0438\u0433\u0438 \u042d\u0442\u043d\u043e\u0433\u0435\u043d\u0435\u0437 \u043c\u043e\u0436\u043d\u043e \u0447\u0438\u0442\u0430\u0442\u044c \u0441 \u041b\u042e\u0411\u041e\u0413\u041e \u0442\u0435\u043b\u0435\u0444\u043e\u043d\u0430 \u0447\u0435\u0440\u0435\u0437 \u043c\u043e\u0431\u0438\u043b\u044c\u043d\u0443\u044e \u0432\u0435\u0440\u0441\u0438\u044e http:\/\/m.etnogenez.ru\/\u00a0 #<em><em>etnogenez<\/em><\/em> \u042d\u0442\u043e \u043f\u0440\u043e\u0440\u044b\u0432.\"","result_warc_relative_path":null,"result_warc_byte_offset":null}],"search_provider_name":"twitter","search_provider_alexa_domain":"twitter.com","search_provider_alexa_domain_public_suffix":"com","search_provider_alexa_rank":26,"search_provider_category":"social-media"}
