{"result_id":"0213be68-9ff2-5e8d-a5dc-20af24d49cb5","result_url":"https:\/\/mobile.twitter.com\/iPhoneDev_Me\/status\/511858891139731456?p=p","result_domain":"mobile.twitter.com","result_domain_public_suffix":"com","result_wayback_url":"https:\/\/web.archive.org\/web\/20140920090721\/https:\/\/mobile.twitter.com\/iPhoneDev_Me\/status\/511858891139731456?p=p","result_wayback_raw_url":"https:\/\/web.archive.org\/web\/20140920090721id_\/https:\/\/mobile.twitter.com\/iPhoneDev_Me\/status\/511858891139731456?p=p","result_snippet_rank":15,"result_snippet_title":"<em>iPhoneDeveloper.Me<\/em>\n\n@iPhoneDev_Me","result_snippet_text":"No more reboots: it\u2019s time for Hollywood to stop getting ideas from Twitter bit.ly\/1wzw1kf","result_warc_relative_path":null,"result_warc_byte_offset":null,"serp_id":"2d4db40f-87c5-5fdd-9fb1-092e3a7093c0","serp_url":"https:\/\/mobile.twitter.com\/search?q=iphonedev&s=hash","serp_timestamp":1411196841000,"serp_wayback_url":"https:\/\/web.archive.org\/web\/20140920090721\/https:\/\/mobile.twitter.com\/search?q=iphonedev&s=hash","serp_wayback_raw_url":"https:\/\/web.archive.org\/web\/20140920090721id_\/https:\/\/mobile.twitter.com\/search?q=iphonedev&s=hash","serp_page":null,"serp_offset":null,"serp_query_text_url":"iphonedev","serp_query_text_url_language":null,"serp_query_text_html":"iphonedev","serp_warc_relative_path":"focused\/archived-raw-serps\/twitter\/mobile.twitter.com%2Fsearch%3F\/0000000460\/0000000000.warc.gz","serp_warc_byte_offset":126553,"search_provider_name":"twitter","search_provider_alexa_domain":"twitter.com","search_provider_alexa_domain_public_suffix":"com","search_provider_alexa_rank":26,"search_provider_category":"social-media"}
