serp_id,serp_url,serp_timestamp,serp_wayback_url,serp_wayback_raw_url,serp_page,serp_offset,serp_query_text_url,serp_query_text_url_language,serp_query_text_html,serp_warc_relative_path,serp_warc_byte_offset,serp_results,search_provider_name,search_provider_alexa_domain,search_provider_alexa_domain_public_suffix,search_provider_alexa_rank,search_provider_category
55eb6024-32c2-5dc6-9b33-1ae8913e72a9,https://www.youtube.com/results?search_query=%D0%B2%D0%BE%D0%BB%D1%8C%D0%B2%D0%B8%D1%87+%D0%BF%D0%BE%D0%B4%D0%B0%D1%87%D0%B0,2019-12-04 00:05:31,https://web.archive.org/web/20191204010531/https://www.youtube.com/results?search_query=%D0%B2%D0%BE%D0%BB%D1%8C%D0%B2%D0%B8%D1%87+%D0%BF%D0%BE%D0%B4%D0%B0%D1%87%D0%B0,https://web.archive.org/web/20191204010531id_/https://www.youtube.com/results?search_query=%D0%B2%D0%BE%D0%BB%D1%8C%D0%B2%D0%B8%D1%87+%D0%BF%D0%BE%D0%B4%D0%B0%D1%87%D0%B0,,,вольвич подача,,вольвич подача,focused/archived-raw-serps/youtube/youtube.com%2Fresults%3F/0000000350/0000000000.warc.gz,1348780,"[{'result_id': '069daf23-59f2-5902-a38f-db6074985dcd', 'result_url': 'https://www.youtube.com/watch?v=4MFXEjCiC3c', 'result_domain': 'www.youtube.com', 'result_domain_public_suffix': 'com', 'result_wayback_url': 'https://web.archive.org/web/20191204010531/https://www.youtube.com/watch?v=4MFXEjCiC3c', 'result_wayback_raw_url': 'https://web.archive.org/web/20191204010531id_/https://www.youtube.com/watch?v=4MFXEjCiC3c', 'result_snippet_rank': 1, 'result_snippet_title': 'Artem Volvich in World Cup 2015 HD - Продолжительность: 3:51', 'result_snippet_text': 'Artem Volvich Birthdate: 22-01-1990 Position: Middle-blocker Height: 208cm Weight: 96kg Spike: 350cm Block: 330cm Subscribe\xa0...', 'result_warc_relative_path': None, 'result_warc_byte_offset': None}
 {'result_id': '5d9111e7-a1e7-5ca5-acda-4d0ef89f7bdf', 'result_url': 'https://www.youtube.com/watch?v=Qu7pw7cvkqU', 'result_domain': 'www.youtube.com', 'result_domain_public_suffix': 'com', 'result_wayback_url': 'https://web.archive.org/web/20191204010531/https://www.youtube.com/watch?v=Qu7pw7cvkqU', 'result_wayback_raw_url': 'https://web.archive.org/web/20191204010531id_/https://www.youtube.com/watch?v=Qu7pw7cvkqU', 'result_snippet_rank': 2, 'result_snippet_title': '«Когда у нас летит подача, шансов у соперника не много!» «Факел» - «Зенит-Казань» - Продолжительность: 6:20', 'result_snippet_text': 'Путешествия на крайний север всегда непросто даются командам отечественной ""Суперлиги"". Вот и волейболисты...', 'result_warc_relative_path': None, 'result_warc_byte_offset': None}
 {'result_id': '24e13952-c09d-5989-ac5b-a52528d48688', 'result_url': 'https://www.youtube.com/watch?v=kj5gPAKLPRc', 'result_domain': 'www.youtube.com', 'result_domain_public_suffix': 'com', 'result_wayback_url': 'https://web.archive.org/web/20191204010531/https://www.youtube.com/watch?v=kj5gPAKLPRc', 'result_wayback_raw_url': 'https://web.archive.org/web/20191204010531id_/https://www.youtube.com/watch?v=kj5gPAKLPRc', 'result_snippet_rank': 3, 'result_snippet_title': 'Мастер-класс. Вольвич, Бутько, Кротков. Атака первым темпом. Часть 1 / Master class by Volvich - Продолжительность: 10:46', 'result_snippet_text': 'Специально для зрителей ZTV волейболисты ""Зенит-Казань"" Артем <em>Вольвич</em>, Александр Бутько и Валентин Кротк...', 'result_warc_relative_path': None, 'result_warc_byte_offset': None}
 {'result_id': '7c15f167-9bcd-5241-8c00-35fa290eb217', 'result_url': 'https://www.youtube.com/watch?v=4CShee_pes8', 'result_domain': 'www.youtube.com', 'result_domain_public_suffix': 'com', 'result_wayback_url': 'https://web.archive.org/web/20191204010531/https://www.youtube.com/watch?v=4CShee_pes8', 'result_wayback_raw_url': 'https://web.archive.org/web/20191204010531id_/https://www.youtube.com/watch?v=4CShee_pes8', 'result_snippet_rank': 4, 'result_snippet_title': 'Мастер-класс. Вольвич, Бутько, Кротков. Атака первым темпом. Часть 2 / Master class by Volvich - Продолжительность: 9:42', 'result_snippet_text': 'Во второй части мастер-класса от ZTV волейболисты ""Зенит-Казань"" Артем <em>Вольвич</em>, Александр Бутько и Валент...', 'result_warc_relative_path': None, 'result_warc_byte_offset': None}
 {'result_id': '3d6c8e82-6d3e-502b-8d16-ee19167f16ee', 'result_url': 'https://www.youtube.com/watch?v=MMcp4GTLRvY', 'result_domain': 'www.youtube.com', 'result_domain_public_suffix': 'com', 'result_wayback_url': 'https://web.archive.org/web/20191204010531/https://www.youtube.com/watch?v=MMcp4GTLRvY', 'result_wayback_raw_url': 'https://web.archive.org/web/20191204010531id_/https://www.youtube.com/watch?v=MMcp4GTLRvY', 'result_snippet_rank': 5, 'result_snippet_title': 'Z Cam | #4 Artem Volvich - Продолжительность: 8:19', 'result_snippet_text': 'Во время невероятного по накалу и эмоциям матча с итальянской ""Перуджей"", наши камеры держали в фокусе центр...', 'result_warc_relative_path': None, 'result_warc_byte_offset': None}
 {'result_id': 'b16358f1-4118-5828-99bb-c61f4f72636e', 'result_url': 'https://www.youtube.com/watch?v=hH4kEyl-00c', 'result_domain': 'www.youtube.com', 'result_domain_public_suffix': 'com', 'result_wayback_url': 'https://web.archive.org/web/20191204010531/https://www.youtube.com/watch?v=hH4kEyl-00c', 'result_wayback_raw_url': 'https://web.archive.org/web/20191204010531id_/https://www.youtube.com/watch?v=hH4kEyl-00c', 'result_snippet_rank': 6, 'result_snippet_title': 'ТОП 10 лучших подач сезона 2014-2015 / TOP 10 serves of season 2014-2015 - Продолжительность: 3:48', 'result_snippet_text': 'Юбилейный 15-ый сезон волейбольного клуба ""Зенит-Казань"" золотыми буквами вписан в историю команды и всего...', 'result_warc_relative_path': None, 'result_warc_byte_offset': None}
 {'result_id': '45e583a3-a68e-59fc-bd27-93d86d386e6c', 'result_url': 'https://www.youtube.com/watch?v=TOz736wfIXU', 'result_domain': 'www.youtube.com', 'result_domain_public_suffix': 'com', 'result_wayback_url': 'https://web.archive.org/web/20191204010531/https://www.youtube.com/watch?v=TOz736wfIXU', 'result_wayback_raw_url': 'https://web.archive.org/web/20191204010531id_/https://www.youtube.com/watch?v=TOz736wfIXU', 'result_snippet_rank': 7, 'result_snippet_title': 'Как подавать в прыжке? | Мастер-класс Ирины Воронковой по силовой атаке - Продолжительность: 5:01', 'result_snippet_text': 'Лучший подающий чемпионата России Ирина Воронкова дает мастер-класс по самой сложной атаке - ""в прыжке""....', 'result_warc_relative_path': None, 'result_warc_byte_offset': None}
 {'result_id': 'a0643069-5442-5b0c-aec0-fd14a85602e5', 'result_url': 'https://www.youtube.com/watch?v=F9Z3D96gkcE', 'result_domain': 'www.youtube.com', 'result_domain_public_suffix': 'com', 'result_wayback_url': 'https://web.archive.org/web/20191204010531/https://www.youtube.com/watch?v=F9Z3D96gkcE', 'result_wayback_raw_url': 'https://web.archive.org/web/20191204010531id_/https://www.youtube.com/watch?v=F9Z3D96gkcE', 'result_snippet_rank': 8, 'result_snippet_title': 'Волейбол. Нападающий удар. Типичные ошибки - Продолжительность: 11:38', 'result_snippet_text': 'Волейбол. Нападающий удар. Типичные ошибки. Как правильно делать нападающий удар в волейболе. Обучение...', 'result_warc_relative_path': None, 'result_warc_byte_offset': None}
 {'result_id': '335da424-d834-5fb4-ac47-0480c3f90bd0', 'result_url': 'https://www.youtube.com/watch?v=M9NnQJXgRTw', 'result_domain': 'www.youtube.com', 'result_domain_public_suffix': 'com', 'result_wayback_url': 'https://web.archive.org/web/20191204010531/https://www.youtube.com/watch?v=M9NnQJXgRTw', 'result_wayback_raw_url': 'https://web.archive.org/web/20191204010531id_/https://www.youtube.com/watch?v=M9NnQJXgRTw', 'result_snippet_rank': 9, 'result_snippet_title': 'Как подавать в волейболе. Мастер-класс от Гамовой / How to serve volleyball. Master class by Gamova - Продолжительность: 6:33', 'result_snippet_text': 'Диагональная ""Динамо-Казань"" Екатерина Гамова рассказала, как правильно выполнять <em>подачу</em> в волейболе....', 'result_warc_relative_path': None, 'result_warc_byte_offset': None}
 {'result_id': '07bf1e40-34e7-5942-8c4d-c0ef9103f1c3', 'result_url': 'https://www.youtube.com/watch?v=en7s-Wv0BHs', 'result_domain': 'www.youtube.com', 'result_domain_public_suffix': 'com', 'result_wayback_url': 'https://web.archive.org/web/20191204010531/https://www.youtube.com/watch?v=en7s-Wv0BHs', 'result_wayback_raw_url': 'https://web.archive.org/web/20191204010531id_/https://www.youtube.com/watch?v=en7s-Wv0BHs', 'result_snippet_rank': 10, 'result_snippet_title': 'Мастер-класс. Алексей Вербов. Как правильно принимать в волейболе / How to receive in volleyball - Продолжительность: 6:26', 'result_snippet_text': 'Алексей Вербов - один из лучших либеро мира. 16 номер казанского ""Зенита"" поделился со зрителями ZTV своими...', 'result_warc_relative_path': None, 'result_warc_byte_offset': None}
 {'result_id': '9ece4b6d-f2ec-53e1-8880-bdbc798252f7', 'result_url': 'https://www.youtube.com/watch?v=xNK4Blp9oXY', 'result_domain': 'www.youtube.com', 'result_domain_public_suffix': 'com', 'result_wayback_url': 'https://web.archive.org/web/20191204010531/https://www.youtube.com/watch?v=xNK4Blp9oXY', 'result_wayback_raw_url': 'https://web.archive.org/web/20191204010531id_/https://www.youtube.com/watch?v=xNK4Blp9oXY', 'result_snippet_rank': 11, 'result_snippet_title': 'Планирующая подача мяча с места - Продолжительность: 5:57', 'result_snippet_text': 'Учимся выполнять планер!', 'result_warc_relative_path': None, 'result_warc_byte_offset': None}
 {'result_id': '7cce4fcd-ed10-5c75-a61d-f1186c8de880', 'result_url': 'https://www.youtube.com/watch?v=13JTgN4GDRg', 'result_domain': 'www.youtube.com', 'result_domain_public_suffix': 'com', 'result_wayback_url': 'https://web.archive.org/web/20191204010531/https://www.youtube.com/watch?v=13JTgN4GDRg', 'result_wayback_raw_url': 'https://web.archive.org/web/20191204010531id_/https://www.youtube.com/watch?v=13JTgN4GDRg', 'result_snippet_rank': 12, 'result_snippet_title': 'Мастер-класс. Валерио Вермильо. Как правильно пасовать в волейболе / How to pass in volleyball - Продолжительность: 6:11', 'result_snippet_text': 'Любимец казанской публики Валерио Вермильо рассказал об особенностях игры связующего и поделился любимым...', 'result_warc_relative_path': None, 'result_warc_byte_offset': None}
 {'result_id': '795035ec-d7c5-50d3-a0c1-a2cb4153db26', 'result_url': 'https://www.youtube.com/watch?v=PXljGyd9owI', 'result_domain': 'www.youtube.com', 'result_domain_public_suffix': 'com', 'result_wayback_url': 'https://web.archive.org/web/20191204010531/https://www.youtube.com/watch?v=PXljGyd9owI', 'result_wayback_raw_url': 'https://web.archive.org/web/20191204010531id_/https://www.youtube.com/watch?v=PXljGyd9owI', 'result_snippet_rank': 13, 'result_snippet_title': 'MONSTER Volleyball 3-rd Meter Spikes (HD) - Продолжительность: 4:05', 'result_snippet_text': 'Instagram---- https://www.instagram.com/power.volleyball/ ---- Music: Track: Skylike - Dawn Link: https://youtu.be/Jg9nDEtqWV0\xa0...', 'result_warc_relative_path': None, 'result_warc_byte_offset': None}
 {'result_id': 'ef592e38-9b53-59d0-b959-3218a888cb70', 'result_url': 'https://www.youtube.com/watch?v=vpTib3CtK5Y', 'result_domain': 'www.youtube.com', 'result_domain_public_suffix': 'com', 'result_wayback_url': 'https://web.archive.org/web/20191204010531/https://www.youtube.com/watch?v=vpTib3CtK5Y', 'result_wayback_raw_url': 'https://web.archive.org/web/20191204010531id_/https://www.youtube.com/watch?v=vpTib3CtK5Y', 'result_snippet_rank': 14, 'result_snippet_title': 'Как увеличить прыжок. Мастер-класс: Виктор Полетаев, Сергей Алексеев / How to increase jump - Продолжительность: 6:30', 'result_snippet_text': 'Вы давно просили ZTV дать несколько советов о том, как увеличить высоту прыжка. Специально для Вас тренер...', 'result_warc_relative_path': None, 'result_warc_byte_offset': None}
 {'result_id': 'd18b541d-e71c-5f71-956d-c46cca8c991f', 'result_url': 'https://www.youtube.com/watch?v=nThkaGUQVak', 'result_domain': 'www.youtube.com', 'result_domain_public_suffix': 'com', 'result_wayback_url': 'https://web.archive.org/web/20191204010531/https://www.youtube.com/watch?v=nThkaGUQVak', 'result_wayback_raw_url': 'https://web.archive.org/web/20191204010531id_/https://www.youtube.com/watch?v=nThkaGUQVak', 'result_snippet_rank': 15, 'result_snippet_title': 'Волейбол.Олимпийские Игры.Лондон 2012.Россия-Бразилия.Финал HD - Продолжительность: 2:59:26', 'result_snippet_text': 'Я в Instagram https://goo.gl/YQNtEX.', 'result_warc_relative_path': None, 'result_warc_byte_offset': None}
 {'result_id': '5009ef9a-bb12-52cc-8465-409437cab663', 'result_url': 'https://www.youtube.com/watch?v=wlkzBkhXC2k', 'result_domain': 'www.youtube.com', 'result_domain_public_suffix': 'com', 'result_wayback_url': 'https://web.archive.org/web/20191204010531/https://www.youtube.com/watch?v=wlkzBkhXC2k', 'result_wayback_raw_url': 'https://web.archive.org/web/20191204010531id_/https://www.youtube.com/watch?v=wlkzBkhXC2k', 'result_snippet_rank': 16, 'result_snippet_title': 'Мастер-класс. Евгений Сивожелез . Как правильно подавать в волейболе / How to serve in volleyball - Продолжительность: 5:14', 'result_snippet_text': 'Доигровщик ""Зенита"" Евгений Сивожелез рассказал и показал, как правильно выполнять <em>подачу</em> в волейболе.', 'result_warc_relative_path': None, 'result_warc_byte_offset': None}
 {'result_id': '2b0e3e89-a7b1-5cd4-8cbf-099cf3a136da', 'result_url': 'https://www.youtube.com/watch?v=IFNk5FtZzkY', 'result_domain': 'www.youtube.com', 'result_domain_public_suffix': 'com', 'result_wayback_url': 'https://web.archive.org/web/20191204010531/https://www.youtube.com/watch?v=IFNk5FtZzkY', 'result_wayback_raw_url': 'https://web.archive.org/web/20191204010531id_/https://www.youtube.com/watch?v=IFNk5FtZzkY', 'result_snippet_rank': 17, 'result_snippet_title': 'Вольвич - Продолжительность: 1:18', 'result_snippet_text': 'Наш дорогой <em>Вольвич</em> В,И, он самый профессор который изучал растения и вот добился своего! работает с...', 'result_warc_relative_path': None, 'result_warc_byte_offset': None}
 {'result_id': 'ca620283-3688-5b69-80ad-3468f13406dd', 'result_url': 'https://www.youtube.com/watch?v=J8PQhINgFBw', 'result_domain': 'www.youtube.com', 'result_domain_public_suffix': 'com', 'result_wayback_url': 'https://web.archive.org/web/20191204010531/https://www.youtube.com/watch?v=J8PQhINgFBw', 'result_wayback_raw_url': 'https://web.archive.org/web/20191204010531id_/https://www.youtube.com/watch?v=J8PQhINgFBw', 'result_snippet_rank': 18, 'result_snippet_title': 'Эйс и серия подач от Алексея Вербова в матче Лиги Чемпионов! - Продолжительность: 1:56', 'result_snippet_text': 'В концовке первого сета матча Европейской Лиги Чемпионов между ""Зенитом"" и турецким ""Аркасом"", на <em>подачу</em>...', 'result_warc_relative_path': None, 'result_warc_byte_offset': None}
 {'result_id': '174c9b4c-30f6-5694-ab12-d2b8a71800b6', 'result_url': 'https://www.youtube.com/watch?v=xngc1d27EFE', 'result_domain': 'www.youtube.com', 'result_domain_public_suffix': 'com', 'result_wayback_url': 'https://web.archive.org/web/20191204010531/https://www.youtube.com/watch?v=xngc1d27EFE', 'result_wayback_raw_url': 'https://web.archive.org/web/20191204010531id_/https://www.youtube.com/watch?v=xngc1d27EFE', 'result_snippet_rank': 19, 'result_snippet_title': 'TOP 10 Monster 3rd meter spike by Dmitriy Muserskiy | Дмитрий Мусерский - Продолжительность: 3:18', 'result_snippet_text': 'LIKE A BOSS Compilation | Craziest Moments | Volleyball World ᴴᴰ - https://www.youtube.com/watch?v=yelZecgkO68 New Video\xa0...', 'result_warc_relative_path': None, 'result_warc_byte_offset': None}
 {'result_id': '32007289-70f8-5b5c-9236-e484ad5d3da4', 'result_url': 'https://www.youtube.com/watch?v=Q26SFsvLg1o', 'result_domain': 'www.youtube.com', 'result_domain_public_suffix': 'com', 'result_wayback_url': 'https://web.archive.org/web/20191204010531/https://www.youtube.com/watch?v=Q26SFsvLg1o', 'result_wayback_raw_url': 'https://web.archive.org/web/20191204010531id_/https://www.youtube.com/watch?v=Q26SFsvLg1o', 'result_snippet_rank': 20, 'result_snippet_title': 'За кадром! Мастер-класс. Как атаковать первым темпом. Вольвич, Бутько, Кротков - Продолжительность: 6:20', 'result_snippet_text': 'Специально для зрителей ZTV волейболисты казанского ""Зенита"" Артем <em>Вольвич</em>, Александр Бутько и Валентин...', 'result_warc_relative_path': None, 'result_warc_byte_offset': None}
 {'result_id': '50c5bde7-7051-578c-87d0-e4f3e9272dd0', 'result_url': 'https://www.youtube.com/watch?v=NJ_WZq3cC9g', 'result_domain': 'www.youtube.com', 'result_domain_public_suffix': 'com', 'result_wayback_url': 'https://web.archive.org/web/20191204010531/https://www.youtube.com/watch?v=NJ_WZq3cC9g', 'result_wayback_raw_url': 'https://web.archive.org/web/20191204010531id_/https://www.youtube.com/watch?v=NJ_WZq3cC9g', 'result_snippet_rank': 21, 'result_snippet_title': 'КАК ЗАБИВАТЬ С ПОДАЧИ | СЕКРЕТНОЕ ОРУЖИЕ В ВОЛЕЙБОЛЕ | ПЛАНЕР | ВОЛЕЙБОЛ | VOLLEYBALL - Продолжительность: 5:12', 'result_snippet_text': 'Учимся подавать планер! В идеальной планирующей <em>подаче</em> мяч летит без какого-либо вращения. Собственно...', 'result_warc_relative_path': None, 'result_warc_byte_offset': None}
 {'result_id': '9e75c5e2-99df-5ce1-b629-627f931a03f6', 'result_url': 'https://www.youtube.com/watch?v=Sl1fmvKzIBs', 'result_domain': 'www.youtube.com', 'result_domain_public_suffix': 'com', 'result_wayback_url': 'https://web.archive.org/web/20191204010531/https://www.youtube.com/watch?v=Sl1fmvKzIBs', 'result_wayback_raw_url': 'https://web.archive.org/web/20191204010531id_/https://www.youtube.com/watch?v=Sl1fmvKzIBs', 'result_snippet_rank': 22, 'result_snippet_title': '""Я не пил вчера!"" За кадром! Медосмотр зенитовцев - Продолжительность: 7:58', 'result_snippet_text': 'С чувством юмора у волейболистов лучшей команды мира всё в порядке! Зенитовцы вышли из отпуска и провели...', 'result_warc_relative_path': None, 'result_warc_byte_offset': None}
 {'result_id': '7180657f-8eae-59e1-aadf-6eecd0b27dd6', 'result_url': 'https://www.youtube.com/watch?v=ZrifOxoOm2Y', 'result_domain': 'www.youtube.com', 'result_domain_public_suffix': 'com', 'result_wayback_url': 'https://web.archive.org/web/20191204010531/https://www.youtube.com/watch?v=ZrifOxoOm2Y', 'result_wayback_raw_url': 'https://web.archive.org/web/20191204010531id_/https://www.youtube.com/watch?v=ZrifOxoOm2Y', 'result_snippet_rank': 23, 'result_snippet_title': 'Артем Вольвич: «Мы завоевали олимпийскую путевку, мы едем в Токио» - Продолжительность: 1:47', 'result_snippet_text': 'Мужская сборная России по волейболу обыграла Иран в матче олимпийского квалификационного турнира. Итоги...', 'result_warc_relative_path': None, 'result_warc_byte_offset': None}
 {'result_id': '6047465b-e4ce-569b-89d6-d2cb9c75a4ac', 'result_url': 'https://www.youtube.com/watch?v=bskaBg4bmwE', 'result_domain': 'www.youtube.com', 'result_domain_public_suffix': 'com', 'result_wayback_url': 'https://web.archive.org/web/20191204010531/https://www.youtube.com/watch?v=bskaBg4bmwE', 'result_wayback_raw_url': 'https://web.archive.org/web/20191204010531id_/https://www.youtube.com/watch?v=bskaBg4bmwE', 'result_snippet_rank': 24, 'result_snippet_title': 'ТОП-10 лучших  силовых подач в  волейбольных - Продолжительность: 1:40', 'result_snippet_text': None, 'result_warc_relative_path': None, 'result_warc_byte_offset': None}
 {'result_id': 'a531ff93-5fdb-5daa-9683-6f75585101d4', 'result_url': 'https://www.youtube.com/watch?v=p6sxIDK-AMQ', 'result_domain': 'www.youtube.com', 'result_domain_public_suffix': 'com', 'result_wayback_url': 'https://web.archive.org/web/20191204010531/https://www.youtube.com/watch?v=p6sxIDK-AMQ', 'result_wayback_raw_url': 'https://web.archive.org/web/20191204010531id_/https://www.youtube.com/watch?v=p6sxIDK-AMQ', 'result_snippet_rank': 25, 'result_snippet_title': 'TOP 15 » Amazing Volleyball Moments by Artem Volvich | Club World Championship 2017 - Продолжительность: 2:41', 'result_snippet_text': 'LIKE A BOSS Compilation | Craziest Moments | Volleyball World ᴴᴰ - https://www.youtube.com/watch?v=yelZecgkO68 New Video\xa0...', 'result_warc_relative_path': None, 'result_warc_byte_offset': None}
 {'result_id': '1a82a017-16c4-5252-bdd8-6592831bdcaa', 'result_url': 'https://www.youtube.com/watch?v=qdmVC-43eAM', 'result_domain': 'www.youtube.com', 'result_domain_public_suffix': 'com', 'result_wayback_url': 'https://web.archive.org/web/20191204010531/https://www.youtube.com/watch?v=qdmVC-43eAM', 'result_wayback_raw_url': 'https://web.archive.org/web/20191204010531id_/https://www.youtube.com/watch?v=qdmVC-43eAM', 'result_snippet_rank': 26, 'result_snippet_title': 'Подача в волейболе. Планер, силовая. Техника. - Продолжительность: 3:25', 'result_snippet_text': 'Подписаться на канал: https://goo.gl/xQwF6i Обучение волейболу в Москве: https://rusvolley.ru Волейбольные кемпы по\xa0...', 'result_warc_relative_path': None, 'result_warc_byte_offset': None}
 {'result_id': '0fb11fbf-d268-556a-a495-800a5840e125', 'result_url': 'https://www.youtube.com/watch?v=c9UHknkDcBw', 'result_domain': 'www.youtube.com', 'result_domain_public_suffix': 'com', 'result_wayback_url': 'https://web.archive.org/web/20191204010531/https://www.youtube.com/watch?v=c9UHknkDcBw', 'result_wayback_raw_url': 'https://web.archive.org/web/20191204010531id_/https://www.youtube.com/watch?v=c9UHknkDcBw', 'result_snippet_rank': 27, 'result_snippet_title': '10 эйсов Вильфредо Леона в матче с «Кузбассом» - Продолжительность: 2:29', 'result_snippet_text': 'Кубинский доигровщик «Зенита» во втором полуфинальном матче с «Кузбассом» установил рекорд результативно...', 'result_warc_relative_path': None, 'result_warc_byte_offset': None}
 {'result_id': '99709230-03c4-508a-b08d-bdf17e8670ec', 'result_url': 'https://www.youtube.com/watch?v=yMVdJokHNFk', 'result_domain': 'www.youtube.com', 'result_domain_public_suffix': 'com', 'result_wayback_url': 'https://web.archive.org/web/20191204010531/https://www.youtube.com/watch?v=yMVdJokHNFk', 'result_wayback_raw_url': 'https://web.archive.org/web/20191204010531id_/https://www.youtube.com/watch?v=yMVdJokHNFk', 'result_snippet_rank': 28, 'result_snippet_title': 'Новогодний #спросизенит Артем Вольвич / New year #askzenit Artem Volvich - Продолжительность: 5:30', 'result_snippet_text': 'В канун Нового года блокирующий волейбольного клуба ""Зенит-Казань"" Артем Вольвчи ответил на праздничные...', 'result_warc_relative_path': None, 'result_warc_byte_offset': None}]",youtube,youtube.com,com,2,media-sharing
