{"result_id":"8e0b9ec3-d127-5b82-aa16-10ef4f4a359f","result_url":"https:\/\/www.google.com\/url?q=https:\/\/www.123helpme.com\/essay\/Character-Analysis-Of-Thomas-Putnam-In-The-746973&sa=U&ved=2ahUKEwjsy7XR5qn6AhVSLkQIHdWrBzUQFnoECAIQAg&usg=AOvVaw1KCGkLzOHHdj1jG2WIX6xX","result_domain":"www.google.com","result_domain_public_suffix":"com","result_wayback_url":"https:\/\/web.archive.org\/web\/20220923015121\/https:\/\/www.google.com\/url?q=https:\/\/www.123helpme.com\/essay\/Character-Analysis-Of-Thomas-Putnam-In-The-746973&sa=U&ved=2ahUKEwjsy7XR5qn6AhVSLkQIHdWrBzUQFnoECAIQAg&usg=AOvVaw1KCGkLzOHHdj1jG2WIX6xX","result_wayback_raw_url":"https:\/\/web.archive.org\/web\/20220923015121id_\/https:\/\/www.google.com\/url?q=https:\/\/www.123helpme.com\/essay\/Character-Analysis-Of-Thomas-Putnam-In-The-746973&sa=U&ved=2ahUKEwjsy7XR5qn6AhVSLkQIHdWrBzUQFnoECAIQAg&usg=AOvVaw1KCGkLzOHHdj1jG2WIX6xX","result_snippet_rank":15,"result_snippet_title":"Character Analysis Of Thomas Putnam In The Crucible By Arthur Miller","result_snippet_text":null,"result_warc_relative_path":null,"result_warc_byte_offset":null,"serp_id":"da33e3af-7b5a-582f-9dce-7b4f44b1dcf1","serp_url":"https:\/\/www.google.com\/search?q=Thomas+Putnam&stick=H4sIAAAAAAAAAOPgE-LUz9U3MC42zMlRAjNNMgzS8rQks5Ot9AtS8wtyUoFUUXF-nlVBYlFqXknxIlbekIz83MRihYDSkrzE3B2sjLvYmTgYARjuFBdLAAAA&sa=X&ved=2ahUKEwiWwePM5qn6AhUBLEQIHZgSDswQmxMoAHoECGUQAg","serp_timestamp":1663890681000,"serp_wayback_url":"https:\/\/web.archive.org\/web\/20220923015121\/https:\/\/www.google.com\/search?q=Thomas+Putnam&stick=H4sIAAAAAAAAAOPgE-LUz9U3MC42zMlRAjNNMgzS8rQks5Ot9AtS8wtyUoFUUXF-nlVBYlFqXknxIlbekIz83MRihYDSkrzE3B2sjLvYmTgYARjuFBdLAAAA&sa=X&ved=2ahUKEwiWwePM5qn6AhUBLEQIHZgSDswQmxMoAHoECGUQAg","serp_wayback_raw_url":"https:\/\/web.archive.org\/web\/20220923015121id_\/https:\/\/www.google.com\/search?q=Thomas+Putnam&stick=H4sIAAAAAAAAAOPgE-LUz9U3MC42zMlRAjNNMgzS8rQks5Ot9AtS8wtyUoFUUXF-nlVBYlFqXknxIlbekIz83MRihYDSkrzE3B2sjLvYmTgYARjuFBdLAAAA&sa=X&ved=2ahUKEwiWwePM5qn6AhUBLEQIHZgSDswQmxMoAHoECGUQAg","serp_page":null,"serp_offset":null,"serp_query_text_url":"Thomas Putnam","serp_query_text_url_language":null,"serp_query_text_html":"Thomas Putnam","serp_warc_relative_path":"focused\/archived-raw-serps\/google\/google.com%2Fsearch%3F\/0000003546\/0000000000.warc.gz","serp_warc_byte_offset":646,"search_provider_name":"google","search_provider_alexa_domain":"google.com","search_provider_alexa_domain_public_suffix":"com","search_provider_alexa_rank":1,"search_provider_category":"search-engine"}
