{"result_id":"2313184a-143c-52d1-9895-5b774d07c5d3","result_url":"https:\/\/stackoverflow.com\/questions\/54206263\/cant-connect-to-azure-devops-tfvc-from-vs-2017-tf30063","result_domain":"stackoverflow.com","result_domain_public_suffix":"com","result_wayback_url":"https:\/\/web.archive.org\/web\/20191218125738\/https:\/\/stackoverflow.com\/questions\/54206263\/cant-connect-to-azure-devops-tfvc-from-vs-2017-tf30063","result_wayback_raw_url":"https:\/\/web.archive.org\/web\/20191218125738id_\/https:\/\/stackoverflow.com\/questions\/54206263\/cant-connect-to-azure-devops-tfvc-from-vs-2017-tf30063","result_snippet_rank":8,"result_snippet_title":"Can't connect to azure DevOps TFVC from VS 2017 - TF30063","result_snippet_text":"Using Azure DevOps with TFVC - I can't connect anymore - getting \n  TF30063: You are not authorized to access dev.azure.com\/sattikvibes\nFollowed all steps but last in #5, Don't want to do #5 because ...","result_warc_relative_path":null,"result_warc_byte_offset":null,"serp_id":"cf9cd1d8-f11d-5993-83a6-1e145f43290b","serp_url":"https:\/\/stackoverflow.com\/questions\/tagged\/tfvc+visual-studio-2017","serp_timestamp":1576670258000,"serp_wayback_url":"https:\/\/web.archive.org\/web\/20191218125738\/https:\/\/stackoverflow.com\/questions\/tagged\/tfvc+visual-studio-2017","serp_wayback_raw_url":"https:\/\/web.archive.org\/web\/20191218125738id_\/https:\/\/stackoverflow.com\/questions\/tagged\/tfvc+visual-studio-2017","serp_page":null,"serp_offset":null,"serp_query_text_url":"tfvc+visual-studio-2017","serp_query_text_url_language":null,"serp_query_text_html":"[tfvc] [visual-studio-2017]","serp_warc_relative_path":"focused\/archived-raw-serps\/stackoverflow\/stackoverflow.com%2Fquestions%2Ftagged\/0000000534\/0000000000.warc.gz","serp_warc_byte_offset":291627,"search_provider_name":"stackoverflow","search_provider_alexa_domain":"stackoverflow.com","search_provider_alexa_domain_public_suffix":"com","search_provider_alexa_rank":43,"search_provider_category":"question-and-answer"}
