{"result_id":"d53dfd48-9666-5315-8cad-07b97d5fe29b","result_url":"https:\/\/www.ebay.com\/itm\/King-James-Version-KJV-Lion-Humble-Lamb-Bible-Blue-Color\/363221579029?hash=item5491b17515:g:NAkAAOSw2XZf18Fg","result_domain":"www.ebay.com","result_domain_public_suffix":"com","result_wayback_url":"https:\/\/web.archive.org\/web\/20210221152416\/https:\/\/www.ebay.com\/itm\/King-James-Version-KJV-Lion-Humble-Lamb-Bible-Blue-Color\/363221579029?hash=item5491b17515:g:NAkAAOSw2XZf18Fg","result_wayback_raw_url":"https:\/\/web.archive.org\/web\/20210221152416id_\/https:\/\/www.ebay.com\/itm\/King-James-Version-KJV-Lion-Humble-Lamb-Bible-Blue-Color\/363221579029?hash=item5491b17515:g:NAkAAOSw2XZf18Fg","result_snippet_rank":13,"result_snippet_title":"King James Version (KJV) Lion - Humble Lamb Bible Blue Color","result_snippet_text":null,"result_warc_relative_path":null,"result_warc_byte_offset":null,"serp_id":"ec856c08-68b9-5a95-aa74-53609b37d81d","serp_url":"https:\/\/www.ebay.com\/sch\/i.html?_nkw=king+james+version+kjv&_trksid=p2334524.m4084.l1313&LH_CAds=&_udlo=&_sop=12&_sadis=&_fspt=1&_udhi=&_odkw=king+james+version","serp_timestamp":1613917456000,"serp_wayback_url":"https:\/\/web.archive.org\/web\/20210221152416\/https:\/\/www.ebay.com\/sch\/i.html?_nkw=king+james+version+kjv&_trksid=p2334524.m4084.l1313&LH_CAds=&_udlo=&_sop=12&_sadis=&_fspt=1&_udhi=&_odkw=king+james+version","serp_wayback_raw_url":"https:\/\/web.archive.org\/web\/20210221152416id_\/https:\/\/www.ebay.com\/sch\/i.html?_nkw=king+james+version+kjv&_trksid=p2334524.m4084.l1313&LH_CAds=&_udlo=&_sop=12&_sadis=&_fspt=1&_udhi=&_odkw=king+james+version","serp_page":null,"serp_offset":null,"serp_query_text_url":"king james version kjv","serp_query_text_url_language":null,"serp_query_text_html":"king james version kjv","serp_warc_relative_path":"focused\/archived-raw-serps\/ebay\/ebay.com%2Fsch%2Fi.html%3F\/0000000121\/0000000000.warc.gz","serp_warc_byte_offset":148794,"search_provider_name":"ebay","search_provider_alexa_domain":"ebay.com","search_provider_alexa_domain_public_suffix":"com","search_provider_alexa_rank":31,"search_provider_category":"e-commerce"}
