serp_id,serp_url,serp_timestamp,serp_wayback_url,serp_wayback_raw_url,serp_page,serp_offset,serp_query_text_url,serp_query_text_url_language,serp_query_text_html,serp_warc_relative_path,serp_warc_byte_offset,serp_results,search_provider_name,search_provider_alexa_domain,search_provider_alexa_domain_public_suffix,search_provider_alexa_rank,search_provider_category
c7197f18-8098-53ef-94dc-bbbc1f58b216,https://www.youtube.com/results?search_query=%D0%BA%D0%B0%D0%BA+%D0%BF%D1%80%D0%B0%D0%B2%D0%B8%D0%BB%D1%8C%D0%BD%D0%BE+%D0%BA%D0%BE%D1%81%D0%B8%D1%82%D1%8C+%D0%BC%D0%BE%D1%82%D0%BE%D0%BA%D0%BE%D1%81%D0%BE%D0%B9,2019-11-01 23:39:19,https://web.archive.org/web/20191102003919/https://www.youtube.com/results?search_query=%D0%BA%D0%B0%D0%BA+%D0%BF%D1%80%D0%B0%D0%B2%D0%B8%D0%BB%D1%8C%D0%BD%D0%BE+%D0%BA%D0%BE%D1%81%D0%B8%D1%82%D1%8C+%D0%BC%D0%BE%D1%82%D0%BE%D0%BA%D0%BE%D1%81%D0%BE%D0%B9,https://web.archive.org/web/20191102003919id_/https://www.youtube.com/results?search_query=%D0%BA%D0%B0%D0%BA+%D0%BF%D1%80%D0%B0%D0%B2%D0%B8%D0%BB%D1%8C%D0%BD%D0%BE+%D0%BA%D0%BE%D1%81%D0%B8%D1%82%D1%8C+%D0%BC%D0%BE%D1%82%D0%BE%D0%BA%D0%BE%D1%81%D0%BE%D0%B9,,,как правильно косить мотокосой,ru,как правильно косить мотокосой,focused/archived-raw-serps/youtube/youtube.com%2Fresults%3F/0000000488/0000000000.warc.gz,344205,"[{'result_id': '9f182404-d9a5-53b8-bb61-8a64f72f1661', 'result_url': 'https://www.youtube.com/watch?v=A4awKVC1MuM', 'result_domain': 'www.youtube.com', 'result_domain_public_suffix': 'com', 'result_wayback_url': 'https://web.archive.org/web/20191102003919/https://www.youtube.com/watch?v=A4awKVC1MuM', 'result_wayback_raw_url': 'https://web.archive.org/web/20191102003919id_/https://www.youtube.com/watch?v=A4awKVC1MuM', 'result_snippet_rank': 1, 'result_snippet_title': 'Как ПРАВИЛЬНО Заводить и Косить мотокосой! - Продолжительность: 6:40', 'result_snippet_text': 'Видеообзор запуск мотокосы, защитное снаряжение косаря и сам процес покоса травы. Мотокоса - Werk WB-494\xa0...', 'result_warc_relative_path': None, 'result_warc_byte_offset': None}
 {'result_id': '973efaf8-8193-5dcf-ae52-0332ccd83bf2', 'result_url': 'https://www.youtube.com/watch?v=KLFUjxX7dg8', 'result_domain': 'www.youtube.com', 'result_domain_public_suffix': 'com', 'result_wayback_url': 'https://web.archive.org/web/20191102003919/https://www.youtube.com/watch?v=KLFUjxX7dg8', 'result_wayback_raw_url': 'https://web.archive.org/web/20191102003919id_/https://www.youtube.com/watch?v=KLFUjxX7dg8', 'result_snippet_rank': 2, 'result_snippet_title': 'Мотокоса: надо ли газовать или работать равномерно? - Продолжительность: 10:38', 'result_snippet_text': 'Также: как настроить работу на зафиксированной ручке газа?', 'result_warc_relative_path': None, 'result_warc_byte_offset': None}
 {'result_id': '87bffe29-b392-5608-bd05-8cf0f2156031', 'result_url': 'https://www.youtube.com/watch?v=uWwX9BV-tNQ', 'result_domain': 'www.youtube.com', 'result_domain_public_suffix': 'com', 'result_wayback_url': 'https://web.archive.org/web/20191102003919/https://www.youtube.com/watch?v=uWwX9BV-tNQ', 'result_wayback_raw_url': 'https://web.archive.org/web/20191102003919id_/https://www.youtube.com/watch?v=uWwX9BV-tNQ', 'result_snippet_rank': 3, 'result_snippet_title': 'Нюансы работы леской - практика - Продолжительность: 5:32', 'result_snippet_text': 'Описаны нюансы работы <em>мотокосой</em> для хорошего покоса газона и других целей. Мой личный опыт. Мои страниц...', 'result_warc_relative_path': None, 'result_warc_byte_offset': None}
 {'result_id': '5ee2a21f-3d5a-5790-9c4a-28341f1c9903', 'result_url': 'https://www.youtube.com/watch?v=iYaq7m6G4uc', 'result_domain': 'www.youtube.com', 'result_domain_public_suffix': 'com', 'result_wayback_url': 'https://web.archive.org/web/20191102003919/https://www.youtube.com/watch?v=iYaq7m6G4uc', 'result_wayback_raw_url': 'https://web.archive.org/web/20191102003919id_/https://www.youtube.com/watch?v=iYaq7m6G4uc', 'result_snippet_rank': 4, 'result_snippet_title': 'Кошение  в одну и обе строны бензокосой в покос. - Продолжительность: 4:30', 'result_snippet_text': None, 'result_warc_relative_path': None, 'result_warc_byte_offset': None}
 {'result_id': '1c464938-d581-51f9-bac2-425494cb1a9b', 'result_url': 'https://www.youtube.com/watch?v=RJxrzy-Of2Y', 'result_domain': 'www.youtube.com', 'result_domain_public_suffix': 'com', 'result_wayback_url': 'https://web.archive.org/web/20191102003919/https://www.youtube.com/watch?v=RJxrzy-Of2Y', 'result_wayback_raw_url': 'https://web.archive.org/web/20191102003919id_/https://www.youtube.com/watch?v=RJxrzy-Of2Y', 'result_snippet_rank': 5, 'result_snippet_title': 'Как настроить триммер, как косить, чем заправлять. - Продолжительность: 10:02', 'result_snippet_text': 'Жизнь в деревне. Все наши видео: https://goo.gl/3f9c4V Ролик был снят на камеру sjcam4000: http://ali.pub/pikcm.', 'result_warc_relative_path': None, 'result_warc_byte_offset': None}
 {'result_id': 'f26c07c4-265f-5b6b-a8ef-2ce89ada7ab5', 'result_url': 'https://www.youtube.com/watch?v=G2FRLtiq41E', 'result_domain': 'www.youtube.com', 'result_domain_public_suffix': 'com', 'result_wayback_url': 'https://web.archive.org/web/20191102003919/https://www.youtube.com/watch?v=G2FRLtiq41E', 'result_wayback_raw_url': 'https://web.archive.org/web/20191102003919id_/https://www.youtube.com/watch?v=G2FRLtiq41E', 'result_snippet_rank': 6, 'result_snippet_title': 'Нюансы работы мотокосой ножом   практика - Продолжительность: 6:17', 'result_snippet_text': 'Рассказаны и показаны нюансы работы <em>мотокосой</em> для хорошего сенокоса. Мой личный опыт. Мои страницы:...', 'result_warc_relative_path': None, 'result_warc_byte_offset': None}
 {'result_id': '8cc43ea4-9133-55ab-bc93-1a1d4d1d4c3b', 'result_url': 'https://www.youtube.com/watch?v=ESnNRHmzsXc', 'result_domain': 'www.youtube.com', 'result_domain_public_suffix': 'com', 'result_wayback_url': 'https://web.archive.org/web/20191102003919/https://www.youtube.com/watch?v=ESnNRHmzsXc', 'result_wayback_raw_url': 'https://web.archive.org/web/20191102003919id_/https://www.youtube.com/watch?v=ESnNRHmzsXc', 'result_snippet_rank': 7, 'result_snippet_title': 'Как косить бензокосой? (триммером) (Oleo Mac Sparta) Work with the trimmer Oleo Mac - Продолжительность: 3:57', 'result_snippet_text': 'Видео сделано для новичков которые впервые видят бензокосу! Есть практичные и дельные советы! Videos made for...', 'result_warc_relative_path': None, 'result_warc_byte_offset': None}
 {'result_id': '066ebeef-3b00-52ce-9ec4-28d4d0864b6a', 'result_url': 'https://www.youtube.com/watch?v=pzh4uADXE7g', 'result_domain': 'www.youtube.com', 'result_domain_public_suffix': 'com', 'result_wayback_url': 'https://web.archive.org/web/20191102003919/https://www.youtube.com/watch?v=pzh4uADXE7g', 'result_wayback_raw_url': 'https://web.archive.org/web/20191102003919id_/https://www.youtube.com/watch?v=pzh4uADXE7g', 'result_snippet_rank': 8, 'result_snippet_title': 'Мотокоса, тример, Косим высокую траву диском .Yamamoto SRM-520 PRO - Продолжительность: 16:12', 'result_snippet_text': 'Обзор. Косим траву на сено. Заодно и дерево)) на 8.46 это отлично видно. Заказать можно здесь: https://instrumentest.net/', 'result_warc_relative_path': None, 'result_warc_byte_offset': None}
 {'result_id': 'ebc7ff81-7c8a-564a-b1cb-e57737b30cff', 'result_url': 'https://www.youtube.com/watch?v=LClNujIiEQw', 'result_domain': 'www.youtube.com', 'result_domain_public_suffix': 'com', 'result_wayback_url': 'https://web.archive.org/web/20191102003919/https://www.youtube.com/watch?v=LClNujIiEQw', 'result_wayback_raw_url': 'https://web.archive.org/web/20191102003919id_/https://www.youtube.com/watch?v=LClNujIiEQw', 'result_snippet_rank': 9, 'result_snippet_title': 'КАК ДЕВУШКИ ЗАВОДИЛИ МОТОКОСУ - Продолжительность: 7:12', 'result_snippet_text': 'ПОДДЕРЖИТЕ КРАСАВИЦ ПОДПИСКОЙ НА КАНАЛ И ЛАЙКОМ ! Здравствуйте! Мы деревенские блогеры и будущие\xa0...', 'result_warc_relative_path': None, 'result_warc_byte_offset': None}
 {'result_id': '4df7747b-4bab-5926-bedd-3ad3b77e0a32', 'result_url': 'https://www.youtube.com/watch?v=7q1RsZEnrfk', 'result_domain': 'www.youtube.com', 'result_domain_public_suffix': 'com', 'result_wayback_url': 'https://web.archive.org/web/20191102003919/https://www.youtube.com/watch?v=7q1RsZEnrfk', 'result_wayback_raw_url': 'https://web.archive.org/web/20191102003919id_/https://www.youtube.com/watch?v=7q1RsZEnrfk', 'result_snippet_rank': 10, 'result_snippet_title': 'Как косить бензокосой | триммером | мотокосой - Продолжительность: 4:56', 'result_snippet_text': None, 'result_warc_relative_path': None, 'result_warc_byte_offset': None}
 {'result_id': '290d60c5-237f-56ba-8f01-873d0193115c', 'result_url': 'https://www.youtube.com/watch?v=YeK92SH69JI', 'result_domain': 'www.youtube.com', 'result_domain_public_suffix': 'com', 'result_wayback_url': 'https://web.archive.org/web/20191102003919/https://www.youtube.com/watch?v=YeK92SH69JI', 'result_wayback_raw_url': 'https://web.archive.org/web/20191102003919id_/https://www.youtube.com/watch?v=YeK92SH69JI', 'result_snippet_rank': 11, 'result_snippet_title': 'Как не убить мотокосу / триммер. Несколько простых  правил. - Продолжительность: 2:08', 'result_snippet_text': 'Часто мотокосы умирают просто из-за отсутствия элементарного обслуживания. Простые правила ухода за моток...', 'result_warc_relative_path': None, 'result_warc_byte_offset': None}
 {'result_id': '4392f0f5-58f6-5084-8bae-8d65da2ce7b1', 'result_url': 'https://www.youtube.com/watch?v=OPGjZVovhOw', 'result_domain': 'www.youtube.com', 'result_domain_public_suffix': 'com', 'result_wayback_url': 'https://web.archive.org/web/20191102003919/https://www.youtube.com/watch?v=OPGjZVovhOw', 'result_wayback_raw_url': 'https://web.archive.org/web/20191102003919id_/https://www.youtube.com/watch?v=OPGjZVovhOw', 'result_snippet_rank': 12, 'result_snippet_title': 'Лайфхаки с триммером - Продолжительность: 3:27', 'result_snippet_text': 'Сегодня мы вам покажем 4 лайфхака с триммером о которых, возможно, вы не знали. А если у вас еще нет газона,...', 'result_warc_relative_path': None, 'result_warc_byte_offset': None}
 {'result_id': 'd0511c15-6962-5118-a4af-5b34ebf8f8e9', 'result_url': 'https://www.youtube.com/watch?v=Xj20t7U5Yng', 'result_domain': 'www.youtube.com', 'result_domain_public_suffix': 'com', 'result_wayback_url': 'https://web.archive.org/web/20191102003919/https://www.youtube.com/watch?v=Xj20t7U5Yng', 'result_wayback_raw_url': 'https://web.archive.org/web/20191102003919id_/https://www.youtube.com/watch?v=Xj20t7U5Yng', 'result_snippet_rank': 13, 'result_snippet_title': 'Как косить мотокосой траву на сено? - Продолжительность: 23:14', 'result_snippet_text': 'Какая мощность косы (и обороты) лучше, какой нож (диаметр, вес, заточка), на каком расстоянии должен быть защи...', 'result_warc_relative_path': None, 'result_warc_byte_offset': None}
 {'result_id': '8c68582e-ca8e-527b-b3a5-88016a1485fd', 'result_url': 'https://www.youtube.com/watch?v=9_7V3sdLHOY', 'result_domain': 'www.youtube.com', 'result_domain_public_suffix': 'com', 'result_wayback_url': 'https://web.archive.org/web/20191102003919/https://www.youtube.com/watch?v=9_7V3sdLHOY', 'result_wayback_raw_url': 'https://web.archive.org/web/20191102003919id_/https://www.youtube.com/watch?v=9_7V3sdLHOY', 'result_snippet_rank': 14, 'result_snippet_title': 'Как косить полёгшую, густую, высокую траву на сено? - Продолжительность: 18:47', 'result_snippet_text': 'Рассказываю и показываю.', 'result_warc_relative_path': None, 'result_warc_byte_offset': None}
 {'result_id': '3d16aec3-598a-5198-bd56-c613577cf220', 'result_url': 'https://www.youtube.com/watch?v=Dm-UrevkSzk', 'result_domain': 'www.youtube.com', 'result_domain_public_suffix': 'com', 'result_wayback_url': 'https://web.archive.org/web/20191102003919/https://www.youtube.com/watch?v=Dm-UrevkSzk', 'result_wayback_raw_url': 'https://web.archive.org/web/20191102003919id_/https://www.youtube.com/watch?v=Dm-UrevkSzk', 'result_snippet_rank': 15, 'result_snippet_title': 'STIHL техника кошения - обкашивание - Продолжительность: 2:01', 'result_snippet_text': 'Данный видеоролик служит исключительно для наглядной демонстрации использования изделий STIHL. Он не может...', 'result_warc_relative_path': None, 'result_warc_byte_offset': None}
 {'result_id': 'bf04ecbe-faec-520f-b555-4572ada69ace', 'result_url': 'https://www.youtube.com/watch?v=IvHuqU4fE_w', 'result_domain': 'www.youtube.com', 'result_domain_public_suffix': 'com', 'result_wayback_url': 'https://web.archive.org/web/20191102003919/https://www.youtube.com/watch?v=IvHuqU4fE_w', 'result_wayback_raw_url': 'https://web.archive.org/web/20191102003919id_/https://www.youtube.com/watch?v=IvHuqU4fE_w', 'result_snippet_rank': 16, 'result_snippet_title': 'Заготовка сена мотокосой. Mow the grass forage - Продолжительность: 19:47', 'result_snippet_text': 'ПОДПИСЫВАЕМСЯ, комментируем, ставим лайк.Subscribe, comment, put like. Thank you! ДЛЯ ДОБРОВОЛЬНОЙ ПОДДЕРЖКИ МОЕГО КАНАЛА ...', 'result_warc_relative_path': None, 'result_warc_byte_offset': None}
 {'result_id': '14939306-7749-5222-87c8-6977747860fb', 'result_url': 'https://www.youtube.com/watch?v=FIO95oSfYlQ', 'result_domain': 'www.youtube.com', 'result_domain_public_suffix': 'com', 'result_wayback_url': 'https://web.archive.org/web/20191102003919/https://www.youtube.com/watch?v=FIO95oSfYlQ', 'result_wayback_raw_url': 'https://web.archive.org/web/20191102003919id_/https://www.youtube.com/watch?v=FIO95oSfYlQ', 'result_snippet_rank': 17, 'result_snippet_title': '5 способов кошения сорняка по картофелю мотокосой - Продолжительность: 15:12', 'result_snippet_text': 'Косим, в зависимости от целей и сорняков, по-разному.', 'result_warc_relative_path': None, 'result_warc_byte_offset': None}
 {'result_id': 'e782f9af-71b0-5c0a-ae2f-e666eb938bfd', 'result_url': 'https://www.youtube.com/watch?v=K10s_BgrOsw', 'result_domain': 'www.youtube.com', 'result_domain_public_suffix': 'com', 'result_wayback_url': 'https://web.archive.org/web/20191102003919/https://www.youtube.com/watch?v=K10s_BgrOsw', 'result_wayback_raw_url': 'https://web.archive.org/web/20191102003919id_/https://www.youtube.com/watch?v=K10s_BgrOsw', 'result_snippet_rank': 18, 'result_snippet_title': 'Кошу траву ! бензокоса  ALCO. - Продолжительность: 5:17', 'result_snippet_text': 'От нечего делать взял и запилил ролик, про то как я <em>косил</em> траву)) Обзор бензокосы ALCO.', 'result_warc_relative_path': None, 'result_warc_byte_offset': None}
 {'result_id': '7d5e3fc3-0729-5db8-8072-11b77025d1ba', 'result_url': 'https://www.youtube.com/watch?v=gMkVkqAaC5Q', 'result_domain': 'www.youtube.com', 'result_domain_public_suffix': 'com', 'result_wayback_url': 'https://web.archive.org/web/20191102003919/https://www.youtube.com/watch?v=gMkVkqAaC5Q', 'result_wayback_raw_url': 'https://web.archive.org/web/20191102003919id_/https://www.youtube.com/watch?v=gMkVkqAaC5Q', 'result_snippet_rank': 19, 'result_snippet_title': 'Ножи для мотокос и их назначение (ножи для мотокосы) - Продолжительность: 6:08', 'result_snippet_text': 'Посмотри похожие видео: https://goo.gl/uQGnwo ⬛ Ножи для мотокос и их назначение (ножи для мотокосы) Сегодня видео...', 'result_warc_relative_path': None, 'result_warc_byte_offset': None}
 {'result_id': '3b50d8e4-ad69-566a-9fea-246e52165b9c', 'result_url': 'https://www.youtube.com/watch?v=hD2-N6s_UTU', 'result_domain': 'www.youtube.com', 'result_domain_public_suffix': 'com', 'result_wayback_url': 'https://web.archive.org/web/20191102003919/https://www.youtube.com/watch?v=hD2-N6s_UTU', 'result_wayback_raw_url': 'https://web.archive.org/web/20191102003919id_/https://www.youtube.com/watch?v=hD2-N6s_UTU', 'result_snippet_rank': 20, 'result_snippet_title': '20 соток за 2 часа мотокосой - Продолжительность: 20:27', 'result_snippet_text': 'Как быстро <em>косить</em> сено <em>мотокосой</em>. Получилось чуть дольше, но примерно в 2 часа без напряга вложился.', 'result_warc_relative_path': None, 'result_warc_byte_offset': None}]",youtube,youtube.com,com,2,media-sharing
