{"result_id":"302e8875-35c6-559c-bba2-295bf3987ef3","result_url":"http:\/\/www.baidu.com\/link?url=W9uv6J1E_QOPCBJEV2ixa5-rowSA2aK_0INURay8dO8R2n8NmpG746ZQmTHTBgS6","result_domain":"www.baidu.com","result_domain_public_suffix":"com","result_wayback_url":"https:\/\/web.archive.org\/web\/20220812075859\/http:\/\/www.baidu.com\/link?url=W9uv6J1E_QOPCBJEV2ixa5-rowSA2aK_0INURay8dO8R2n8NmpG746ZQmTHTBgS6","result_wayback_raw_url":"https:\/\/web.archive.org\/web\/20220812075859id_\/http:\/\/www.baidu.com\/link?url=W9uv6J1E_QOPCBJEV2ixa5-rowSA2aK_0INURay8dO8R2n8NmpG746ZQmTHTBgS6","result_snippet_rank":10,"result_snippet_title":"\u5fb7\u8bed\u52a9\u624b|\u5fb7\u6c49-\u6c49\u5fb7\u8bcd\u5178 <em>COMECON<\/em>\u662f\u4ec0\u4e48\u610f\u601d_<em>COMECON<\/em>\u7684\u4e2d\u6587...","result_snippet_text":null,"result_warc_relative_path":null,"result_warc_byte_offset":null,"serp_id":"dcc87208-f45f-5bc5-a98f-840175d6243b","serp_url":"http:\/\/www.baidu.com\/s?ie=utf-8&f=3&rsv_bp=1&rsv_idx=1&tn=baidu&wd=comecon","serp_timestamp":1660283939000,"serp_wayback_url":"https:\/\/web.archive.org\/web\/20220812075859\/http:\/\/www.baidu.com\/s?ie=utf-8&f=3&rsv_bp=1&rsv_idx=1&tn=baidu&wd=comecon","serp_wayback_raw_url":"https:\/\/web.archive.org\/web\/20220812075859id_\/http:\/\/www.baidu.com\/s?ie=utf-8&f=3&rsv_bp=1&rsv_idx=1&tn=baidu&wd=comecon","serp_page":null,"serp_offset":null,"serp_query_text_url":"comecon","serp_query_text_url_language":"it","serp_query_text_html":"comecon","serp_warc_relative_path":"focused\/archived-raw-serps\/baidu\/baidu.com%2Fs%3F\/0000001285\/0000000000.warc.gz","serp_warc_byte_offset":517,"search_provider_name":"baidu","search_provider_alexa_domain":"baidu.com","search_provider_alexa_domain_public_suffix":"com","search_provider_alexa_rank":3,"search_provider_category":"search-engine"}
