{"serp_id":"8d6e45fb-bd0c-514d-890d-55802b52550a","serp_url":"https:\/\/s.weibo.com\/weibo\/%23songhyekyo%23","serp_timestamp":1618933652000,"serp_wayback_url":"https:\/\/web.archive.org\/web\/20210420174732\/https:\/\/s.weibo.com\/weibo\/%23songhyekyo%23","serp_wayback_raw_url":"https:\/\/web.archive.org\/web\/20210420174732id_\/https:\/\/s.weibo.com\/weibo\/%23songhyekyo%23","serp_page":null,"serp_offset":null,"serp_query_text_url":"#songhyekyo#","serp_query_text_url_language":null,"serp_query_text_html":"#songhyekyo#","serp_warc_relative_path":"focused\/archived-raw-serps\/weibo\/s.weibo.com%2Fweibo\/0000000003\/0000000000.warc.gz","serp_warc_byte_offset":199134,"serp_results":[],"search_provider_name":"weibo","search_provider_alexa_domain":"weibo.com","search_provider_alexa_domain_public_suffix":"com","search_provider_alexa_rank":15,"search_provider_category":"social-media"}
