serp_id,serp_url,serp_timestamp,serp_wayback_url,serp_wayback_raw_url,serp_page,serp_offset,serp_query_text_url,serp_query_text_url_language,serp_query_text_html,serp_warc_relative_path,serp_warc_byte_offset,serp_results,search_provider_name,search_provider_alexa_domain,search_provider_alexa_domain_public_suffix,search_provider_alexa_rank,search_provider_category
9e5b7266-0303-5d2f-9641-13c745f69cad,https://www.youtube.com/results?search_query=%D0%BB%D0%B5%D0%B3%D0%BE+%D0%BD%D0%B8%D0%BD%D0%B4%D0%B7%D1%8F%D0%B3%D0%BE+%D0%BD%D0%B0%D0%B1%D0%BE%D1%80+%D0%B4%D1%80%D0%B0%D0%BA%D0%BE%D0%BD+%D0%BA%D0%B0%D1%8F,2020-02-02 08:14:33,https://web.archive.org/web/20200202091433/https://www.youtube.com/results?search_query=%D0%BB%D0%B5%D0%B3%D0%BE+%D0%BD%D0%B8%D0%BD%D0%B4%D0%B7%D1%8F%D0%B3%D0%BE+%D0%BD%D0%B0%D0%B1%D0%BE%D1%80+%D0%B4%D1%80%D0%B0%D0%BA%D0%BE%D0%BD+%D0%BA%D0%B0%D1%8F,https://web.archive.org/web/20200202091433id_/https://www.youtube.com/results?search_query=%D0%BB%D0%B5%D0%B3%D0%BE+%D0%BD%D0%B8%D0%BD%D0%B4%D0%B7%D1%8F%D0%B3%D0%BE+%D0%BD%D0%B0%D0%B1%D0%BE%D1%80+%D0%B4%D1%80%D0%B0%D0%BA%D0%BE%D0%BD+%D0%BA%D0%B0%D1%8F,,,лего ниндзяго набор дракон кая,uk,лего ниндзяго набор дракон кая,focused/archived-raw-serps/youtube/youtube.com%2Fresults%3F/0000000569/0000000000.warc.gz,416613,"[{'result_id': '7cd69b25-fbdc-5b72-b7e1-367b52cf187c', 'result_url': 'https://www.youtube.com/channel/UCt5c2SYea29TkHXGg_UW2DA', 'result_domain': 'www.youtube.com', 'result_domain_public_suffix': 'com', 'result_wayback_url': 'https://web.archive.org/web/20200202091433/https://www.youtube.com/channel/UCt5c2SYea29TkHXGg_UW2DA', 'result_wayback_raw_url': 'https://web.archive.org/web/20200202091433id_/https://www.youtube.com/channel/UCt5c2SYea29TkHXGg_UW2DA', 'result_snippet_rank': 1, 'result_snippet_title': 'LEGO Ninjago: Masters of Spinjitzu - Канал', 'result_snippet_text': None, 'result_warc_relative_path': None, 'result_warc_byte_offset': None}
 {'result_id': '466de3db-b68b-59f2-94c8-27ef2be1043d', 'result_url': 'https://www.youtube.com/channel/UCKbfbXvJYjUWNLaQgH9SwqA', 'result_domain': 'www.youtube.com', 'result_domain_public_suffix': 'com', 'result_wayback_url': 'https://web.archive.org/web/20200202091433/https://www.youtube.com/channel/UCKbfbXvJYjUWNLaQgH9SwqA', 'result_wayback_raw_url': 'https://web.archive.org/web/20200202091433id_/https://www.youtube.com/channel/UCKbfbXvJYjUWNLaQgH9SwqA', 'result_snippet_rank': 2, 'result_snippet_title': 'Lego Ninjago and Friends - Канал', 'result_snippet_text': None, 'result_warc_relative_path': None, 'result_warc_byte_offset': None}
 {'result_id': '205d2a99-b943-5902-b9e1-2b53655cdb9b', 'result_url': 'https://www.youtube.com/watch?v=eqoBjjYaq7E', 'result_domain': 'www.youtube.com', 'result_domain_public_suffix': 'com', 'result_wayback_url': 'https://web.archive.org/web/20200202091433/https://www.youtube.com/watch?v=eqoBjjYaq7E', 'result_wayback_raw_url': 'https://web.archive.org/web/20200202091433id_/https://www.youtube.com/watch?v=eqoBjjYaq7E', 'result_snippet_rank': 3, 'result_snippet_title': 'LEGO Ninjago 70653 Первый Страж Обзор - Продолжительность: 12:30', 'result_snippet_text': '• Подпишись на канал, чтобы смотреть новое lego видео: http://goo.gl/Knl5j8 • Мой Инстаграм: https://www.instagram.com ...', 'result_warc_relative_path': None, 'result_warc_byte_offset': None}
 {'result_id': '03305ad2-e0e8-5d1e-b74b-abd36e0fda5f', 'result_url': 'https://www.youtube.com/watch?v=Cc3ezfyEIkE', 'result_domain': 'www.youtube.com', 'result_domain_public_suffix': 'com', 'result_wayback_url': 'https://web.archive.org/web/20200202091433/https://www.youtube.com/watch?v=Cc3ezfyEIkE', 'result_wayback_raw_url': 'https://web.archive.org/web/20200202091433id_/https://www.youtube.com/watch?v=Cc3ezfyEIkE', 'result_snippet_rank': 4, 'result_snippet_title': 'ЛЕГО Ниндзяго 70652 Вестник Бури Обзор LEGO Ninjago - Продолжительность: 7:54', 'result_snippet_text': '• Подпишись на канал, чтобы смотреть новое lego видео: http://goo.gl/Knl5j8 • Мой Инстаграм: https://www.instagram.com ...', 'result_warc_relative_path': None, 'result_warc_byte_offset': None}
 {'result_id': '30170c8f-a76b-5118-9a6f-33126544278e', 'result_url': 'https://www.youtube.com/watch?v=RwTtuhkCTUk', 'result_domain': 'www.youtube.com', 'result_domain_public_suffix': 'com', 'result_wayback_url': 'https://web.archive.org/web/20200202091433/https://www.youtube.com/watch?v=RwTtuhkCTUk', 'result_wayback_raw_url': 'https://web.archive.org/web/20200202091433id_/https://www.youtube.com/watch?v=RwTtuhkCTUk', 'result_snippet_rank': 5, 'result_snippet_title': ""Timka LEGO Ninjago set 71711 (Jay's Cyber Dragon / Кибердракон Джея). - Продолжительность: 23:18"", 'result_snippet_text': 'Сегодня Тимка представляет один из лучших наборов 12 сезона сериала <em>ЛЕГО Ниндзяго</em> ""Расцвет Империи"" 2020 -...', 'result_warc_relative_path': None, 'result_warc_byte_offset': None}
 {'result_id': '2189fd9e-771e-51eb-b00f-06f9bab3fd05', 'result_url': 'https://www.youtube.com/watch?v=t4w13I1ZCto', 'result_domain': 'www.youtube.com', 'result_domain_public_suffix': 'com', 'result_wayback_url': 'https://web.archive.org/web/20200202091433/https://www.youtube.com/watch?v=t4w13I1ZCto', 'result_wayback_raw_url': 'https://web.archive.org/web/20200202091433id_/https://www.youtube.com/watch?v=t4w13I1ZCto', 'result_snippet_rank': 6, 'result_snippet_title': 'ДРАКОН ЛЬДА  NINJAGO - Продолжительность: 6:23', 'result_snippet_text': 'Заканчиваем Марафон! Скоро подведу итоги 3-х победителей, которые угадали количество ретро-обзоров этого...', 'result_warc_relative_path': None, 'result_warc_byte_offset': None}
 {'result_id': '3e5eedfb-ee1a-52de-8e2a-f721ccb66544', 'result_url': 'https://www.youtube.com/watch?v=LsrE8LDxZfI', 'result_domain': 'www.youtube.com', 'result_domain_public_suffix': 'com', 'result_wayback_url': 'https://web.archive.org/web/20200202091433/https://www.youtube.com/watch?v=LsrE8LDxZfI', 'result_wayback_raw_url': 'https://web.archive.org/web/20200202091433id_/https://www.youtube.com/watch?v=LsrE8LDxZfI', 'result_snippet_rank': 7, 'result_snippet_title': 'LEGO Ninjago 70627 Кузница Дракона Обзор - Продолжительность: 14:33', 'result_snippet_text': 'LEGO Ninjago 70627 Кузница Дракона. Новинка Лего Ниндзяго 2017 года по сезону Власть Времени.  Подпишись на новинки...', 'result_warc_relative_path': None, 'result_warc_byte_offset': None}
 {'result_id': '8e25fd69-630f-57c2-9189-2989856fb509', 'result_url': 'https://www.youtube.com/watch?v=HU2lxM0ycsE', 'result_domain': 'www.youtube.com', 'result_domain_public_suffix': 'com', 'result_wayback_url': 'https://web.archive.org/web/20200202091433/https://www.youtube.com/watch?v=HU2lxM0ycsE', 'result_wayback_raw_url': 'https://web.archive.org/web/20200202091433id_/https://www.youtube.com/watch?v=HU2lxM0ycsE', 'result_snippet_rank': 8, 'result_snippet_title': 'ОБЗОР НОВОГО НАБОРА LEGO NINJAGO 70652 STORMBRINGER DRAGON / ВЕСТНИК БУРИ - Продолжительность: 15:00', 'result_snippet_text': 'Донат : http://www.donationalerts.ru/r/the_ki... Группа в ВК : https://m.vk.com/clubtkd2004 Страничка в ВК\xa0...', 'result_warc_relative_path': None, 'result_warc_byte_offset': None}
 {'result_id': 'eb2f3077-d62c-56c7-b654-66a3fcf3794e', 'result_url': 'https://www.youtube.com/watch?v=RjcOcLSazcQ', 'result_domain': 'www.youtube.com', 'result_domain_public_suffix': 'com', 'result_wayback_url': 'https://web.archive.org/web/20200202091433/https://www.youtube.com/watch?v=RjcOcLSazcQ', 'result_wayback_raw_url': 'https://web.archive.org/web/20200202091433id_/https://www.youtube.com/watch?v=RjcOcLSazcQ', 'result_snippet_rank': 9, 'result_snippet_title': 'Мультики по наборам ниндзяго 9 сезон - Продолжительность: 2:08', 'result_snippet_text': 'Мать <em>драконов</em> Дизельнаут <em>Дракон</em> Джея.', 'result_warc_relative_path': None, 'result_warc_byte_offset': None}
 {'result_id': '5c7ea79e-5935-5373-8121-91162e32bfad', 'result_url': 'https://www.youtube.com/watch?v=o_Zhd1Rl9iE', 'result_domain': 'www.youtube.com', 'result_domain_public_suffix': 'com', 'result_wayback_url': 'https://web.archive.org/web/20200202091433/https://www.youtube.com/watch?v=o_Zhd1Rl9iE', 'result_wayback_raw_url': 'https://web.archive.org/web/20200202091433id_/https://www.youtube.com/watch?v=o_Zhd1Rl9iE', 'result_snippet_rank': 10, 'result_snippet_title': 'Лего НИНДЗЯГО 70652 Вестник Бури (ОБЗОР) - Продолжительность: 8:38', 'result_snippet_text': 'LEGO NINJAGO 70652 Stormbringer // <em>Лего Ниндзяго</em> 70652 Вестник Бури - и вновь серия ниндзяго, и вновь <em>дракон</em>! <em>Драконы</em>', 'result_warc_relative_path': None, 'result_warc_byte_offset': None}
 {'result_id': 'a0c1695e-9697-5b63-89d6-7ef334f82071', 'result_url': 'https://www.youtube.com/watch?v=sPHyYQef5Pc', 'result_domain': 'www.youtube.com', 'result_domain_public_suffix': 'com', 'result_wayback_url': 'https://web.archive.org/web/20200202091433/https://www.youtube.com/watch?v=sPHyYQef5Pc', 'result_wayback_raw_url': 'https://web.archive.org/web/20200202091433id_/https://www.youtube.com/watch?v=sPHyYQef5Pc', 'result_snippet_rank': 11, 'result_snippet_title': 'LEGO Ниндзяго Фильм - ДРАКОН ЛЛОЙДА - Набор На Обзор (70612) - Продолжительность: 9:11', 'result_snippet_text': 'Основной канал: http://bit.ly/Qewbite Кьюбс смотрит <em>набор</em> по фильму ""<em>Лего Ниндзяго</em>"" с <em>драконом</em> Ллойда и...', 'result_warc_relative_path': None, 'result_warc_byte_offset': None}
 {'result_id': 'dce2a2a5-514f-5cc4-b472-3002714dd8b0', 'result_url': 'https://www.youtube.com/watch?v=46CLEzPPgq4', 'result_domain': 'www.youtube.com', 'result_domain_public_suffix': 'com', 'result_wayback_url': 'https://web.archive.org/web/20200202091433/https://www.youtube.com/watch?v=46CLEzPPgq4', 'result_wayback_raw_url': 'https://web.archive.org/web/20200202091433id_/https://www.youtube.com/watch?v=46CLEzPPgq4', 'result_snippet_rank': 12, 'result_snippet_title': ""Лего Ниндзяго Дракон Джея. Обзор набора Леле Lego Ninjago Jay's Dragon - Продолжительность: 18:15"", 'result_snippet_text': ""Обзор аналога LEGO® NINJAGO™ 70602 Jay's Elemental Dragon от LELE. Наша группа - https://vk.com/KinderAndCo\xa0..."", 'result_warc_relative_path': None, 'result_warc_byte_offset': None}
 {'result_id': '96b0e419-cccd-5386-9d67-4786b2972b15', 'result_url': 'https://www.youtube.com/watch?v=LaQ8tvcvPFw', 'result_domain': 'www.youtube.com', 'result_domain_public_suffix': 'com', 'result_wayback_url': 'https://web.archive.org/web/20200202091433/https://www.youtube.com/watch?v=LaQ8tvcvPFw', 'result_wayback_raw_url': 'https://web.archive.org/web/20200202091433id_/https://www.youtube.com/watch?v=LaQ8tvcvPFw', 'result_snippet_rank': 13, 'result_snippet_title': ""Timka LEGO Ninjago set 70627 (Dragon's Forge). - Продолжительность: 54:36"", 'result_snippet_text': 'Тимке хотелось этот <em>набор</em> из-за двухголового <em>дракона Кая</em> и Нии, но когда он собрал его оказалась,...', 'result_warc_relative_path': None, 'result_warc_byte_offset': None}
 {'result_id': '314d80c8-3a20-53b7-be34-fbe578b5a7e8', 'result_url': 'https://www.youtube.com/watch?v=_vV1pzYYjSw', 'result_domain': 'www.youtube.com', 'result_domain_public_suffix': 'com', 'result_wayback_url': 'https://web.archive.org/web/20200202091433/https://www.youtube.com/watch?v=_vV1pzYYjSw', 'result_wayback_raw_url': 'https://web.archive.org/web/20200202091433id_/https://www.youtube.com/watch?v=_vV1pzYYjSw', 'result_snippet_rank': 14, 'result_snippet_title': 'Обзор набора Lego NinjaGo #2509 Защита Земляного Дракона (Earth Dragon Defence) - Продолжительность: 4:10', 'result_snippet_text': 'Для взрослых коллекционеров и родителей. 16+ Мой паблик ВКонтакте: https://vk.com/atg_blog Мой комикс:\xa0...', 'result_warc_relative_path': None, 'result_warc_byte_offset': None}
 {'result_id': '34eca985-22c0-569d-8d08-2081290dd437', 'result_url': 'https://www.youtube.com/watch?v=YbAaV2GzVlY', 'result_domain': 'www.youtube.com', 'result_domain_public_suffix': 'com', 'result_wayback_url': 'https://web.archive.org/web/20200202091433/https://www.youtube.com/watch?v=YbAaV2GzVlY', 'result_wayback_raw_url': 'https://web.archive.org/web/20200202091433id_/https://www.youtube.com/watch?v=YbAaV2GzVlY', 'result_snippet_rank': 15, 'result_snippet_title': 'LEGO Ninjago 9 сезон Титан Они 70658 Обзор - Продолжительность: 10:14', 'result_snippet_text': 'Подпишись на канал, чтобы смотреть новое lego видео: http://goo.gl/Knl5j8 • https://www.instagram.com/warlord_lego/ про\xa0...', 'result_warc_relative_path': None, 'result_warc_byte_offset': None}
 {'result_id': '72de8f06-a617-5847-994c-098e3ae131ff', 'result_url': 'https://www.youtube.com/watch?v=RmEFvjDfPNU', 'result_domain': 'www.youtube.com', 'result_domain_public_suffix': 'com', 'result_wayback_url': 'https://web.archive.org/web/20200202091433/https://www.youtube.com/watch?v=RmEFvjDfPNU', 'result_wayback_raw_url': 'https://web.archive.org/web/20200202091433id_/https://www.youtube.com/watch?v=RmEFvjDfPNU', 'result_snippet_rank': 16, 'result_snippet_title': 'LEGO Ninjago 70654 Стремительный Странник Обзор - Продолжительность: 10:28', 'result_snippet_text': '• Подпишись на канал, чтобы смотреть новое lego видео: http://goo.gl/Knl5j8 • Мой Инстаграм: https://www.instagram.com ...', 'result_warc_relative_path': None, 'result_warc_byte_offset': None}
 {'result_id': '4b3596d3-f45d-568f-93dc-7b77ea8d9ecb', 'result_url': 'https://www.youtube.com/watch?v=TLwMXj7i0ys', 'result_domain': 'www.youtube.com', 'result_domain_public_suffix': 'com', 'result_wayback_url': 'https://web.archive.org/web/20200202091433/https://www.youtube.com/watch?v=TLwMXj7i0ys', 'result_wayback_raw_url': 'https://web.archive.org/web/20200202091433id_/https://www.youtube.com/watch?v=TLwMXj7i0ys', 'result_snippet_rank': 17, 'result_snippet_title': 'Лего Ниндзяго 9 и 8 сезон все минифигурки Обзор - Продолжительность: 5:15', 'result_snippet_text': 'Подпишись на канал, чтобы смотреть новое lego видео: http://goo.gl/Knl5j8 • https://www.instagram.com/warlord_lego/ про\xa0...', 'result_warc_relative_path': None, 'result_warc_byte_offset': None}
 {'result_id': '49594eab-01b8-5044-8063-316b43aad121', 'result_url': 'https://www.youtube.com/watch?v=PsXqRfykpyg', 'result_domain': 'www.youtube.com', 'result_domain_public_suffix': 'com', 'result_wayback_url': 'https://web.archive.org/web/20200202091433/https://www.youtube.com/watch?v=PsXqRfykpyg', 'result_wayback_raw_url': 'https://web.archive.org/web/20200202091433id_/https://www.youtube.com/watch?v=PsXqRfykpyg', 'result_snippet_rank': 18, 'result_snippet_title': 'LEGO Ninjago 9 сезон Мастер Золотого дракона и наборы новинки Обзор - Продолжительность: 10:08', 'result_snippet_text': '• Подпишись на канал, чтобы смотреть новое lego видео: http://goo.gl/Knl5j8 • Мой Инстаграм: https://www.instagram.com ...', 'result_warc_relative_path': None, 'result_warc_byte_offset': None}
 {'result_id': '1334f5a8-ea15-559b-92b9-549c7d883c14', 'result_url': 'https://www.youtube.com/watch?v=mF7hZ8QjnH4', 'result_domain': 'www.youtube.com', 'result_domain_public_suffix': 'com', 'result_wayback_url': 'https://web.archive.org/web/20200202091433/https://www.youtube.com/watch?v=mF7hZ8QjnH4', 'result_wayback_raw_url': 'https://web.archive.org/web/20200202091433id_/https://www.youtube.com/watch?v=mF7hZ8QjnH4', 'result_snippet_rank': 19, 'result_snippet_title': 'LEGO Ninjago 70651 Тронный зал Обзор и сборка Лего - Продолжительность: 5:46', 'result_snippet_text': '• Подпишись на канал, чтобы смотреть новое lego видео: http://goo.gl/Knl5j8 •  https://www.instagram.com/warlord_lego/ про ...', 'result_warc_relative_path': None, 'result_warc_byte_offset': None}
 {'result_id': '04284f5e-6f2b-5ac2-98ea-7bc6ac3fea0f', 'result_url': 'https://www.youtube.com/watch?v=Ty25s7kgSD0', 'result_domain': 'www.youtube.com', 'result_domain_public_suffix': 'com', 'result_wayback_url': 'https://web.archive.org/web/20200202091433/https://www.youtube.com/watch?v=Ty25s7kgSD0', 'result_wayback_raw_url': 'https://web.archive.org/web/20200202091433id_/https://www.youtube.com/watch?v=Ty25s7kgSD0', 'result_snippet_rank': 20, 'result_snippet_title': 'LEGO Ninjago 70642 Киллоу против Самурая Икс Обзор - Продолжительность: 10:18', 'result_snippet_text': 'Конструктор LEGO Ninjago 70642 Киллоу против Самурая Икс • Подпишись на  канал: http://goo.gl/Knl5j8 • Инстаграм https://www ...', 'result_warc_relative_path': None, 'result_warc_byte_offset': None}
 {'result_id': 'b844adf6-2df7-5882-a91e-2b5ec0387ac7', 'result_url': 'https://www.youtube.com/watch?v=zMwd-G0b0ak', 'result_domain': 'www.youtube.com', 'result_domain_public_suffix': 'com', 'result_wayback_url': 'https://web.archive.org/web/20200202091433/https://www.youtube.com/watch?v=zMwd-G0b0ak', 'result_wayback_raw_url': 'https://web.archive.org/web/20200202091433id_/https://www.youtube.com/watch?v=zMwd-G0b0ak', 'result_snippet_rank': 21, 'result_snippet_title': 'ТОП 10 ЛУЧШИХ НАБОРОВ ЛЕГО НИНДЗЯГО [ЛИЛ] - Продолжительность: 10:09', 'result_snippet_text': 'Ниндзяго - серия Лего , которая существует уже 7 лет. За это время компания Lego выпустила немало наборов посвя...', 'result_warc_relative_path': None, 'result_warc_byte_offset': None}
 {'result_id': '6532c582-8ec6-5b11-82e9-968d1b0b650d', 'result_url': 'https://www.youtube.com/watch?v=XTawgWE8J7E', 'result_domain': 'www.youtube.com', 'result_domain_public_suffix': 'com', 'result_wayback_url': 'https://web.archive.org/web/20200202091433/https://www.youtube.com/watch?v=XTawgWE8J7E', 'result_wayback_raw_url': 'https://web.archive.org/web/20200202091433id_/https://www.youtube.com/watch?v=XTawgWE8J7E', 'result_snippet_rank': 22, 'result_snippet_title': 'LEGO Ninjago 70670 Монастырь Кружитцу Обзор - Продолжительность: 14:48', 'result_snippet_text': 'Лучший набор Лего Ниндзяго наследие! Узнай про новинки LEGO Ninjago 2020 - https://youtu.be/mxGBxZ1u39U• Подпишись на канал ...', 'result_warc_relative_path': None, 'result_warc_byte_offset': None}
 {'result_id': '07069c6e-26fb-5df0-a9a4-ad9001ea9745', 'result_url': 'https://www.youtube.com/watch?v=63-eiAKtlWs', 'result_domain': 'www.youtube.com', 'result_domain_public_suffix': 'com', 'result_wayback_url': 'https://web.archive.org/web/20200202091433/https://www.youtube.com/watch?v=63-eiAKtlWs', 'result_wayback_raw_url': 'https://web.archive.org/web/20200202091433id_/https://www.youtube.com/watch?v=63-eiAKtlWs', 'result_snippet_rank': 23, 'result_snippet_title': 'All Lego Ninjago Season 9 Hunted Sets Summer 2018 - Lego Speed Build Review - Продолжительность: 1:07:14', 'result_snippet_text': 'All Lego Ninjago Season 9 Hunted Sets Summer 2018►Click here to Subscribe : https://www.youtube.com/AustrianLegoFan►Click ...', 'result_warc_relative_path': None, 'result_warc_byte_offset': None}
 {'result_id': '3650a93a-f7c0-5f1f-a824-8f955604b6ef', 'result_url': 'https://www.youtube.com/watch?v=FnRbfYoTHfo', 'result_domain': 'www.youtube.com', 'result_domain_public_suffix': 'com', 'result_wayback_url': 'https://web.archive.org/web/20200202091433/https://www.youtube.com/watch?v=FnRbfYoTHfo', 'result_wayback_raw_url': 'https://web.archive.org/web/20200202091433id_/https://www.youtube.com/watch?v=FnRbfYoTHfo', 'result_snippet_rank': 24, 'result_snippet_title': 'LEGO Ninjago - НАБОР КРУЖИТЦУ СУПА-ДУПА - Продолжительность: 7:14', 'result_snippet_text': 'Основной канал: http://bit.ly/Qewbite Кьюбс смотрит LEGO коробку с наборами <em>Лего Ниндзяго</em> (Кружитцу)! РАСКРУТИМ ЭТО.', 'result_warc_relative_path': None, 'result_warc_byte_offset': None}
 {'result_id': 'c32e693c-e6c1-5a98-86e1-d673e3b31d25', 'result_url': 'https://www.youtube.com/watch?v=L5jvI3BpTQ0', 'result_domain': 'www.youtube.com', 'result_domain_public_suffix': 'com', 'result_wayback_url': 'https://web.archive.org/web/20200202091433/https://www.youtube.com/watch?v=L5jvI3BpTQ0', 'result_wayback_raw_url': 'https://web.archive.org/web/20200202091433id_/https://www.youtube.com/watch?v=L5jvI3BpTQ0', 'result_snippet_rank': 25, 'result_snippet_title': 'NINJAGO ПЕРВЫЙ СТРАЖ ЛЕГО ДРАКОН - не покупай пока не посмотришь - Продолжительность: 16:30', 'result_snippet_text': '✅ Ссылка на набор - https://lego-lepin.ru/catalog/ninjago/units/queen-firstbo... ...', 'result_warc_relative_path': None, 'result_warc_byte_offset': None}
 {'result_id': 'e1041c04-f12e-542d-9b97-26fabc7595fa', 'result_url': 'https://www.youtube.com/watch?v=migiND3tsy0', 'result_domain': 'www.youtube.com', 'result_domain_public_suffix': 'com', 'result_wayback_url': 'https://web.archive.org/web/20200202091433/https://www.youtube.com/watch?v=migiND3tsy0', 'result_wayback_raw_url': 'https://web.archive.org/web/20200202091433id_/https://www.youtube.com/watch?v=migiND3tsy0', 'result_snippet_rank': 26, 'result_snippet_title': 'НОВИНКА! ЛЕГО НИНДЗЯГО! Обзор набора LEGO Ninjago Первый Страж 70653 - Продолжительность: 16:25', 'result_snippet_text': '<em>ЛЕГО НИНДЗЯГО</em>! Обзор <em>набора</em> LEGO Ninjago Первый Страж 70653 Понравилось видео? Не ленись - палец вверх и не\xa0...', 'result_warc_relative_path': None, 'result_warc_byte_offset': None}
 {'result_id': '2fec1c2e-03cf-5509-8438-532752cad59c', 'result_url': 'https://www.youtube.com/watch?v=k-1u9hIZpY0', 'result_domain': 'www.youtube.com', 'result_domain_public_suffix': 'com', 'result_wayback_url': 'https://web.archive.org/web/20200202091433/https://www.youtube.com/watch?v=k-1u9hIZpY0', 'result_wayback_raw_url': 'https://web.archive.org/web/20200202091433id_/https://www.youtube.com/watch?v=k-1u9hIZpY0', 'result_snippet_rank': 27, 'result_snippet_title': 'ЛЕГО Ниндзяго Фильм наборы Огненный робот Кая, дракон Зелёного Ниндзя. Что купить LEGO NINJAGO Movie - Продолжительность: 5:15', 'result_snippet_text': 'Смотреть ЛЕГО Ниндзяго Фильм наборы: Огненный робот Кая (70615), Механический дракон Зелёного Ниндзя (70612)....', 'result_warc_relative_path': None, 'result_warc_byte_offset': None}
 {'result_id': '0c65870b-5168-55ce-8c74-68ab556a1f9c', 'result_url': 'https://www.youtube.com/watch?v=DWI_lHisToI', 'result_domain': 'www.youtube.com', 'result_domain_public_suffix': 'com', 'result_wayback_url': 'https://web.archive.org/web/20200202091433/https://www.youtube.com/watch?v=DWI_lHisToI', 'result_wayback_raw_url': 'https://web.archive.org/web/20200202091433id_/https://www.youtube.com/watch?v=DWI_lHisToI', 'result_snippet_rank': 28, 'result_snippet_title': 'LEGO® NINJAGO™ – Кузница Дракона - Продолжительность: 1:43', 'result_snippet_text': 'Оцени <em>набор</em> Кузница <em>Дракона</em> серии LEGO Ninjago. Он порадует тебя новыми сценариями, персонажами и оружием.', 'result_warc_relative_path': None, 'result_warc_byte_offset': None}
 {'result_id': '311220a7-dd0d-57cf-ab48-7179cc67e329', 'result_url': 'https://www.youtube.com/watch?v=I0a6P6szdGQ', 'result_domain': 'www.youtube.com', 'result_domain_public_suffix': 'com', 'result_wayback_url': 'https://web.archive.org/web/20200202091433/https://www.youtube.com/watch?v=I0a6P6szdGQ', 'result_wayback_raw_url': 'https://web.archive.org/web/20200202091433id_/https://www.youtube.com/watch?v=I0a6P6szdGQ', 'result_snippet_rank': 29, 'result_snippet_title': 'Обзор набора 70679 «Ультра Дракон» - Продолжительность: 14:19', 'result_snippet_text': 'Вот и завершился цикл обзоров на Legacy, будем переходить к нейтральным сериям!) ⬇️⬇️⬇️ Вконтакте: https://vk.com/a.', 'result_warc_relative_path': None, 'result_warc_byte_offset': None}
 {'result_id': '480e019c-3511-5b23-81a3-e9ec1e6278ef', 'result_url': 'https://www.youtube.com/watch?v=erssC9zwnx0', 'result_domain': 'www.youtube.com', 'result_domain_public_suffix': 'com', 'result_wayback_url': 'https://web.archive.org/web/20200202091433/https://www.youtube.com/watch?v=erssC9zwnx0', 'result_wayback_raw_url': 'https://web.archive.org/web/20200202091433id_/https://www.youtube.com/watch?v=erssC9zwnx0', 'result_snippet_rank': 30, 'result_snippet_title': 'LEGO NINJAGO 70734 Дракон Сэнсэя Ву (Master Wu Dragon) - Продолжительность: 4:47', 'result_snippet_text': 'Сравнить цены и купить <em>набор</em>: https://goo.gl/m7aVO5 Подпишись на наш канал в 1 клик:\xa0...', 'result_warc_relative_path': None, 'result_warc_byte_offset': None}]",youtube,youtube.com,com,2,media-sharing
49dd9306-ec8e-5490-a60a-a490ed0ce1d9,https://www.youtube.com/results?search_query=%23%D0%BF%D1%80%D0%BE%D0%B3%D0%BD%D0%BE%D0%B7%D0%BF%D0%BE%D0%B3%D0%BE%D0%B4%D1%8B,2020-02-09 00:52:57,https://web.archive.org/web/20200209015257/https://www.youtube.com/results?search_query=%23%D0%BF%D1%80%D0%BE%D0%B3%D0%BD%D0%BE%D0%B7%D0%BF%D0%BE%D0%B3%D0%BE%D0%B4%D1%8B,https://web.archive.org/web/20200209015257id_/https://www.youtube.com/results?search_query=%23%D0%BF%D1%80%D0%BE%D0%B3%D0%BD%D0%BE%D0%B7%D0%BF%D0%BE%D0%B3%D0%BE%D0%B4%D1%8B,,,#прогнозпогоды,,#прогнозпогоды,focused/archived-raw-serps/youtube/youtube.com%2Fresults%3F/0000000197/0000000000.warc.gz,243444531,"[{'result_id': '215cc0c4-406b-5894-ad66-467c2ac6982d', 'result_url': 'https://www.youtube.com/watch?v=rsb9_BUNa8o', 'result_domain': 'www.youtube.com', 'result_domain_public_suffix': 'com', 'result_wayback_url': 'https://web.archive.org/web/20200209015257/https://www.youtube.com/watch?v=rsb9_BUNa8o', 'result_wayback_raw_url': 'https://web.archive.org/web/20200209015257id_/https://www.youtube.com/watch?v=rsb9_BUNa8o', 'result_snippet_rank': 1, 'result_snippet_title': 'Погода на неделю 3-9 февраля 2020. Прогноз погоды. Беларусь | Метеогид - Продолжительность: 20:12', 'result_snippet_text': '<em>Прогноз погоды</em> на неделю с 27 января по 2 февраля. Беларусь. Европа. Минск. Москва. Киев. Приятная новость...', 'result_warc_relative_path': None, 'result_warc_byte_offset': None}
 {'result_id': '88b48537-7d85-5f18-8361-3fd69f81b891', 'result_url': 'https://www.youtube.com/watch?v=DDIpLtcnVrc', 'result_domain': 'www.youtube.com', 'result_domain_public_suffix': 'com', 'result_wayback_url': 'https://web.archive.org/web/20200209015257/https://www.youtube.com/watch?v=DDIpLtcnVrc', 'result_wayback_raw_url': 'https://web.archive.org/web/20200209015257id_/https://www.youtube.com/watch?v=DDIpLtcnVrc', 'result_snippet_rank': 2, 'result_snippet_title': 'Погода на неделю 20-26 января 2020. Прогноз погоды. Беларусь | Метеогид - Продолжительность: 16:26', 'result_snippet_text': '<em>Прогноз погоды</em> на неделю с 20 по 26 января. Беларусь. Европа. Минск. Москва. Киев. Приятная новость для тех,...', 'result_warc_relative_path': None, 'result_warc_byte_offset': None}
 {'result_id': '2c7de869-7f1c-5868-9902-59fb2e63258a', 'result_url': 'https://www.youtube.com/watch?v=ZBkGyeaVWVM', 'result_domain': 'www.youtube.com', 'result_domain_public_suffix': 'com', 'result_wayback_url': 'https://web.archive.org/web/20200209015257/https://www.youtube.com/watch?v=ZBkGyeaVWVM', 'result_wayback_raw_url': 'https://web.archive.org/web/20200209015257id_/https://www.youtube.com/watch?v=ZBkGyeaVWVM', 'result_snippet_rank': 3, 'result_snippet_title': 'Погода на неделю 10-16 февраля 2020. Прогноз погоды. Беларусь | Метеогид - Продолжительность: 16:29', 'result_snippet_text': '<em>Прогноз погоды</em> на неделю с 10 по 16 февраля. Беларусь. Европа. Минск. Москва. Киев. Приятная новость для тех,...', 'result_warc_relative_path': None, 'result_warc_byte_offset': None}
 {'result_id': '05da9d25-d7b7-5f73-9f72-5aae72ef83d8', 'result_url': 'https://www.youtube.com/watch?v=Fk2jQsb8htc', 'result_domain': 'www.youtube.com', 'result_domain_public_suffix': 'com', 'result_wayback_url': 'https://web.archive.org/web/20200209015257/https://www.youtube.com/watch?v=Fk2jQsb8htc', 'result_wayback_raw_url': 'https://web.archive.org/web/20200209015257id_/https://www.youtube.com/watch?v=Fk2jQsb8htc', 'result_snippet_rank': 4, 'result_snippet_title': 'Погода на неделю 27 января - 2 февраля 2020. Прогноз погоды. Беларусь | Метеогид - Продолжительность: 15:47', 'result_snippet_text': '<em>Прогноз погоды</em> на неделю с 27 января по 2 февраля. Беларусь. Европа. Минск. Москва. Киев. Приятная новость...', 'result_warc_relative_path': None, 'result_warc_byte_offset': None}
 {'result_id': '6509e57c-a9b8-573a-9d3f-24751ed8521e', 'result_url': 'https://www.youtube.com/watch?v=Xcz6cCPeBvs', 'result_domain': 'www.youtube.com', 'result_domain_public_suffix': 'com', 'result_wayback_url': 'https://web.archive.org/web/20200209015257/https://www.youtube.com/watch?v=Xcz6cCPeBvs', 'result_wayback_raw_url': 'https://web.archive.org/web/20200209015257id_/https://www.youtube.com/watch?v=Xcz6cCPeBvs', 'result_snippet_rank': 5, 'result_snippet_title': 'Прогноз погоды на неделю с 7 по 13 октября. Лунный календарь | Метеогид - Продолжительность: 19:53', 'result_snippet_text': 'Дожди, грозы, жара, температура воздуха, похолодание, потепление, осадки – все о прогнозе погоды. «Метеогид»...', 'result_warc_relative_path': None, 'result_warc_byte_offset': None}
 {'result_id': '6e105ada-4f12-509b-b7ce-e25a7b435a60', 'result_url': 'https://www.youtube.com/watch?v=b2i9u0qGDnU', 'result_domain': 'www.youtube.com', 'result_domain_public_suffix': 'com', 'result_wayback_url': 'https://web.archive.org/web/20200209015257/https://www.youtube.com/watch?v=b2i9u0qGDnU', 'result_wayback_raw_url': 'https://web.archive.org/web/20200209015257id_/https://www.youtube.com/watch?v=b2i9u0qGDnU', 'result_snippet_rank': 6, 'result_snippet_title': '#прогнозпогоды  #YoWindow  Точный прогноз погоды  YoWindow для Андроид - Продолжительность: 12:34', 'result_snippet_text': 'https://youtu.be/b2i9u0qGDnU Точный <em>прогноз погоды</em> YoWindow для Андроид Спасибо, друзья за ваши лайки и подписку на\xa0...', 'result_warc_relative_path': None, 'result_warc_byte_offset': None}
 {'result_id': 'e185ac09-e80e-5e34-9ba9-c0146826b49f', 'result_url': 'https://www.youtube.com/watch?v=iuH6CSEgpFk', 'result_domain': 'www.youtube.com', 'result_domain_public_suffix': 'com', 'result_wayback_url': 'https://web.archive.org/web/20200209015257/https://www.youtube.com/watch?v=iuH6CSEgpFk', 'result_wayback_raw_url': 'https://web.archive.org/web/20200209015257id_/https://www.youtube.com/watch?v=iuH6CSEgpFk', 'result_snippet_rank': 7, 'result_snippet_title': 'Точный прогноз погоды на неделю от Дмитрия Рябова за 2 минуты - Продолжительность: 2:53', 'result_snippet_text': '<em>Прогноз погоды</em> на неделю с 10 по 16 февраля. Погода Брест. Погода Витебск. Погода Гомель. Погода Гродно....', 'result_warc_relative_path': None, 'result_warc_byte_offset': None}
 {'result_id': '385145f3-0e87-5f66-975e-f4bb46d64d91', 'result_url': 'https://www.youtube.com/watch?v=joNEcK10TKI', 'result_domain': 'www.youtube.com', 'result_domain_public_suffix': 'com', 'result_wayback_url': 'https://web.archive.org/web/20200209015257/https://www.youtube.com/watch?v=joNEcK10TKI', 'result_wayback_raw_url': 'https://web.archive.org/web/20200209015257id_/https://www.youtube.com/watch?v=joNEcK10TKI', 'result_snippet_rank': 8, 'result_snippet_title': 'Самый точный прогноз погоды на весну 2020, народные приметы - Продолжительность: 4:15', 'result_snippet_text': 'Какая будет погода весной в России в 2020 году по месяцам (март, апрель, май). Прогнозы синоптиков. Народные...', 'result_warc_relative_path': None, 'result_warc_byte_offset': None}
 {'result_id': '16fb7783-1b3d-5255-8e0b-a7c594728d32', 'result_url': 'https://www.youtube.com/watch?v=4HzO2g4kM5E', 'result_domain': 'www.youtube.com', 'result_domain_public_suffix': 'com', 'result_wayback_url': 'https://web.archive.org/web/20200209015257/https://www.youtube.com/watch?v=4HzO2g4kM5E', 'result_wayback_raw_url': 'https://web.archive.org/web/20200209015257id_/https://www.youtube.com/watch?v=4HzO2g4kM5E', 'result_snippet_rank': 9, 'result_snippet_title': 'Прогноз погоды на неделю с 28 октября по 3 ноября. Лунный календарь | Метеогид - Продолжительность: 19:30', 'result_snippet_text': 'Дожди, грозы, жара, температура воздуха, похолодание, потепление, осадки – все о прогнозе погоды. «Метеогид»...', 'result_warc_relative_path': None, 'result_warc_byte_offset': None}
 {'result_id': 'efe9d83f-a890-5beb-bdf7-f199a4698556', 'result_url': 'https://www.youtube.com/watch?v=tNWQQAUGqJc', 'result_domain': 'www.youtube.com', 'result_domain_public_suffix': 'com', 'result_wayback_url': 'https://web.archive.org/web/20200209015257/https://www.youtube.com/watch?v=tNWQQAUGqJc', 'result_wayback_raw_url': 'https://web.archive.org/web/20200209015257id_/https://www.youtube.com/watch?v=tNWQQAUGqJc', 'result_snippet_rank': 10, 'result_snippet_title': 'Прогноз погоды на неделю с 15 по 21 июля. Лунный календарь. Интересные факты | Метеогид - Продолжительность: 18:08', 'result_snippet_text': 'Погода в Беларуси. Дожди, грозы, температура воздуха, похолодание, потепление, осадки – все о прогнозе пого...', 'result_warc_relative_path': None, 'result_warc_byte_offset': None}
 {'result_id': '361a8ea1-58d2-5329-9e63-e61b2e57f7f5', 'result_url': 'https://www.youtube.com/watch?v=G3MC9sDHEPE', 'result_domain': 'www.youtube.com', 'result_domain_public_suffix': 'com', 'result_wayback_url': 'https://web.archive.org/web/20200209015257/https://www.youtube.com/watch?v=G3MC9sDHEPE', 'result_wayback_raw_url': 'https://web.archive.org/web/20200209015257id_/https://www.youtube.com/watch?v=G3MC9sDHEPE', 'result_snippet_rank': 11, 'result_snippet_title': 'Прогноз погоды на неделю с 23 по 29 сентября. Лунный календарь | Метеогид - Продолжительность: 19:27', 'result_snippet_text': 'Дожди, грозы, жара, температура воздуха, похолодание, потепление, осадки – все о прогнозе погоды. «Метеогид»...', 'result_warc_relative_path': None, 'result_warc_byte_offset': None}
 {'result_id': '4469f3d8-0232-5b49-9b0e-82eeb163a99c', 'result_url': 'https://www.youtube.com/watch?v=pgsShgeERo4', 'result_domain': 'www.youtube.com', 'result_domain_public_suffix': 'com', 'result_wayback_url': 'https://web.archive.org/web/20200209015257/https://www.youtube.com/watch?v=pgsShgeERo4', 'result_wayback_raw_url': 'https://web.archive.org/web/20200209015257id_/https://www.youtube.com/watch?v=pgsShgeERo4', 'result_snippet_rank': 12, 'result_snippet_title': 'Прогноз погоды на неделю с 21 по 27 октября. Лунный календарь | Метеогид - Продолжительность: 20:52', 'result_snippet_text': 'Дожди, грозы, жара, температура воздуха, похолодание, потепление, осадки – все о прогнозе погоды. «Метеогид»...', 'result_warc_relative_path': None, 'result_warc_byte_offset': None}
 {'result_id': '094d9b39-e502-5658-bc5a-45844cab6c2c', 'result_url': 'https://www.youtube.com/watch?v=4uz4GL-TIXw', 'result_domain': 'www.youtube.com', 'result_domain_public_suffix': 'com', 'result_wayback_url': 'https://web.archive.org/web/20200209015257/https://www.youtube.com/watch?v=4uz4GL-TIXw', 'result_wayback_raw_url': 'https://web.archive.org/web/20200209015257id_/https://www.youtube.com/watch?v=4uz4GL-TIXw', 'result_snippet_rank': 13, 'result_snippet_title': 'Прогноз погоды на неделю с 29 июля по 4 августа. Лунный календарь | Метеогид - Продолжительность: 21:13', 'result_snippet_text': 'Погода в Беларуси. Дожди, грозы, температура воздуха, похолодание, потепление, осадки – все о прогнозе пого...', 'result_warc_relative_path': None, 'result_warc_byte_offset': None}
 {'result_id': '10ce080e-68f0-55b3-9fcc-962ed83a46b8', 'result_url': 'https://www.youtube.com/watch?v=mZRuM_ldeoI', 'result_domain': 'www.youtube.com', 'result_domain_public_suffix': 'com', 'result_wayback_url': 'https://web.archive.org/web/20200209015257/https://www.youtube.com/watch?v=mZRuM_ldeoI', 'result_wayback_raw_url': 'https://web.archive.org/web/20200209015257id_/https://www.youtube.com/watch?v=mZRuM_ldeoI', 'result_snippet_rank': 14, 'result_snippet_title': 'Прогноз погоды на неделю с 30 сентября по 6 октября. Лунный календарь | Метеогид - Продолжительность: 17:33', 'result_snippet_text': 'Дожди, грозы, жара, температура воздуха, похолодание, потепление, осадки – все о прогнозе погоды. «Метеогид»...', 'result_warc_relative_path': None, 'result_warc_byte_offset': None}
 {'result_id': '9f9a23f7-474f-5fa3-8936-439f8df50763', 'result_url': 'https://www.youtube.com/watch?v=pXlWrfSusuI', 'result_domain': 'www.youtube.com', 'result_domain_public_suffix': 'com', 'result_wayback_url': 'https://web.archive.org/web/20200209015257/https://www.youtube.com/watch?v=pXlWrfSusuI', 'result_wayback_raw_url': 'https://web.archive.org/web/20200209015257id_/https://www.youtube.com/watch?v=pXlWrfSusuI', 'result_snippet_rank': 15, 'result_snippet_title': 'Прогноз погоды на неделю с 25 ноября по 1 декабря. Лунный календарь | Метеогид - Продолжительность: 18:04', 'result_snippet_text': 'Дожди, грозы, жара, температура воздуха, похолодание, потепление, осадки – все о прогнозе погоды. «Метеогид»...', 'result_warc_relative_path': None, 'result_warc_byte_offset': None}
 {'result_id': '0dc78289-ba7a-56f2-813f-17ead769debc', 'result_url': 'https://www.youtube.com/watch?v=X4Lrp44F4u0', 'result_domain': 'www.youtube.com', 'result_domain_public_suffix': 'com', 'result_wayback_url': 'https://web.archive.org/web/20200209015257/https://www.youtube.com/watch?v=X4Lrp44F4u0', 'result_wayback_raw_url': 'https://web.archive.org/web/20200209015257id_/https://www.youtube.com/watch?v=X4Lrp44F4u0', 'result_snippet_rank': 16, 'result_snippet_title': 'Прогноз погоды на неделю с 22 по 28 июля. Лунный календарь. Интересные факты | Метеогид - Продолжительность: 19:35', 'result_snippet_text': 'Погода в Беларуси. Дожди, грозы, жара, температура воздуха, похолодание, потепление, осадки – все о прогнозе...', 'result_warc_relative_path': None, 'result_warc_byte_offset': None}
 {'result_id': '65897d12-cb11-5f25-b4d1-004c7178cd72', 'result_url': 'https://www.youtube.com/watch?v=gT9iBDImfO0', 'result_domain': 'www.youtube.com', 'result_domain_public_suffix': 'com', 'result_wayback_url': 'https://web.archive.org/web/20200209015257/https://www.youtube.com/watch?v=gT9iBDImfO0', 'result_wayback_raw_url': 'https://web.archive.org/web/20200209015257id_/https://www.youtube.com/watch?v=gT9iBDImfO0', 'result_snippet_rank': 17, 'result_snippet_title': 'Прогноз погоды на неделю с 16 по 22 сентября. Лунный календарь | Метеогид - Продолжительность: 18:07', 'result_snippet_text': 'Дожди, грозы, жара, температура воздуха, похолодание, потепление, осадки – все о прогнозе погоды. «Метеогид»...', 'result_warc_relative_path': None, 'result_warc_byte_offset': None}
 {'result_id': 'e5f676d5-ec57-5e18-8490-67758d2177e9', 'result_url': 'https://www.youtube.com/watch?v=iCcxphOwQOA', 'result_domain': 'www.youtube.com', 'result_domain_public_suffix': 'com', 'result_wayback_url': 'https://web.archive.org/web/20200209015257/https://www.youtube.com/watch?v=iCcxphOwQOA', 'result_wayback_raw_url': 'https://web.archive.org/web/20200209015257id_/https://www.youtube.com/watch?v=iCcxphOwQOA', 'result_snippet_rank': 18, 'result_snippet_title': 'Погода на неделю с 13 по 19 января. Беларусь. Прогноз на старый Новый год и Крещение | Метеогид - Продолжительность: 16:37', 'result_snippet_text': '<em>Прогноз погоды</em> на неделю с 13 по 19 января 2020. Европа. Минск. Москва. Киев. <em>Прогноз погоды</em> на старый...', 'result_warc_relative_path': None, 'result_warc_byte_offset': None}
 {'result_id': '72230d14-cfbe-506a-8476-3436bb7ea91f', 'result_url': 'https://www.youtube.com/watch?v=OdWmbvr2wzE', 'result_domain': 'www.youtube.com', 'result_domain_public_suffix': 'com', 'result_wayback_url': 'https://web.archive.org/web/20200209015257/https://www.youtube.com/watch?v=OdWmbvr2wzE', 'result_wayback_raw_url': 'https://web.archive.org/web/20200209015257id_/https://www.youtube.com/watch?v=OdWmbvr2wzE', 'result_snippet_rank': 19, 'result_snippet_title': 'Прогноз погоды на неделю с 5 августа по 11 августа. Лунный календарь | Метеогид - Продолжительность: 17:35', 'result_snippet_text': 'Погода на неделю. 5 - 11 августа 2019. Погода в Беларуси. <em>Прогноз погоды</em>. Лунный календарь. Сад и огород. Погод...', 'result_warc_relative_path': None, 'result_warc_byte_offset': None}
 {'result_id': '3b28d64d-dac1-54be-b3ac-2e3c98ec0d8f', 'result_url': 'https://www.youtube.com/watch?v=3bqiGQpl3NU', 'result_domain': 'www.youtube.com', 'result_domain_public_suffix': 'com', 'result_wayback_url': 'https://web.archive.org/web/20200209015257/https://www.youtube.com/watch?v=3bqiGQpl3NU', 'result_wayback_raw_url': 'https://web.archive.org/web/20200209015257id_/https://www.youtube.com/watch?v=3bqiGQpl3NU', 'result_snippet_rank': 20, 'result_snippet_title': 'Прогноз погоды на неделю с 9 по 15 сентября. Лунный календарь | Метеогид - Продолжительность: 19:01', 'result_snippet_text': 'Дожди, грозы, жара, температура воздуха, похолодание, потепление, осадки – все о прогнозе погоды. «Метеогид...', 'result_warc_relative_path': None, 'result_warc_byte_offset': None}]",youtube,youtube.com,com,2,media-sharing
