{"serp_id":"d60ef218-3a27-528f-b5ac-bf1554cc90a6","serp_url":"http:\/\/www.google.lv\/search?q=%22Andris+Marts%22+-wikipedia&num=50&filter=0","serp_timestamp":1619767192000,"serp_wayback_url":"https:\/\/web.archive.org\/web\/20210430091952\/http:\/\/www.google.lv\/search?q=%22Andris+Marts%22+-wikipedia&num=50&filter=0","serp_wayback_raw_url":"https:\/\/web.archive.org\/web\/20210430091952id_\/http:\/\/www.google.lv\/search?q=%22Andris+Marts%22+-wikipedia&num=50&filter=0","serp_page":null,"serp_offset":null,"serp_query_text_url":"\"Andris Marts\" -wikipedia","serp_query_text_url_language":null,"serp_query_text_html":"\"Andris Marts\" -wikipedia","serp_warc_relative_path":"focused\/archived-raw-serps\/google\/google.lv%2Fsearch%3F\/0000000000\/0000000000.warc.gz","serp_warc_byte_offset":323042,"serp_results":[{"result_id":"3f40417f-4110-54df-acc6-bed5f01ffa85","result_url":"http:\/\/www.google.lv\/url?q=https:\/\/www.facebook.com\/andris.prieditis.7&sa=U&ved=2ahUKEwiOvJ7q0aXwAhWXIDQIHaXZBS0QFjAAegQIBRAB&usg=AOvVaw3gQV062h4F1AYwG6TZ5lY4","result_domain":"www.google.lv","result_domain_public_suffix":"lv","result_wayback_url":"https:\/\/web.archive.org\/web\/20210430091952\/http:\/\/www.google.lv\/url?q=https:\/\/www.facebook.com\/andris.prieditis.7&sa=U&ved=2ahUKEwiOvJ7q0aXwAhWXIDQIHaXZBS0QFjAAegQIBRAB&usg=AOvVaw3gQV062h4F1AYwG6TZ5lY4","result_wayback_raw_url":"https:\/\/web.archive.org\/web\/20210430091952id_\/http:\/\/www.google.lv\/url?q=https:\/\/www.facebook.com\/andris.prieditis.7&sa=U&ved=2ahUKEwiOvJ7q0aXwAhWXIDQIHaXZBS0QFjAAegQIBRAB&usg=AOvVaw3gQV062h4F1AYwG6TZ5lY4","result_snippet_rank":3,"result_snippet_title":"Andris Prieditis | Facebook","result_snippet_text":null,"result_warc_relative_path":null,"result_warc_byte_offset":null},{"result_id":"5bb2b87a-714f-5358-9b81-a5e5ed403e74","result_url":"http:\/\/www.google.lv\/url?q=https:\/\/www.facebook.com\/andris.prieditis.9655&sa=U&ved=2ahUKEwiOvJ7q0aXwAhWXIDQIHaXZBS0QFjABegQICBAB&usg=AOvVaw0_I2PbpX5q-hiYOgkF905S","result_domain":"www.google.lv","result_domain_public_suffix":"lv","result_wayback_url":"https:\/\/web.archive.org\/web\/20210430091952\/http:\/\/www.google.lv\/url?q=https:\/\/www.facebook.com\/andris.prieditis.9655&sa=U&ved=2ahUKEwiOvJ7q0aXwAhWXIDQIHaXZBS0QFjABegQICBAB&usg=AOvVaw0_I2PbpX5q-hiYOgkF905S","result_wayback_raw_url":"https:\/\/web.archive.org\/web\/20210430091952id_\/http:\/\/www.google.lv\/url?q=https:\/\/www.facebook.com\/andris.prieditis.9655&sa=U&ved=2ahUKEwiOvJ7q0aXwAhWXIDQIHaXZBS0QFjABegQICBAB&usg=AOvVaw0_I2PbpX5q-hiYOgkF905S","result_snippet_rank":4,"result_snippet_title":"Andris Prieditis | Facebook","result_snippet_text":null,"result_warc_relative_path":null,"result_warc_byte_offset":null},{"result_id":"815f3e01-81a8-5c05-b1f7-4335ab9a8319","result_url":"http:\/\/www.google.lv\/url?q=https:\/\/www.facebook.com\/public\/Atis-Andris&sa=U&ved=2ahUKEwiOvJ7q0aXwAhWXIDQIHaXZBS0QFjACegQIMRAB&usg=AOvVaw2o874yBmjrOYlYydsm6NEj","result_domain":"www.google.lv","result_domain_public_suffix":"lv","result_wayback_url":"https:\/\/web.archive.org\/web\/20210430091952\/http:\/\/www.google.lv\/url?q=https:\/\/www.facebook.com\/public\/Atis-Andris&sa=U&ved=2ahUKEwiOvJ7q0aXwAhWXIDQIHaXZBS0QFjACegQIMRAB&usg=AOvVaw2o874yBmjrOYlYydsm6NEj","result_wayback_raw_url":"https:\/\/web.archive.org\/web\/20210430091952id_\/http:\/\/www.google.lv\/url?q=https:\/\/www.facebook.com\/public\/Atis-Andris&sa=U&ved=2ahUKEwiOvJ7q0aXwAhWXIDQIHaXZBS0QFjACegQIMRAB&usg=AOvVaw2o874yBmjrOYlYydsm6NEj","result_snippet_rank":5,"result_snippet_title":"Atis Andris Profiles | Facebook","result_snippet_text":null,"result_warc_relative_path":null,"result_warc_byte_offset":null},{"result_id":"119f23df-e488-5497-ba71-2cd3a71ee723","result_url":"http:\/\/www.google.lv\/url?q=https:\/\/www.gramatnicaglobuss.lv\/gramatas\/dailliteratura\/romani\/neparasta-misija-1-dala-kristaps--slepenie-protokoli&sa=U&ved=2ahUKEwiOvJ7q0aXwAhWXIDQIHaXZBS0QFjADegQIEhAB&usg=AOvVaw2xuRuzydt47BPYKAQG2EdK","result_domain":"www.google.lv","result_domain_public_suffix":"lv","result_wayback_url":"https:\/\/web.archive.org\/web\/20210430091952\/http:\/\/www.google.lv\/url?q=https:\/\/www.gramatnicaglobuss.lv\/gramatas\/dailliteratura\/romani\/neparasta-misija-1-dala-kristaps--slepenie-protokoli&sa=U&ved=2ahUKEwiOvJ7q0aXwAhWXIDQIHaXZBS0QFjADegQIEhAB&usg=AOvVaw2xuRuzydt47BPYKAQG2EdK","result_wayback_raw_url":"https:\/\/web.archive.org\/web\/20210430091952id_\/http:\/\/www.google.lv\/url?q=https:\/\/www.gramatnicaglobuss.lv\/gramatas\/dailliteratura\/romani\/neparasta-misija-1-dala-kristaps--slepenie-protokoli&sa=U&ved=2ahUKEwiOvJ7q0aXwAhWXIDQIHaXZBS0QFjADegQIEhAB&usg=AOvVaw2xuRuzydt47BPYKAQG2EdK","result_snippet_rank":6,"result_snippet_title":"Neparast\u0101 misija 1 da\u013ca Kristaps - slepenie protokoli - Globuss","result_snippet_text":null,"result_warc_relative_path":null,"result_warc_byte_offset":null},{"result_id":"11efc816-ed2e-5e8f-b6a6-dfa505580bee","result_url":"http:\/\/www.google.lv\/url?q=https:\/\/m.facebook.com\/andris.prieditis.73&sa=U&ved=2ahUKEwiOvJ7q0aXwAhWXIDQIHaXZBS0QFjAKegQILhAB&usg=AOvVaw09IkgkvHOpQBOTvASmbRM2","result_domain":"www.google.lv","result_domain_public_suffix":"lv","result_wayback_url":"https:\/\/web.archive.org\/web\/20210430091952\/http:\/\/www.google.lv\/url?q=https:\/\/m.facebook.com\/andris.prieditis.73&sa=U&ved=2ahUKEwiOvJ7q0aXwAhWXIDQIHaXZBS0QFjAKegQILhAB&usg=AOvVaw09IkgkvHOpQBOTvASmbRM2","result_wayback_raw_url":"https:\/\/web.archive.org\/web\/20210430091952id_\/http:\/\/www.google.lv\/url?q=https:\/\/m.facebook.com\/andris.prieditis.73&sa=U&ved=2ahUKEwiOvJ7q0aXwAhWXIDQIHaXZBS0QFjAKegQILhAB&usg=AOvVaw09IkgkvHOpQBOTvASmbRM2","result_snippet_rank":8,"result_snippet_title":"Andris Prieditis | Facebook","result_snippet_text":null,"result_warc_relative_path":null,"result_warc_byte_offset":null},{"result_id":"4933d865-d626-5b5f-b05f-2a7866cd6dd8","result_url":"http:\/\/www.google.lv\/url?q=http:\/\/www.aprinkis.lv\/index.php\/kultura\/17423-rakstnieku-ati-priediti-iedvesmo-pasa-pagatne&sa=U&ved=2ahUKEwiOvJ7q0aXwAhWXIDQIHaXZBS0QFjALegQILRAB&usg=AOvVaw3j_-76K01OIJV1vdFmMteJ","result_domain":"www.google.lv","result_domain_public_suffix":"lv","result_wayback_url":"https:\/\/web.archive.org\/web\/20210430091952\/http:\/\/www.google.lv\/url?q=http:\/\/www.aprinkis.lv\/index.php\/kultura\/17423-rakstnieku-ati-priediti-iedvesmo-pasa-pagatne&sa=U&ved=2ahUKEwiOvJ7q0aXwAhWXIDQIHaXZBS0QFjALegQILRAB&usg=AOvVaw3j_-76K01OIJV1vdFmMteJ","result_wayback_raw_url":"https:\/\/web.archive.org\/web\/20210430091952id_\/http:\/\/www.google.lv\/url?q=http:\/\/www.aprinkis.lv\/index.php\/kultura\/17423-rakstnieku-ati-priediti-iedvesmo-pasa-pagatne&sa=U&ved=2ahUKEwiOvJ7q0aXwAhWXIDQIHaXZBS0QFjALegQILRAB&usg=AOvVaw3j_-76K01OIJV1vdFmMteJ","result_snippet_rank":9,"result_snippet_title":"Rakstnieku Ati Pried\u012bti iedvesmo pa\u0161a pag\u0101tne - Aprinkis.lv","result_snippet_text":null,"result_warc_relative_path":null,"result_warc_byte_offset":null},{"result_id":"82171c28-45b7-59f0-ac6f-37417bd10aeb","result_url":"http:\/\/www.google.lv\/url?q=https:\/\/en-gb.facebook.com\/profile.php%3Fid%3D100006965898365&sa=U&ved=2ahUKEwiOvJ7q0aXwAhWXIDQIHaXZBS0QFjAMegQIJBAB&usg=AOvVaw11xHOv8RUVWCPO3wG2eGsv","result_domain":"www.google.lv","result_domain_public_suffix":"lv","result_wayback_url":"https:\/\/web.archive.org\/web\/20210430091952\/http:\/\/www.google.lv\/url?q=https:\/\/en-gb.facebook.com\/profile.php%3Fid%3D100006965898365&sa=U&ved=2ahUKEwiOvJ7q0aXwAhWXIDQIHaXZBS0QFjAMegQIJBAB&usg=AOvVaw11xHOv8RUVWCPO3wG2eGsv","result_wayback_raw_url":"https:\/\/web.archive.org\/web\/20210430091952id_\/http:\/\/www.google.lv\/url?q=https:\/\/en-gb.facebook.com\/profile.php%3Fid%3D100006965898365&sa=U&ved=2ahUKEwiOvJ7q0aXwAhWXIDQIHaXZBS0QFjAMegQIJBAB&usg=AOvVaw11xHOv8RUVWCPO3wG2eGsv","result_snippet_rank":10,"result_snippet_title":"Andris Prieditis | Facebook","result_snippet_text":null,"result_warc_relative_path":null,"result_warc_byte_offset":null},{"result_id":"085ab3f9-da11-55a3-9da4-fa85fce30a38","result_url":"http:\/\/www.google.lv\/url?q=https:\/\/en-gb.facebook.com\/andris.prieditis\/&sa=U&ved=2ahUKEwiOvJ7q0aXwAhWXIDQIHaXZBS0QFjANegQIKRAB&usg=AOvVaw2us7BiDFmVQyvsymLh4Q4Z","result_domain":"www.google.lv","result_domain_public_suffix":"lv","result_wayback_url":"https:\/\/web.archive.org\/web\/20210430091952\/http:\/\/www.google.lv\/url?q=https:\/\/en-gb.facebook.com\/andris.prieditis\/&sa=U&ved=2ahUKEwiOvJ7q0aXwAhWXIDQIHaXZBS0QFjANegQIKRAB&usg=AOvVaw2us7BiDFmVQyvsymLh4Q4Z","result_wayback_raw_url":"https:\/\/web.archive.org\/web\/20210430091952id_\/http:\/\/www.google.lv\/url?q=https:\/\/en-gb.facebook.com\/andris.prieditis\/&sa=U&ved=2ahUKEwiOvJ7q0aXwAhWXIDQIHaXZBS0QFjANegQIKRAB&usg=AOvVaw2us7BiDFmVQyvsymLh4Q4Z","result_snippet_rank":11,"result_snippet_title":"Andris Pried\u012btis | Facebook","result_snippet_text":null,"result_warc_relative_path":null,"result_warc_byte_offset":null},{"result_id":"c73ad2d6-781f-506f-81a3-0900b5033c64","result_url":"http:\/\/www.google.lv\/url?q=http:\/\/www.ezerrozesgramatas.lv\/jaunumi\/params\/post\/2612149\/noslepumainas-upes-stasti--andris-marts&sa=U&ved=2ahUKEwiOvJ7q0aXwAhWXIDQIHaXZBS0QFjAOegQIMBAB&usg=AOvVaw1PZ7yCF0CVOf7KLoaC7HoK","result_domain":"www.google.lv","result_domain_public_suffix":"lv","result_wayback_url":"https:\/\/web.archive.org\/web\/20210430091952\/http:\/\/www.google.lv\/url?q=http:\/\/www.ezerrozesgramatas.lv\/jaunumi\/params\/post\/2612149\/noslepumainas-upes-stasti--andris-marts&sa=U&ved=2ahUKEwiOvJ7q0aXwAhWXIDQIHaXZBS0QFjAOegQIMBAB&usg=AOvVaw1PZ7yCF0CVOf7KLoaC7HoK","result_wayback_raw_url":"https:\/\/web.archive.org\/web\/20210430091952id_\/http:\/\/www.google.lv\/url?q=http:\/\/www.ezerrozesgramatas.lv\/jaunumi\/params\/post\/2612149\/noslepumainas-upes-stasti--andris-marts&sa=U&ved=2ahUKEwiOvJ7q0aXwAhWXIDQIHaXZBS0QFjAOegQIMBAB&usg=AOvVaw1PZ7yCF0CVOf7KLoaC7HoK","result_snippet_rank":12,"result_snippet_title":"NOSL\u0112PUMAIN\u0100S UPES ST\u0100STI \/ Andris Marts - Jaunumi ...","result_snippet_text":null,"result_warc_relative_path":null,"result_warc_byte_offset":null},{"result_id":"3cb25a07-7930-54fa-8cae-797b7d209e37","result_url":"http:\/\/www.google.lv\/url?q=https:\/\/ru-ru.facebook.com\/atisprie&sa=U&ved=2ahUKEwiOvJ7q0aXwAhWXIDQIHaXZBS0QFjAPegQIKBAB&usg=AOvVaw0ffssL_8FRdeSwl-3pHW_3","result_domain":"www.google.lv","result_domain_public_suffix":"lv","result_wayback_url":"https:\/\/web.archive.org\/web\/20210430091952\/http:\/\/www.google.lv\/url?q=https:\/\/ru-ru.facebook.com\/atisprie&sa=U&ved=2ahUKEwiOvJ7q0aXwAhWXIDQIHaXZBS0QFjAPegQIKBAB&usg=AOvVaw0ffssL_8FRdeSwl-3pHW_3","result_wayback_raw_url":"https:\/\/web.archive.org\/web\/20210430091952id_\/http:\/\/www.google.lv\/url?q=https:\/\/ru-ru.facebook.com\/atisprie&sa=U&ved=2ahUKEwiOvJ7q0aXwAhWXIDQIHaXZBS0QFjAPegQIKBAB&usg=AOvVaw0ffssL_8FRdeSwl-3pHW_3","result_snippet_rank":13,"result_snippet_title":"Atis Pried\u012btis (Andris Marts) \u0437\u0430\u0440\u0435\u0433\u0438\u0441\u0442\u0440\u0438\u0440\u043e\u0432\u0430\u043d \u043d\u0430 Facebook.","result_snippet_text":null,"result_warc_relative_path":null,"result_warc_byte_offset":null},{"result_id":"11de5ab7-4642-5ec3-bda8-0481212d4d4c","result_url":"http:\/\/www.google.lv\/url?q=http:\/\/www.ezerrozesgramatas.lv\/jaunumi\/params\/post\/1737956\/andris-marts---jus-noteikti-to-nezinajat&sa=U&ved=2ahUKEwiOvJ7q0aXwAhWXIDQIHaXZBS0QFjAQegQIKhAB&usg=AOvVaw25x5m_UHBB45wRq-GQDQIH","result_domain":"www.google.lv","result_domain_public_suffix":"lv","result_wayback_url":"https:\/\/web.archive.org\/web\/20210430091952\/http:\/\/www.google.lv\/url?q=http:\/\/www.ezerrozesgramatas.lv\/jaunumi\/params\/post\/1737956\/andris-marts---jus-noteikti-to-nezinajat&sa=U&ved=2ahUKEwiOvJ7q0aXwAhWXIDQIHaXZBS0QFjAQegQIKhAB&usg=AOvVaw25x5m_UHBB45wRq-GQDQIH","result_wayback_raw_url":"https:\/\/web.archive.org\/web\/20210430091952id_\/http:\/\/www.google.lv\/url?q=http:\/\/www.ezerrozesgramatas.lv\/jaunumi\/params\/post\/1737956\/andris-marts---jus-noteikti-to-nezinajat&sa=U&ved=2ahUKEwiOvJ7q0aXwAhWXIDQIHaXZBS0QFjAQegQIKhAB&usg=AOvVaw25x5m_UHBB45wRq-GQDQIH","result_snippet_rank":14,"result_snippet_title":"Andris Marts - j\u016bs noteikti to nezin\u0101j\u0101t! - Jaunumi - EZERROZES ...","result_snippet_text":null,"result_warc_relative_path":null,"result_warc_byte_offset":null},{"result_id":"13597d3a-d90d-5835-bb49-23bba1185d6c","result_url":"http:\/\/www.google.lv\/url?q=https:\/\/books.google.com\/books\/about\/Neparast%25C4%2581_misija.html%3Fid%3DC9yqzQEACAAJ&sa=U&ved=2ahUKEwiOvJ7q0aXwAhWXIDQIHaXZBS0QFjARegQIJxAB&usg=AOvVaw0efsgz-Id4e7SZ6nbb5KI-","result_domain":"www.google.lv","result_domain_public_suffix":"lv","result_wayback_url":"https:\/\/web.archive.org\/web\/20210430091952\/http:\/\/www.google.lv\/url?q=https:\/\/books.google.com\/books\/about\/Neparast%25C4%2581_misija.html%3Fid%3DC9yqzQEACAAJ&sa=U&ved=2ahUKEwiOvJ7q0aXwAhWXIDQIHaXZBS0QFjARegQIJxAB&usg=AOvVaw0efsgz-Id4e7SZ6nbb5KI-","result_wayback_raw_url":"https:\/\/web.archive.org\/web\/20210430091952id_\/http:\/\/www.google.lv\/url?q=https:\/\/books.google.com\/books\/about\/Neparast%25C4%2581_misija.html%3Fid%3DC9yqzQEACAAJ&sa=U&ved=2ahUKEwiOvJ7q0aXwAhWXIDQIHaXZBS0QFjARegQIJxAB&usg=AOvVaw0efsgz-Id4e7SZ6nbb5KI-","result_snippet_rank":15,"result_snippet_title":"Neparast\u0101 misija: I da\u013ca : kristaps - slepenie protokoli - Andris Marts ...","result_snippet_text":null,"result_warc_relative_path":null,"result_warc_byte_offset":null},{"result_id":"8ed73bd0-1d68-516a-a77a-eeffc0bc18a9","result_url":"http:\/\/www.google.lv\/url?q=https:\/\/primolatvija.hosted.exlibrisgroup.com\/primo-explore\/fulldisplay%3Fdocid%3D371KISC_AlephLNC04-000967428%26context%3DL%26vid%3D371KISCNLL_VU1%26lang%3Dlv_LV%26tab%3Ddefault_tab&sa=U&ved=2ahUKEwiOvJ7q0aXwAhWXIDQIHaXZBS0QFjASegQIJhAB&usg=AOvVaw1VrLzA305x9jfMKR4WyEhR","result_domain":"www.google.lv","result_domain_public_suffix":"lv","result_wayback_url":"https:\/\/web.archive.org\/web\/20210430091952\/http:\/\/www.google.lv\/url?q=https:\/\/primolatvija.hosted.exlibrisgroup.com\/primo-explore\/fulldisplay%3Fdocid%3D371KISC_AlephLNC04-000967428%26context%3DL%26vid%3D371KISCNLL_VU1%26lang%3Dlv_LV%26tab%3Ddefault_tab&sa=U&ved=2ahUKEwiOvJ7q0aXwAhWXIDQIHaXZBS0QFjASegQIJhAB&usg=AOvVaw1VrLzA305x9jfMKR4WyEhR","result_wayback_raw_url":"https:\/\/web.archive.org\/web\/20210430091952id_\/http:\/\/www.google.lv\/url?q=https:\/\/primolatvija.hosted.exlibrisgroup.com\/primo-explore\/fulldisplay%3Fdocid%3D371KISC_AlephLNC04-000967428%26context%3DL%26vid%3D371KISCNLL_VU1%26lang%3Dlv_LV%26tab%3Ddefault_tab&sa=U&ved=2ahUKEwiOvJ7q0aXwAhWXIDQIHaXZBS0QFjASegQIJhAB&usg=AOvVaw1VrLzA305x9jfMKR4WyEhR","result_snippet_rank":16,"result_snippet_title":"Pirms sapnis izgaist, nakt     iet \/ Andris Marts ; sast    d    t ... - Ex Libris","result_snippet_text":null,"result_warc_relative_path":null,"result_warc_byte_offset":null},{"result_id":"f023d8b8-8775-5081-9fc1-9effb75eae90","result_url":"http:\/\/www.google.lv\/url?q=https:\/\/primolatvija.hosted.exlibrisgroup.com\/primo-explore\/fulldisplay%3Fvid%3D371KISCNLL_VU1%26search_scope%3Ddefault_scope%26tab%3Ddefault_tab%26docid%3D371KISC_AlephLNC04-001027263%26lang%3Dlv_LV%26context%3DL&sa=U&ved=2ahUKEwiOvJ7q0aXwAhWXIDQIHaXZBS0QFjATegQIJRAB&usg=AOvVaw0pjhHElpjWEAaaNAoLosEy","result_domain":"www.google.lv","result_domain_public_suffix":"lv","result_wayback_url":"https:\/\/web.archive.org\/web\/20210430091952\/http:\/\/www.google.lv\/url?q=https:\/\/primolatvija.hosted.exlibrisgroup.com\/primo-explore\/fulldisplay%3Fvid%3D371KISCNLL_VU1%26search_scope%3Ddefault_scope%26tab%3Ddefault_tab%26docid%3D371KISC_AlephLNC04-001027263%26lang%3Dlv_LV%26context%3DL&sa=U&ved=2ahUKEwiOvJ7q0aXwAhWXIDQIHaXZBS0QFjATegQIJRAB&usg=AOvVaw0pjhHElpjWEAaaNAoLosEy","result_wayback_raw_url":"https:\/\/web.archive.org\/web\/20210430091952id_\/http:\/\/www.google.lv\/url?q=https:\/\/primolatvija.hosted.exlibrisgroup.com\/primo-explore\/fulldisplay%3Fvid%3D371KISCNLL_VU1%26search_scope%3Ddefault_scope%26tab%3Ddefault_tab%26docid%3D371KISC_AlephLNC04-001027263%26lang%3Dlv_LV%26context%3DL&sa=U&ved=2ahUKEwiOvJ7q0aXwAhWXIDQIHaXZBS0QFjATegQIJRAB&usg=AOvVaw0pjhHElpjWEAaaNAoLosEy","result_snippet_rank":17,"result_snippet_title":"Pasauli m    s z    m    t s    k    m divat     : dzeja \/ Andris Marts ; sast ...","result_snippet_text":null,"result_warc_relative_path":null,"result_warc_byte_offset":null},{"result_id":"f852dac2-cff4-5e5f-b142-044f7d72b567","result_url":"http:\/\/www.google.lv\/url?q=https:\/\/primolatvija.hosted.exlibrisgroup.com\/primo-explore\/fulldisplay%3Fvid%3D371KISCNLL_VU1%26tab%3Ddefault_tab%26docid%3D371KISC_AlephLNC04-001008404%26lang%3Dlv_LV%26context%3DL&sa=U&ved=2ahUKEwiOvJ7q0aXwAhWXIDQIHaXZBS0QFjAUegQILBAB&usg=AOvVaw2PI54OuyH_zXz0PVVZY3dL","result_domain":"www.google.lv","result_domain_public_suffix":"lv","result_wayback_url":"https:\/\/web.archive.org\/web\/20210430091952\/http:\/\/www.google.lv\/url?q=https:\/\/primolatvija.hosted.exlibrisgroup.com\/primo-explore\/fulldisplay%3Fvid%3D371KISCNLL_VU1%26tab%3Ddefault_tab%26docid%3D371KISC_AlephLNC04-001008404%26lang%3Dlv_LV%26context%3DL&sa=U&ved=2ahUKEwiOvJ7q0aXwAhWXIDQIHaXZBS0QFjAUegQILBAB&usg=AOvVaw2PI54OuyH_zXz0PVVZY3dL","result_wayback_raw_url":"https:\/\/web.archive.org\/web\/20210430091952id_\/http:\/\/www.google.lv\/url?q=https:\/\/primolatvija.hosted.exlibrisgroup.com\/primo-explore\/fulldisplay%3Fvid%3D371KISCNLL_VU1%26tab%3Ddefault_tab%26docid%3D371KISC_AlephLNC04-001008404%26lang%3Dlv_LV%26context%3DL&sa=U&ved=2ahUKEwiOvJ7q0aXwAhWXIDQIHaXZBS0QFjAUegQILBAB&usg=AOvVaw2PI54OuyH_zXz0PVVZY3dL","result_snippet_rank":18,"result_snippet_title":"Sirds dimensija \/ Austra lmane, Zied    te Kalna, Biruta ... - Ex Libris","result_snippet_text":null,"result_warc_relative_path":null,"result_warc_byte_offset":null},{"result_id":"720c8673-8711-53aa-839f-18520f3e4b06","result_url":"http:\/\/www.google.lv\/url?q=https:\/\/primolatvija.hosted.exlibrisgroup.com\/primo-explore\/fulldisplay%3Fvid%3D371KISCNLL_VU1%26search_scope%3Ddefault_scope%26tab%3Ddefault_tab%26docid%3D371KISC_AlephLNC04-001008404%26lang%3Dlv_LV%26context%3DL&sa=U&ved=2ahUKEwiOvJ7q0aXwAhWXIDQIHaXZBS0QFjAVegQIIhAB&usg=AOvVaw08L-IVNhU9wpVfmdKv_3aC","result_domain":"www.google.lv","result_domain_public_suffix":"lv","result_wayback_url":"https:\/\/web.archive.org\/web\/20210430091952\/http:\/\/www.google.lv\/url?q=https:\/\/primolatvija.hosted.exlibrisgroup.com\/primo-explore\/fulldisplay%3Fvid%3D371KISCNLL_VU1%26search_scope%3Ddefault_scope%26tab%3Ddefault_tab%26docid%3D371KISC_AlephLNC04-001008404%26lang%3Dlv_LV%26context%3DL&sa=U&ved=2ahUKEwiOvJ7q0aXwAhWXIDQIHaXZBS0QFjAVegQIIhAB&usg=AOvVaw08L-IVNhU9wpVfmdKv_3aC","result_wayback_raw_url":"https:\/\/web.archive.org\/web\/20210430091952id_\/http:\/\/www.google.lv\/url?q=https:\/\/primolatvija.hosted.exlibrisgroup.com\/primo-explore\/fulldisplay%3Fvid%3D371KISCNLL_VU1%26search_scope%3Ddefault_scope%26tab%3Ddefault_tab%26docid%3D371KISC_AlephLNC04-001008404%26lang%3Dlv_LV%26context%3DL&sa=U&ved=2ahUKEwiOvJ7q0aXwAhWXIDQIHaXZBS0QFjAVegQIIhAB&usg=AOvVaw08L-IVNhU9wpVfmdKv_3aC","result_snippet_rank":19,"result_snippet_title":"Sirds dimensija \/ Austra lmane, Zied    te Kalna, Biruta ... - Ex Libris","result_snippet_text":null,"result_warc_relative_path":null,"result_warc_byte_offset":null},{"result_id":"6bdea056-1aa9-51b6-84ce-b6093ebc2247","result_url":"http:\/\/www.google.lv\/url?q=https:\/\/da-dk.facebook.com\/atisprie\/about&sa=U&ved=2ahUKEwiOvJ7q0aXwAhWXIDQIHaXZBS0QFjAWegQIIRAB&usg=AOvVaw2ci2mc9O-nZUxBuWO1GWgs","result_domain":"www.google.lv","result_domain_public_suffix":"lv","result_wayback_url":"https:\/\/web.archive.org\/web\/20210430091952\/http:\/\/www.google.lv\/url?q=https:\/\/da-dk.facebook.com\/atisprie\/about&sa=U&ved=2ahUKEwiOvJ7q0aXwAhWXIDQIHaXZBS0QFjAWegQIIRAB&usg=AOvVaw2ci2mc9O-nZUxBuWO1GWgs","result_wayback_raw_url":"https:\/\/web.archive.org\/web\/20210430091952id_\/http:\/\/www.google.lv\/url?q=https:\/\/da-dk.facebook.com\/atisprie\/about&sa=U&ved=2ahUKEwiOvJ7q0aXwAhWXIDQIHaXZBS0QFjAWegQIIRAB&usg=AOvVaw2ci2mc9O-nZUxBuWO1GWgs","result_snippet_rank":20,"result_snippet_title":"Atis Pried\u012btis | Facebook","result_snippet_text":null,"result_warc_relative_path":null,"result_warc_byte_offset":null},{"result_id":"a689c9d3-f18c-5cc1-bfec-eea058eef666","result_url":"http:\/\/www.google.lv\/url?q=https:\/\/lv-lv.facebook.com\/atisprie&sa=U&ved=2ahUKEwiOvJ7q0aXwAhWXIDQIHaXZBS0QFjAXegQIIxAB&usg=AOvVaw1JuI4m21QY3hyuKrmFHgVc","result_domain":"www.google.lv","result_domain_public_suffix":"lv","result_wayback_url":"https:\/\/web.archive.org\/web\/20210430091952\/http:\/\/www.google.lv\/url?q=https:\/\/lv-lv.facebook.com\/atisprie&sa=U&ved=2ahUKEwiOvJ7q0aXwAhWXIDQIHaXZBS0QFjAXegQIIxAB&usg=AOvVaw1JuI4m21QY3hyuKrmFHgVc","result_wayback_raw_url":"https:\/\/web.archive.org\/web\/20210430091952id_\/http:\/\/www.google.lv\/url?q=https:\/\/lv-lv.facebook.com\/atisprie&sa=U&ved=2ahUKEwiOvJ7q0aXwAhWXIDQIHaXZBS0QFjAXegQIIxAB&usg=AOvVaw1JuI4m21QY3hyuKrmFHgVc","result_snippet_rank":21,"result_snippet_title":"Atis Pried\u012btis | Facebook","result_snippet_text":null,"result_warc_relative_path":null,"result_warc_byte_offset":null},{"result_id":"76c3ed3e-54b5-5ee6-a981-d4dd6eefbf82","result_url":"http:\/\/www.google.lv\/url?q=https:\/\/www.facebook.com\/public\/Atis-Priedi%25C5%2586%25C5%25A1&sa=U&ved=2ahUKEwiOvJ7q0aXwAhWXIDQIHaXZBS0QFjAYegQIKxAB&usg=AOvVaw1_NNdQEdZor99NUSzhgjyi","result_domain":"www.google.lv","result_domain_public_suffix":"lv","result_wayback_url":"https:\/\/web.archive.org\/web\/20210430091952\/http:\/\/www.google.lv\/url?q=https:\/\/www.facebook.com\/public\/Atis-Priedi%25C5%2586%25C5%25A1&sa=U&ved=2ahUKEwiOvJ7q0aXwAhWXIDQIHaXZBS0QFjAYegQIKxAB&usg=AOvVaw1_NNdQEdZor99NUSzhgjyi","result_wayback_raw_url":"https:\/\/web.archive.org\/web\/20210430091952id_\/http:\/\/www.google.lv\/url?q=https:\/\/www.facebook.com\/public\/Atis-Priedi%25C5%2586%25C5%25A1&sa=U&ved=2ahUKEwiOvJ7q0aXwAhWXIDQIHaXZBS0QFjAYegQIKxAB&usg=AOvVaw1_NNdQEdZor99NUSzhgjyi","result_snippet_rank":22,"result_snippet_title":"Atis Priedi\u0146\u0161 Profiles | Facebook","result_snippet_text":null,"result_warc_relative_path":null,"result_warc_byte_offset":null},{"result_id":"e090b887-2f39-558b-8f32-db8ab171055d","result_url":"http:\/\/www.google.lv\/url?q=https:\/\/en-gb.facebook.com\/andris.prieditis.75%3Fpageid%3D134012363333184%26ftentidentifier%3D1180854965307942%26padding%3D0&sa=U&ved=2ahUKEwiOvJ7q0aXwAhWXIDQIHaXZBS0QFjAZegQIHxAB&usg=AOvVaw2978tRqkmG0u9OhtW_tpI8","result_domain":"www.google.lv","result_domain_public_suffix":"lv","result_wayback_url":"https:\/\/web.archive.org\/web\/20210430091952\/http:\/\/www.google.lv\/url?q=https:\/\/en-gb.facebook.com\/andris.prieditis.75%3Fpageid%3D134012363333184%26ftentidentifier%3D1180854965307942%26padding%3D0&sa=U&ved=2ahUKEwiOvJ7q0aXwAhWXIDQIHaXZBS0QFjAZegQIHxAB&usg=AOvVaw2978tRqkmG0u9OhtW_tpI8","result_wayback_raw_url":"https:\/\/web.archive.org\/web\/20210430091952id_\/http:\/\/www.google.lv\/url?q=https:\/\/en-gb.facebook.com\/andris.prieditis.75%3Fpageid%3D134012363333184%26ftentidentifier%3D1180854965307942%26padding%3D0&sa=U&ved=2ahUKEwiOvJ7q0aXwAhWXIDQIHaXZBS0QFjAZegQIHxAB&usg=AOvVaw2978tRqkmG0u9OhtW_tpI8","result_snippet_rank":23,"result_snippet_title":"Andris Pried\u012btis | Facebook","result_snippet_text":null,"result_warc_relative_path":null,"result_warc_byte_offset":null},{"result_id":"a298da0e-6d0f-5cd4-9f02-2a8171d6eb2a","result_url":"http:\/\/www.google.lv\/url?q=https:\/\/fr-fr.facebook.com\/atisprie&sa=U&ved=2ahUKEwiOvJ7q0aXwAhWXIDQIHaXZBS0QFjAaegQIHhAB&usg=AOvVaw2zrMbl4fvdgPZc4eCLMwl9","result_domain":"www.google.lv","result_domain_public_suffix":"lv","result_wayback_url":"https:\/\/web.archive.org\/web\/20210430091952\/http:\/\/www.google.lv\/url?q=https:\/\/fr-fr.facebook.com\/atisprie&sa=U&ved=2ahUKEwiOvJ7q0aXwAhWXIDQIHaXZBS0QFjAaegQIHhAB&usg=AOvVaw2zrMbl4fvdgPZc4eCLMwl9","result_wayback_raw_url":"https:\/\/web.archive.org\/web\/20210430091952id_\/http:\/\/www.google.lv\/url?q=https:\/\/fr-fr.facebook.com\/atisprie&sa=U&ved=2ahUKEwiOvJ7q0aXwAhWXIDQIHaXZBS0QFjAaegQIHhAB&usg=AOvVaw2zrMbl4fvdgPZc4eCLMwl9","result_snippet_rank":24,"result_snippet_title":"Atis Pried\u012btis | Facebook","result_snippet_text":null,"result_warc_relative_path":null,"result_warc_byte_offset":null},{"result_id":"692c7ec3-72d9-5927-baab-85e8a2c584e3","result_url":"http:\/\/www.google.lv\/url?q=https:\/\/bg-bg.facebook.com\/atisprie%3Ffref%3Dnf&sa=U&ved=2ahUKEwiOvJ7q0aXwAhWXIDQIHaXZBS0QFjAbegQIHRAB&usg=AOvVaw0aZNUH6aiXQ34vT0Z30RyW","result_domain":"www.google.lv","result_domain_public_suffix":"lv","result_wayback_url":"https:\/\/web.archive.org\/web\/20210430091952\/http:\/\/www.google.lv\/url?q=https:\/\/bg-bg.facebook.com\/atisprie%3Ffref%3Dnf&sa=U&ved=2ahUKEwiOvJ7q0aXwAhWXIDQIHaXZBS0QFjAbegQIHRAB&usg=AOvVaw0aZNUH6aiXQ34vT0Z30RyW","result_wayback_raw_url":"https:\/\/web.archive.org\/web\/20210430091952id_\/http:\/\/www.google.lv\/url?q=https:\/\/bg-bg.facebook.com\/atisprie%3Ffref%3Dnf&sa=U&ved=2ahUKEwiOvJ7q0aXwAhWXIDQIHaXZBS0QFjAbegQIHRAB&usg=AOvVaw0aZNUH6aiXQ34vT0Z30RyW","result_snippet_rank":25,"result_snippet_title":"Atis Pried\u012btis (Andris Marts) \u0435 \u0432\u044a\u0432 Facebook.","result_snippet_text":null,"result_warc_relative_path":null,"result_warc_byte_offset":null},{"result_id":"40fc0423-97af-5714-ba5d-ddc9418c2926","result_url":"http:\/\/www.google.lv\/url?q=https:\/\/pt-br.facebook.com\/atisprie%3Fhc_ref%3DARQHOHa9ysiFBXhQ1Z1fDERIBRHd8Ja443LN5KOXV6dqVeeHU7c9J9gkHzeBDXJsRs0%26ref%3Dnf_target&sa=U&ved=2ahUKEwiOvJ7q0aXwAhWXIDQIHaXZBS0QFjAcegQIGxAB&usg=AOvVaw2qE9BBVV91HVro3fgnqVNl","result_domain":"www.google.lv","result_domain_public_suffix":"lv","result_wayback_url":"https:\/\/web.archive.org\/web\/20210430091952\/http:\/\/www.google.lv\/url?q=https:\/\/pt-br.facebook.com\/atisprie%3Fhc_ref%3DARQHOHa9ysiFBXhQ1Z1fDERIBRHd8Ja443LN5KOXV6dqVeeHU7c9J9gkHzeBDXJsRs0%26ref%3Dnf_target&sa=U&ved=2ahUKEwiOvJ7q0aXwAhWXIDQIHaXZBS0QFjAcegQIGxAB&usg=AOvVaw2qE9BBVV91HVro3fgnqVNl","result_wayback_raw_url":"https:\/\/web.archive.org\/web\/20210430091952id_\/http:\/\/www.google.lv\/url?q=https:\/\/pt-br.facebook.com\/atisprie%3Fhc_ref%3DARQHOHa9ysiFBXhQ1Z1fDERIBRHd8Ja443LN5KOXV6dqVeeHU7c9J9gkHzeBDXJsRs0%26ref%3Dnf_target&sa=U&ved=2ahUKEwiOvJ7q0aXwAhWXIDQIHaXZBS0QFjAcegQIGxAB&usg=AOvVaw2qE9BBVV91HVro3fgnqVNl","result_snippet_rank":26,"result_snippet_title":"Atis Pried\u012btis | Facebook","result_snippet_text":null,"result_warc_relative_path":null,"result_warc_byte_offset":null},{"result_id":"27c52386-d0a5-5b14-a71d-500e1af4b594","result_url":"http:\/\/www.google.lv\/url?q=https:\/\/pt-br.facebook.com\/atisprie%3Ffref%3Dnf&sa=U&ved=2ahUKEwiOvJ7q0aXwAhWXIDQIHaXZBS0QFjAdegQIGhAB&usg=AOvVaw07etmRlbCFnPwF8wM1H3MY","result_domain":"www.google.lv","result_domain_public_suffix":"lv","result_wayback_url":"https:\/\/web.archive.org\/web\/20210430091952\/http:\/\/www.google.lv\/url?q=https:\/\/pt-br.facebook.com\/atisprie%3Ffref%3Dnf&sa=U&ved=2ahUKEwiOvJ7q0aXwAhWXIDQIHaXZBS0QFjAdegQIGhAB&usg=AOvVaw07etmRlbCFnPwF8wM1H3MY","result_wayback_raw_url":"https:\/\/web.archive.org\/web\/20210430091952id_\/http:\/\/www.google.lv\/url?q=https:\/\/pt-br.facebook.com\/atisprie%3Ffref%3Dnf&sa=U&ved=2ahUKEwiOvJ7q0aXwAhWXIDQIHaXZBS0QFjAdegQIGhAB&usg=AOvVaw07etmRlbCFnPwF8wM1H3MY","result_snippet_rank":27,"result_snippet_title":"Atis Pried\u012btis | Facebook","result_snippet_text":null,"result_warc_relative_path":null,"result_warc_byte_offset":null},{"result_id":"5985e420-272d-5907-b6a4-8b315b47ecb6","result_url":"http:\/\/www.google.lv\/url?q=https:\/\/m.facebook.com\/ezerrozesgramatas\/photos\/a.545197825987217\/689069811600017\/%3Ftype%3D3%26source%3D57%26__tn__%3DEH-R&sa=U&ved=2ahUKEwiOvJ7q0aXwAhWXIDQIHaXZBS0QFjAeegQIHBAB&usg=AOvVaw26bNTQZ1dcrAhke3_RuOIt","result_domain":"www.google.lv","result_domain_public_suffix":"lv","result_wayback_url":"https:\/\/web.archive.org\/web\/20210430091952\/http:\/\/www.google.lv\/url?q=https:\/\/m.facebook.com\/ezerrozesgramatas\/photos\/a.545197825987217\/689069811600017\/%3Ftype%3D3%26source%3D57%26__tn__%3DEH-R&sa=U&ved=2ahUKEwiOvJ7q0aXwAhWXIDQIHaXZBS0QFjAeegQIHBAB&usg=AOvVaw26bNTQZ1dcrAhke3_RuOIt","result_wayback_raw_url":"https:\/\/web.archive.org\/web\/20210430091952id_\/http:\/\/www.google.lv\/url?q=https:\/\/m.facebook.com\/ezerrozesgramatas\/photos\/a.545197825987217\/689069811600017\/%3Ftype%3D3%26source%3D57%26__tn__%3DEH-R&sa=U&ved=2ahUKEwiOvJ7q0aXwAhWXIDQIHaXZBS0QFjAeegQIHBAB&usg=AOvVaw26bNTQZ1dcrAhke3_RuOIt","result_snippet_rank":28,"result_snippet_title":"Izdevniec\u012bba \u00abEzerrozes gr\u0101matas\u00bb - Gr\u0101mata, kas neatst\u0101s ...","result_snippet_text":null,"result_warc_relative_path":null,"result_warc_byte_offset":null},{"result_id":"52976c90-3da1-5ea1-ac60-cdbf198138c7","result_url":"http:\/\/www.google.lv\/url?q=http:\/\/www.virja.lv\/lv\/katalogs\/&sa=U&ved=2ahUKEwiOvJ7q0aXwAhWXIDQIHaXZBS0QFjAfegQIGRAB&usg=AOvVaw1aaKbV4M84pdGqIIbu1sZe","result_domain":"www.google.lv","result_domain_public_suffix":"lv","result_wayback_url":"https:\/\/web.archive.org\/web\/20210430091952\/http:\/\/www.google.lv\/url?q=http:\/\/www.virja.lv\/lv\/katalogs\/&sa=U&ved=2ahUKEwiOvJ7q0aXwAhWXIDQIHaXZBS0QFjAfegQIGRAB&usg=AOvVaw1aaKbV4M84pdGqIIbu1sZe","result_wayback_raw_url":"https:\/\/web.archive.org\/web\/20210430091952id_\/http:\/\/www.google.lv\/url?q=http:\/\/www.virja.lv\/lv\/katalogs\/&sa=U&ved=2ahUKEwiOvJ7q0aXwAhWXIDQIHaXZBS0QFjAfegQIGRAB&usg=AOvVaw1aaKbV4M84pdGqIIbu1sZe","result_snippet_rank":29,"result_snippet_title":"Virja \/ Gr\u0101matu katalogs","result_snippet_text":null,"result_warc_relative_path":null,"result_warc_byte_offset":null},{"result_id":"70cd6880-17e5-58c6-aac3-cd5f71411178","result_url":"http:\/\/www.google.lv\/url?q=http:\/\/www.virja.lv\/lv\/katalogs\/%3Fc%5B0%5D%3D40&sa=U&ved=2ahUKEwiOvJ7q0aXwAhWXIDQIHaXZBS0QFjAgegQIGBAB&usg=AOvVaw3r8gI7waA0FaZXt_R7NVdX","result_domain":"www.google.lv","result_domain_public_suffix":"lv","result_wayback_url":"https:\/\/web.archive.org\/web\/20210430091952\/http:\/\/www.google.lv\/url?q=http:\/\/www.virja.lv\/lv\/katalogs\/%3Fc%5B0%5D%3D40&sa=U&ved=2ahUKEwiOvJ7q0aXwAhWXIDQIHaXZBS0QFjAgegQIGBAB&usg=AOvVaw3r8gI7waA0FaZXt_R7NVdX","result_wayback_raw_url":"https:\/\/web.archive.org\/web\/20210430091952id_\/http:\/\/www.google.lv\/url?q=http:\/\/www.virja.lv\/lv\/katalogs\/%3Fc%5B0%5D%3D40&sa=U&ved=2ahUKEwiOvJ7q0aXwAhWXIDQIHaXZBS0QFjAgegQIGBAB&usg=AOvVaw3r8gI7waA0FaZXt_R7NVdX","result_snippet_rank":30,"result_snippet_title":"Virja \/ Gr\u0101matu katalogs","result_snippet_text":null,"result_warc_relative_path":null,"result_warc_byte_offset":null},{"result_id":"3f6cd7b2-d260-5bcb-9d76-447c3f47bb63","result_url":"http:\/\/www.google.lv\/url?q=https:\/\/www.lffb.lv\/raksti\/lasit-talak\/andris-marts-neparasta-misija&sa=U&ved=2ahUKEwiOvJ7q0aXwAhWXIDQIHaXZBS0QFjAhegQIFxAB&usg=AOvVaw1deqfY9cZQdawfkBrvmB9N","result_domain":"www.google.lv","result_domain_public_suffix":"lv","result_wayback_url":"https:\/\/web.archive.org\/web\/20210430091952\/http:\/\/www.google.lv\/url?q=https:\/\/www.lffb.lv\/raksti\/lasit-talak\/andris-marts-neparasta-misija&sa=U&ved=2ahUKEwiOvJ7q0aXwAhWXIDQIHaXZBS0QFjAhegQIFxAB&usg=AOvVaw1deqfY9cZQdawfkBrvmB9N","result_wayback_raw_url":"https:\/\/web.archive.org\/web\/20210430091952id_\/http:\/\/www.google.lv\/url?q=https:\/\/www.lffb.lv\/raksti\/lasit-talak\/andris-marts-neparasta-misija&sa=U&ved=2ahUKEwiOvJ7q0aXwAhWXIDQIHaXZBS0QFjAhegQIFxAB&usg=AOvVaw1deqfY9cZQdawfkBrvmB9N","result_snippet_rank":31,"result_snippet_title":"Andris Marts. Neparast\u0101 ... - Latvijas Fant\u0101zijas un Fantastikas Biedr\u012bba","result_snippet_text":null,"result_warc_relative_path":null,"result_warc_byte_offset":null},{"result_id":"e47ab950-ea31-55c9-a8dc-9c675423a481","result_url":"http:\/\/www.google.lv\/url?q=https:\/\/ir.lv\/comments-page%3Fpost_id%3D442215&sa=U&ved=2ahUKEwiOvJ7q0aXwAhWXIDQIHaXZBS0QFjAiegQIFhAB&usg=AOvVaw2btVlFHSI9kb0VSN_GZnpL","result_domain":"www.google.lv","result_domain_public_suffix":"lv","result_wayback_url":"https:\/\/web.archive.org\/web\/20210430091952\/http:\/\/www.google.lv\/url?q=https:\/\/ir.lv\/comments-page%3Fpost_id%3D442215&sa=U&ved=2ahUKEwiOvJ7q0aXwAhWXIDQIHaXZBS0QFjAiegQIFhAB&usg=AOvVaw2btVlFHSI9kb0VSN_GZnpL","result_wayback_raw_url":"https:\/\/web.archive.org\/web\/20210430091952id_\/http:\/\/www.google.lv\/url?q=https:\/\/ir.lv\/comments-page%3Fpost_id%3D442215&sa=U&ved=2ahUKEwiOvJ7q0aXwAhWXIDQIHaXZBS0QFjAiegQIFhAB&usg=AOvVaw2btVlFHSI9kb0VSN_GZnpL","result_snippet_rank":32,"result_snippet_title":"Comments page \u2022 IR.lv","result_snippet_text":null,"result_warc_relative_path":null,"result_warc_byte_offset":null},{"result_id":"0c16475c-53ab-59de-9c91-4bc463380cee","result_url":"http:\/\/www.google.lv\/url?q=https:\/\/en-gb.facebook.com\/atisprie\/&sa=U&ved=2ahUKEwiOvJ7q0aXwAhWXIDQIHaXZBS0QFjAjegQIFBAB&usg=AOvVaw1zC94OZQxjpoY_HUCGXZIE","result_domain":"www.google.lv","result_domain_public_suffix":"lv","result_wayback_url":"https:\/\/web.archive.org\/web\/20210430091952\/http:\/\/www.google.lv\/url?q=https:\/\/en-gb.facebook.com\/atisprie\/&sa=U&ved=2ahUKEwiOvJ7q0aXwAhWXIDQIHaXZBS0QFjAjegQIFBAB&usg=AOvVaw1zC94OZQxjpoY_HUCGXZIE","result_wayback_raw_url":"https:\/\/web.archive.org\/web\/20210430091952id_\/http:\/\/www.google.lv\/url?q=https:\/\/en-gb.facebook.com\/atisprie\/&sa=U&ved=2ahUKEwiOvJ7q0aXwAhWXIDQIHaXZBS0QFjAjegQIFBAB&usg=AOvVaw1zC94OZQxjpoY_HUCGXZIE","result_snippet_rank":33,"result_snippet_title":"Atis Pried\u012btis | Facebook","result_snippet_text":null,"result_warc_relative_path":null,"result_warc_byte_offset":null},{"result_id":"c9c2695c-4336-594c-b92a-a82ba4715e97","result_url":"http:\/\/www.google.lv\/url?q=https:\/\/gramatnicaglobuss.lv\/jaunakas-gramatas\/pamazam-apmulst-pavasari--dzeja&sa=U&ved=2ahUKEwiOvJ7q0aXwAhWXIDQIHaXZBS0QFjAkegQILxAB&usg=AOvVaw058wWAFrBxDc1AdzvMvBbT","result_domain":"www.google.lv","result_domain_public_suffix":"lv","result_wayback_url":"https:\/\/web.archive.org\/web\/20210430091952\/http:\/\/www.google.lv\/url?q=https:\/\/gramatnicaglobuss.lv\/jaunakas-gramatas\/pamazam-apmulst-pavasari--dzeja&sa=U&ved=2ahUKEwiOvJ7q0aXwAhWXIDQIHaXZBS0QFjAkegQILxAB&usg=AOvVaw058wWAFrBxDc1AdzvMvBbT","result_wayback_raw_url":"https:\/\/web.archive.org\/web\/20210430091952id_\/http:\/\/www.google.lv\/url?q=https:\/\/gramatnicaglobuss.lv\/jaunakas-gramatas\/pamazam-apmulst-pavasari--dzeja&sa=U&ved=2ahUKEwiOvJ7q0aXwAhWXIDQIHaXZBS0QFjAkegQILxAB&usg=AOvVaw058wWAFrBxDc1AdzvMvBbT","result_snippet_rank":34,"result_snippet_title":"Pamaz\u0101m apmulst pavasar\u012b \/ dzeja - Globuss","result_snippet_text":null,"result_warc_relative_path":null,"result_warc_byte_offset":null},{"result_id":"89bb9a65-0681-584f-a6fb-de7d9603cb63","result_url":"http:\/\/www.google.lv\/url?q=https:\/\/gramatnicaglobuss.lv\/jaunakas-gramatas\/z%25C4%2593ns-meitene-internets-un-gad%25C4%25ABjums&sa=U&ved=2ahUKEwiOvJ7q0aXwAhWXIDQIHaXZBS0QFjAlegQIFRAB&usg=AOvVaw1KY87buxhqJ5YFxQrmRHap","result_domain":"www.google.lv","result_domain_public_suffix":"lv","result_wayback_url":"https:\/\/web.archive.org\/web\/20210430091952\/http:\/\/www.google.lv\/url?q=https:\/\/gramatnicaglobuss.lv\/jaunakas-gramatas\/z%25C4%2593ns-meitene-internets-un-gad%25C4%25ABjums&sa=U&ved=2ahUKEwiOvJ7q0aXwAhWXIDQIHaXZBS0QFjAlegQIFRAB&usg=AOvVaw1KY87buxhqJ5YFxQrmRHap","result_wayback_raw_url":"https:\/\/web.archive.org\/web\/20210430091952id_\/http:\/\/www.google.lv\/url?q=https:\/\/gramatnicaglobuss.lv\/jaunakas-gramatas\/z%25C4%2593ns-meitene-internets-un-gad%25C4%25ABjums&sa=U&ved=2ahUKEwiOvJ7q0aXwAhWXIDQIHaXZBS0QFjAlegQIFRAB&usg=AOvVaw1KY87buxhqJ5YFxQrmRHap","result_snippet_rank":35,"result_snippet_title":"Z\u0113ns, meitene, internets un gad\u012bjums - Globuss","result_snippet_text":null,"result_warc_relative_path":null,"result_warc_byte_offset":null},{"result_id":"5d85bd39-9d99-5ba6-9d77-c5c74098bc60","result_url":"http:\/\/www.google.lv\/url?q=https:\/\/ne-np.facebook.com\/people\/Andris-Prieditis\/100006965898365\/&sa=U&ved=2ahUKEwiOvJ7q0aXwAhWXIDQIHaXZBS0QFjAmegQIExAB&usg=AOvVaw2wBsGQF06waNLq4W__Dtnc","result_domain":"www.google.lv","result_domain_public_suffix":"lv","result_wayback_url":"https:\/\/web.archive.org\/web\/20210430091952\/http:\/\/www.google.lv\/url?q=https:\/\/ne-np.facebook.com\/people\/Andris-Prieditis\/100006965898365\/&sa=U&ved=2ahUKEwiOvJ7q0aXwAhWXIDQIHaXZBS0QFjAmegQIExAB&usg=AOvVaw2wBsGQF06waNLq4W__Dtnc","result_wayback_raw_url":"https:\/\/web.archive.org\/web\/20210430091952id_\/http:\/\/www.google.lv\/url?q=https:\/\/ne-np.facebook.com\/people\/Andris-Prieditis\/100006965898365\/&sa=U&ved=2ahUKEwiOvJ7q0aXwAhWXIDQIHaXZBS0QFjAmegQIExAB&usg=AOvVaw2wBsGQF06waNLq4W__Dtnc","result_snippet_rank":36,"result_snippet_title":"Andris Prieditis | Facebook","result_snippet_text":null,"result_warc_relative_path":null,"result_warc_byte_offset":null},{"result_id":"933cf7d6-62e0-56a6-9769-576048f6924a","result_url":"http:\/\/www.google.lv\/url?q=https:\/\/nl-nl.facebook.com\/andris.prieditis.75\/&sa=U&ved=2ahUKEwiOvJ7q0aXwAhWXIDQIHaXZBS0QFjAnegQIERAB&usg=AOvVaw2Ugkgwy9d7GyPXsTpkPqkv","result_domain":"www.google.lv","result_domain_public_suffix":"lv","result_wayback_url":"https:\/\/web.archive.org\/web\/20210430091952\/http:\/\/www.google.lv\/url?q=https:\/\/nl-nl.facebook.com\/andris.prieditis.75\/&sa=U&ved=2ahUKEwiOvJ7q0aXwAhWXIDQIHaXZBS0QFjAnegQIERAB&usg=AOvVaw2Ugkgwy9d7GyPXsTpkPqkv","result_wayback_raw_url":"https:\/\/web.archive.org\/web\/20210430091952id_\/http:\/\/www.google.lv\/url?q=https:\/\/nl-nl.facebook.com\/andris.prieditis.75\/&sa=U&ved=2ahUKEwiOvJ7q0aXwAhWXIDQIHaXZBS0QFjAnegQIERAB&usg=AOvVaw2Ugkgwy9d7GyPXsTpkPqkv","result_snippet_rank":37,"result_snippet_title":"Andris Pried\u012btis | Facebook","result_snippet_text":null,"result_warc_relative_path":null,"result_warc_byte_offset":null},{"result_id":"2f870004-0396-50ca-9737-83cda097f885","result_url":"http:\/\/www.google.lv\/url?q=https:\/\/ir.lv\/comments-page%3Fpost_id%3D411084&sa=U&ved=2ahUKEwiOvJ7q0aXwAhWXIDQIHaXZBS0QFjAoegQIEBAB&usg=AOvVaw04TxAClR7etTK5UkEW67II","result_domain":"www.google.lv","result_domain_public_suffix":"lv","result_wayback_url":"https:\/\/web.archive.org\/web\/20210430091952\/http:\/\/www.google.lv\/url?q=https:\/\/ir.lv\/comments-page%3Fpost_id%3D411084&sa=U&ved=2ahUKEwiOvJ7q0aXwAhWXIDQIHaXZBS0QFjAoegQIEBAB&usg=AOvVaw04TxAClR7etTK5UkEW67II","result_wayback_raw_url":"https:\/\/web.archive.org\/web\/20210430091952id_\/http:\/\/www.google.lv\/url?q=https:\/\/ir.lv\/comments-page%3Fpost_id%3D411084&sa=U&ved=2ahUKEwiOvJ7q0aXwAhWXIDQIHaXZBS0QFjAoegQIEBAB&usg=AOvVaw04TxAClR7etTK5UkEW67II","result_snippet_rank":38,"result_snippet_title":"Comments page \u2022 IR.lv","result_snippet_text":null,"result_warc_relative_path":null,"result_warc_byte_offset":null},{"result_id":"17199dbc-a99f-556d-847a-9c1a3f84bf24","result_url":"http:\/\/www.google.lv\/url?q=https:\/\/es-es.facebook.com\/atisprie&sa=U&ved=2ahUKEwiOvJ7q0aXwAhWXIDQIHaXZBS0QFjApegQIDxAB&usg=AOvVaw2Do8nyKBX2NfD9JBzPDVaM","result_domain":"www.google.lv","result_domain_public_suffix":"lv","result_wayback_url":"https:\/\/web.archive.org\/web\/20210430091952\/http:\/\/www.google.lv\/url?q=https:\/\/es-es.facebook.com\/atisprie&sa=U&ved=2ahUKEwiOvJ7q0aXwAhWXIDQIHaXZBS0QFjApegQIDxAB&usg=AOvVaw2Do8nyKBX2NfD9JBzPDVaM","result_wayback_raw_url":"https:\/\/web.archive.org\/web\/20210430091952id_\/http:\/\/www.google.lv\/url?q=https:\/\/es-es.facebook.com\/atisprie&sa=U&ved=2ahUKEwiOvJ7q0aXwAhWXIDQIHaXZBS0QFjApegQIDxAB&usg=AOvVaw2Do8nyKBX2NfD9JBzPDVaM","result_snippet_rank":39,"result_snippet_title":"Atis Pried\u012btis | Facebook","result_snippet_text":null,"result_warc_relative_path":null,"result_warc_byte_offset":null},{"result_id":"d4b05fc6-1d3d-5ceb-afbe-7d6e0599a4fa","result_url":"http:\/\/www.google.lv\/url?q=https:\/\/mobile.220.lv\/lv\/gramatas\/dailliteratura\/dzeja%3Ff%5B26086%5D%5B7218643%5D%3Dandris-marts&sa=U&ved=2ahUKEwiOvJ7q0aXwAhWXIDQIHaXZBS0QFjAqegQIDhAB&usg=AOvVaw0PusnWlsZ2cBG_lB98E7i0","result_domain":"www.google.lv","result_domain_public_suffix":"lv","result_wayback_url":"https:\/\/web.archive.org\/web\/20210430091952\/http:\/\/www.google.lv\/url?q=https:\/\/mobile.220.lv\/lv\/gramatas\/dailliteratura\/dzeja%3Ff%5B26086%5D%5B7218643%5D%3Dandris-marts&sa=U&ved=2ahUKEwiOvJ7q0aXwAhWXIDQIHaXZBS0QFjAqegQIDhAB&usg=AOvVaw0PusnWlsZ2cBG_lB98E7i0","result_wayback_raw_url":"https:\/\/web.archive.org\/web\/20210430091952id_\/http:\/\/www.google.lv\/url?q=https:\/\/mobile.220.lv\/lv\/gramatas\/dailliteratura\/dzeja%3Ff%5B26086%5D%5B7218643%5D%3Dandris-marts&sa=U&ved=2ahUKEwiOvJ7q0aXwAhWXIDQIHaXZBS0QFjAqegQIDhAB&usg=AOvVaw0PusnWlsZ2cBG_lB98E7i0","result_snippet_rank":40,"result_snippet_title":"Dzeja - gr\u0101matas | 220.lv","result_snippet_text":null,"result_warc_relative_path":null,"result_warc_byte_offset":null},{"result_id":"f6b0315b-2293-5e5b-937e-a320cd6471e7","result_url":"http:\/\/www.google.lv\/url?q=https:\/\/ms-my.facebook.com\/ezerrozesgramatas\/photos\/pirms-sapnis-izgaist-nakt%25C4%25AB-iet-andris-martsizdevniec%25C4%25ABba-ezerrozes-gr%25C4%2581matas-2020d\/758494884657509\/&sa=U&ved=2ahUKEwiOvJ7q0aXwAhWXIDQIHaXZBS0QFjAregQIDRAB&usg=AOvVaw0FShJzkVG11e2jn-hj3BMN","result_domain":"www.google.lv","result_domain_public_suffix":"lv","result_wayback_url":"https:\/\/web.archive.org\/web\/20210430091952\/http:\/\/www.google.lv\/url?q=https:\/\/ms-my.facebook.com\/ezerrozesgramatas\/photos\/pirms-sapnis-izgaist-nakt%25C4%25AB-iet-andris-martsizdevniec%25C4%25ABba-ezerrozes-gr%25C4%2581matas-2020d\/758494884657509\/&sa=U&ved=2ahUKEwiOvJ7q0aXwAhWXIDQIHaXZBS0QFjAregQIDRAB&usg=AOvVaw0FShJzkVG11e2jn-hj3BMN","result_wayback_raw_url":"https:\/\/web.archive.org\/web\/20210430091952id_\/http:\/\/www.google.lv\/url?q=https:\/\/ms-my.facebook.com\/ezerrozesgramatas\/photos\/pirms-sapnis-izgaist-nakt%25C4%25AB-iet-andris-martsizdevniec%25C4%25ABba-ezerrozes-gr%25C4%2581matas-2020d\/758494884657509\/&sa=U&ved=2ahUKEwiOvJ7q0aXwAhWXIDQIHaXZBS0QFjAregQIDRAB&usg=AOvVaw0FShJzkVG11e2jn-hj3BMN","result_snippet_rank":41,"result_snippet_title":"Facebook","result_snippet_text":null,"result_warc_relative_path":null,"result_warc_byte_offset":null},{"result_id":"1151f5e5-c9fd-5e93-9615-37aab91bc3ad","result_url":"http:\/\/www.google.lv\/url?q=https:\/\/buki.lv\/product\/zens-meitene-internets-un-gadijums-4867&sa=U&ved=2ahUKEwiOvJ7q0aXwAhWXIDQIHaXZBS0QFjAsegQIIBAB&usg=AOvVaw2v2gt882g7flovUDMwlO29","result_domain":"www.google.lv","result_domain_public_suffix":"lv","result_wayback_url":"https:\/\/web.archive.org\/web\/20210430091952\/http:\/\/www.google.lv\/url?q=https:\/\/buki.lv\/product\/zens-meitene-internets-un-gadijums-4867&sa=U&ved=2ahUKEwiOvJ7q0aXwAhWXIDQIHaXZBS0QFjAsegQIIBAB&usg=AOvVaw2v2gt882g7flovUDMwlO29","result_wayback_raw_url":"https:\/\/web.archive.org\/web\/20210430091952id_\/http:\/\/www.google.lv\/url?q=https:\/\/buki.lv\/product\/zens-meitene-internets-un-gadijums-4867&sa=U&ved=2ahUKEwiOvJ7q0aXwAhWXIDQIHaXZBS0QFjAsegQIIBAB&usg=AOvVaw2v2gt882g7flovUDMwlO29","result_snippet_rank":42,"result_snippet_title":"Z\u0113ns, meitene, internets un gad\u012bjums | Gr\u0101matas internet\u0101 | Buki.lv","result_snippet_text":null,"result_warc_relative_path":null,"result_warc_byte_offset":null},{"result_id":"a7a42a29-b082-5471-9b12-bcf16a4b4415","result_url":"http:\/\/www.google.lv\/url?q=http:\/\/www.ezerrozesgramatas.lv\/jaunumi\/params\/post\/1974322\/pirms-sapnis-izgaist-nakti-iet-andris-mart&sa=U&ved=2ahUKEwiOvJ7q0aXwAhWXIDQIHaXZBS0QFjAtegQIDBAB&usg=AOvVaw0G_RnuMZbkjZkZArZlH5EN","result_domain":"www.google.lv","result_domain_public_suffix":"lv","result_wayback_url":"https:\/\/web.archive.org\/web\/20210430091952\/http:\/\/www.google.lv\/url?q=http:\/\/www.ezerrozesgramatas.lv\/jaunumi\/params\/post\/1974322\/pirms-sapnis-izgaist-nakti-iet-andris-mart&sa=U&ved=2ahUKEwiOvJ7q0aXwAhWXIDQIHaXZBS0QFjAtegQIDBAB&usg=AOvVaw0G_RnuMZbkjZkZArZlH5EN","result_wayback_raw_url":"https:\/\/web.archive.org\/web\/20210430091952id_\/http:\/\/www.google.lv\/url?q=http:\/\/www.ezerrozesgramatas.lv\/jaunumi\/params\/post\/1974322\/pirms-sapnis-izgaist-nakti-iet-andris-mart&sa=U&ved=2ahUKEwiOvJ7q0aXwAhWXIDQIHaXZBS0QFjAtegQIDBAB&usg=AOvVaw0G_RnuMZbkjZkZArZlH5EN","result_snippet_rank":43,"result_snippet_title":"PIRMS SAPNIS IZGAIST, NAKT\u012a IET. Andris Marts - Jaunumi ...","result_snippet_text":null,"result_warc_relative_path":null,"result_warc_byte_offset":null},{"result_id":"c34c4ec5-f3f6-582f-ac1a-f778d84eb46b","result_url":"http:\/\/www.google.lv\/url?q=https:\/\/ar-ar.facebook.com\/ezerrozesgramatas\/posts\/gr%25C4%2581mata-kas-neatst%25C4%2581s-vienaldz%25C4%25ABgukristaps-slepenie-protokoli-andris-martsizdevnie\/689071421599856\/&sa=U&ved=2ahUKEwiOvJ7q0aXwAhWXIDQIHaXZBS0QFjAuegQICRAB&usg=AOvVaw3IrMES21_Cw1xjKVy4I0KR","result_domain":"www.google.lv","result_domain_public_suffix":"lv","result_wayback_url":"https:\/\/web.archive.org\/web\/20210430091952\/http:\/\/www.google.lv\/url?q=https:\/\/ar-ar.facebook.com\/ezerrozesgramatas\/posts\/gr%25C4%2581mata-kas-neatst%25C4%2581s-vienaldz%25C4%25ABgukristaps-slepenie-protokoli-andris-martsizdevnie\/689071421599856\/&sa=U&ved=2ahUKEwiOvJ7q0aXwAhWXIDQIHaXZBS0QFjAuegQICRAB&usg=AOvVaw3IrMES21_Cw1xjKVy4I0KR","result_wayback_raw_url":"https:\/\/web.archive.org\/web\/20210430091952id_\/http:\/\/www.google.lv\/url?q=https:\/\/ar-ar.facebook.com\/ezerrozesgramatas\/posts\/gr%25C4%2581mata-kas-neatst%25C4%2581s-vienaldz%25C4%25ABgukristaps-slepenie-protokoli-andris-martsizdevnie\/689071421599856\/&sa=U&ved=2ahUKEwiOvJ7q0aXwAhWXIDQIHaXZBS0QFjAuegQICRAB&usg=AOvVaw3IrMES21_Cw1xjKVy4I0KR","result_snippet_rank":44,"result_snippet_title":"Gr\u0101mata, kas neatst\u0101s... - Izdevniec\u012bba \u00abEzerrozes gr\u0101matas ...","result_snippet_text":null,"result_warc_relative_path":null,"result_warc_byte_offset":null},{"result_id":"038bc212-6b33-5d05-aac2-064bac326c0f","result_url":"http:\/\/www.google.lv\/url?q=https:\/\/primolatvija.hosted.exlibrisgroup.com\/primo-explore\/fulldisplay%3Fvid%3D371KISCNLL_VU1%26search_scope%3Ddefault_scope%26tab%3Ddefault_tab%26docid%3D371KISC_AlephLNC04-000967428%26lang%3Dlv_LV%26context%3DL&sa=U&ved=2ahUKEwiOvJ7q0aXwAhWXIDQIHaXZBS0QFjAvegQIChAB&usg=AOvVaw2LQL9rnCFfj7OmkPBdCFZD","result_domain":"www.google.lv","result_domain_public_suffix":"lv","result_wayback_url":"https:\/\/web.archive.org\/web\/20210430091952\/http:\/\/www.google.lv\/url?q=https:\/\/primolatvija.hosted.exlibrisgroup.com\/primo-explore\/fulldisplay%3Fvid%3D371KISCNLL_VU1%26search_scope%3Ddefault_scope%26tab%3Ddefault_tab%26docid%3D371KISC_AlephLNC04-000967428%26lang%3Dlv_LV%26context%3DL&sa=U&ved=2ahUKEwiOvJ7q0aXwAhWXIDQIHaXZBS0QFjAvegQIChAB&usg=AOvVaw2LQL9rnCFfj7OmkPBdCFZD","result_wayback_raw_url":"https:\/\/web.archive.org\/web\/20210430091952id_\/http:\/\/www.google.lv\/url?q=https:\/\/primolatvija.hosted.exlibrisgroup.com\/primo-explore\/fulldisplay%3Fvid%3D371KISCNLL_VU1%26search_scope%3Ddefault_scope%26tab%3Ddefault_tab%26docid%3D371KISC_AlephLNC04-000967428%26lang%3Dlv_LV%26context%3DL&sa=U&ved=2ahUKEwiOvJ7q0aXwAhWXIDQIHaXZBS0QFjAvegQIChAB&usg=AOvVaw2LQL9rnCFfj7OmkPBdCFZD","result_snippet_rank":45,"result_snippet_title":"Pirms sapnis izgaist, nakt     iet \/ Andris Marts ; sast    d    t ... - Ex Libris","result_snippet_text":null,"result_warc_relative_path":null,"result_warc_byte_offset":null},{"result_id":"45a577da-9279-5528-94ad-f95aebf4d185","result_url":"http:\/\/www.google.lv\/url?q=http:\/\/www.lgramata.lv\/index.php%3Fpage%3Dshop.product_details%26flypage%3Dflypage.tpl%26product_id%3D91492%26category_id%3D183%26option%3Dcom_virtuemart%26Itemid%3D28&sa=U&ved=2ahUKEwiOvJ7q0aXwAhWXIDQIHaXZBS0QFjAwegQICxAB&usg=AOvVaw21JQKRoafR5koEyWnleIGd","result_domain":"www.google.lv","result_domain_public_suffix":"lv","result_wayback_url":"https:\/\/web.archive.org\/web\/20210430091952\/http:\/\/www.google.lv\/url?q=http:\/\/www.lgramata.lv\/index.php%3Fpage%3Dshop.product_details%26flypage%3Dflypage.tpl%26product_id%3D91492%26category_id%3D183%26option%3Dcom_virtuemart%26Itemid%3D28&sa=U&ved=2ahUKEwiOvJ7q0aXwAhWXIDQIHaXZBS0QFjAwegQICxAB&usg=AOvVaw21JQKRoafR5koEyWnleIGd","result_wayback_raw_url":"https:\/\/web.archive.org\/web\/20210430091952id_\/http:\/\/www.google.lv\/url?q=http:\/\/www.lgramata.lv\/index.php%3Fpage%3Dshop.product_details%26flypage%3Dflypage.tpl%26product_id%3D91492%26category_id%3D183%26option%3Dcom_virtuemart%26Itemid%3D28&sa=U&ved=2ahUKEwiOvJ7q0aXwAhWXIDQIHaXZBS0QFjAwegQICxAB&usg=AOvVaw21JQKRoafR5koEyWnleIGd","result_snippet_rank":46,"result_snippet_title":"pamaz\u0101m apmulst pavasar\u012b \/ dzeja - Latvijas gr\u0101mata","result_snippet_text":null,"result_warc_relative_path":null,"result_warc_byte_offset":null},{"result_id":"ceb752bf-b836-52b9-8612-2bb55d9c7da8","result_url":"http:\/\/www.google.lv\/url?q=https:\/\/pl-pl.facebook.com\/atisprie\/&sa=U&ved=2ahUKEwiOvJ7q0aXwAhWXIDQIHaXZBS0QFjAxegQIBxAB&usg=AOvVaw3ISipwujkjRzujdDLvk2o8","result_domain":"www.google.lv","result_domain_public_suffix":"lv","result_wayback_url":"https:\/\/web.archive.org\/web\/20210430091952\/http:\/\/www.google.lv\/url?q=https:\/\/pl-pl.facebook.com\/atisprie\/&sa=U&ved=2ahUKEwiOvJ7q0aXwAhWXIDQIHaXZBS0QFjAxegQIBxAB&usg=AOvVaw3ISipwujkjRzujdDLvk2o8","result_wayback_raw_url":"https:\/\/web.archive.org\/web\/20210430091952id_\/http:\/\/www.google.lv\/url?q=https:\/\/pl-pl.facebook.com\/atisprie\/&sa=U&ved=2ahUKEwiOvJ7q0aXwAhWXIDQIHaXZBS0QFjAxegQIBxAB&usg=AOvVaw3ISipwujkjRzujdDLvk2o8","result_snippet_rank":47,"result_snippet_title":"Atis Pried\u012btis | Facebook","result_snippet_text":null,"result_warc_relative_path":null,"result_warc_byte_offset":null},{"result_id":"08bf94ec-efc4-5586-94e3-50c80f52c2fd","result_url":"http:\/\/www.google.lv\/url?q=http:\/\/www.virja.lv\/lv\/katalogs\/%3F__uri%3Dlv\/gramata\/auto-stasti\/9959.html%26c%5B0%5D%3D47%26p%3D0&sa=U&ved=2ahUKEwiOvJ7q0aXwAhWXIDQIHaXZBS0QFjAyegQIARAB&usg=AOvVaw297Hext33k2UOnmlGUwXbs","result_domain":"www.google.lv","result_domain_public_suffix":"lv","result_wayback_url":"https:\/\/web.archive.org\/web\/20210430091952\/http:\/\/www.google.lv\/url?q=http:\/\/www.virja.lv\/lv\/katalogs\/%3F__uri%3Dlv\/gramata\/auto-stasti\/9959.html%26c%5B0%5D%3D47%26p%3D0&sa=U&ved=2ahUKEwiOvJ7q0aXwAhWXIDQIHaXZBS0QFjAyegQIARAB&usg=AOvVaw297Hext33k2UOnmlGUwXbs","result_wayback_raw_url":"https:\/\/web.archive.org\/web\/20210430091952id_\/http:\/\/www.google.lv\/url?q=http:\/\/www.virja.lv\/lv\/katalogs\/%3F__uri%3Dlv\/gramata\/auto-stasti\/9959.html%26c%5B0%5D%3D47%26p%3D0&sa=U&ved=2ahUKEwiOvJ7q0aXwAhWXIDQIHaXZBS0QFjAyegQIARAB&usg=AOvVaw297Hext33k2UOnmlGUwXbs","result_snippet_rank":48,"result_snippet_title":"Virja \/ Gr\u0101matu katalogs","result_snippet_text":null,"result_warc_relative_path":null,"result_warc_byte_offset":null},{"result_id":"eae0d4d5-7d9d-5b9b-8189-782b28f10eed","result_url":"http:\/\/www.google.lv\/url?q=http:\/\/www.virja.lv\/lv\/katalogs\/%3F__uri%3Dlv\/gramata\/pardomu-vejsh-dzeja\/10386.html%26p%3D0%26c%5B0%5D%3D47&sa=U&ved=2ahUKEwiOvJ7q0aXwAhWXIDQIHaXZBS0QFjAzegQIBBAB&usg=AOvVaw0ZS6zun8M2JLd4nf9GiaZH","result_domain":"www.google.lv","result_domain_public_suffix":"lv","result_wayback_url":"https:\/\/web.archive.org\/web\/20210430091952\/http:\/\/www.google.lv\/url?q=http:\/\/www.virja.lv\/lv\/katalogs\/%3F__uri%3Dlv\/gramata\/pardomu-vejsh-dzeja\/10386.html%26p%3D0%26c%5B0%5D%3D47&sa=U&ved=2ahUKEwiOvJ7q0aXwAhWXIDQIHaXZBS0QFjAzegQIBBAB&usg=AOvVaw0ZS6zun8M2JLd4nf9GiaZH","result_wayback_raw_url":"https:\/\/web.archive.org\/web\/20210430091952id_\/http:\/\/www.google.lv\/url?q=http:\/\/www.virja.lv\/lv\/katalogs\/%3F__uri%3Dlv\/gramata\/pardomu-vejsh-dzeja\/10386.html%26p%3D0%26c%5B0%5D%3D47&sa=U&ved=2ahUKEwiOvJ7q0aXwAhWXIDQIHaXZBS0QFjAzegQIBBAB&usg=AOvVaw0ZS6zun8M2JLd4nf9GiaZH","result_snippet_rank":49,"result_snippet_title":"Virja \/ Gr\u0101matu katalogs","result_snippet_text":null,"result_warc_relative_path":null,"result_warc_byte_offset":null},{"result_id":"4c58a3c7-7fe9-5e6d-b2f6-3e7e0a0164f8","result_url":"http:\/\/www.google.lv\/url?q=http:\/\/www.virja.lv\/lv\/katalogs\/%3F__uri%3Dlv\/katalogs\/%26c%5B40%5D%3D47%26p%3D0&sa=U&ved=2ahUKEwiOvJ7q0aXwAhWXIDQIHaXZBS0QFjA0egQIBhAB&usg=AOvVaw0ik3Uv-UMZLuNUGmliAnR-","result_domain":"www.google.lv","result_domain_public_suffix":"lv","result_wayback_url":"https:\/\/web.archive.org\/web\/20210430091952\/http:\/\/www.google.lv\/url?q=http:\/\/www.virja.lv\/lv\/katalogs\/%3F__uri%3Dlv\/katalogs\/%26c%5B40%5D%3D47%26p%3D0&sa=U&ved=2ahUKEwiOvJ7q0aXwAhWXIDQIHaXZBS0QFjA0egQIBhAB&usg=AOvVaw0ik3Uv-UMZLuNUGmliAnR-","result_wayback_raw_url":"https:\/\/web.archive.org\/web\/20210430091952id_\/http:\/\/www.google.lv\/url?q=http:\/\/www.virja.lv\/lv\/katalogs\/%3F__uri%3Dlv\/katalogs\/%26c%5B40%5D%3D47%26p%3D0&sa=U&ved=2ahUKEwiOvJ7q0aXwAhWXIDQIHaXZBS0QFjA0egQIBhAB&usg=AOvVaw0ik3Uv-UMZLuNUGmliAnR-","result_snippet_rank":50,"result_snippet_title":"Virja \/ Gr\u0101matu katalogs","result_snippet_text":null,"result_warc_relative_path":null,"result_warc_byte_offset":null},{"result_id":"5ab1f486-13a8-5f95-88fe-f4884bb9614c","result_url":"http:\/\/www.google.lv\/url?q=https:\/\/mobile.220.lv\/lv\/gramatas\/gramatas-berniem-pusaudziem-jauniesiem\/gramatas-pusaudziem-un-jauniesiem%3Ff%5B26167%5D%5B7242058%5D%3Danete-felkere-andris-marts&sa=U&ved=2ahUKEwiOvJ7q0aXwAhWXIDQIHaXZBS0QFjA1egQIAhAB&usg=AOvVaw1ix2wHXF85MlyityMvVYMt","result_domain":"www.google.lv","result_domain_public_suffix":"lv","result_wayback_url":"https:\/\/web.archive.org\/web\/20210430091952\/http:\/\/www.google.lv\/url?q=https:\/\/mobile.220.lv\/lv\/gramatas\/gramatas-berniem-pusaudziem-jauniesiem\/gramatas-pusaudziem-un-jauniesiem%3Ff%5B26167%5D%5B7242058%5D%3Danete-felkere-andris-marts&sa=U&ved=2ahUKEwiOvJ7q0aXwAhWXIDQIHaXZBS0QFjA1egQIAhAB&usg=AOvVaw1ix2wHXF85MlyityMvVYMt","result_wayback_raw_url":"https:\/\/web.archive.org\/web\/20210430091952id_\/http:\/\/www.google.lv\/url?q=https:\/\/mobile.220.lv\/lv\/gramatas\/gramatas-berniem-pusaudziem-jauniesiem\/gramatas-pusaudziem-un-jauniesiem%3Ff%5B26167%5D%5B7242058%5D%3Danete-felkere-andris-marts&sa=U&ved=2ahUKEwiOvJ7q0aXwAhWXIDQIHaXZBS0QFjA1egQIAhAB&usg=AOvVaw1ix2wHXF85MlyityMvVYMt","result_snippet_rank":51,"result_snippet_title":"Gr\u0101matas pusaud\u017eiem un jaunie\u0161iem | 220.lv","result_snippet_text":null,"result_warc_relative_path":null,"result_warc_byte_offset":null},{"result_id":"aff1ed92-aaa0-5f9b-92ad-916a4969b785","result_url":"http:\/\/www.google.lv\/url?q=https:\/\/www.gramatnicaglobuss.lv\/en\/books\/dailliteratura\/romani\/neparasta-misija-1-dala-kristaps--slepenie-protokoli&sa=U&ved=2ahUKEwiOvJ7q0aXwAhWXIDQIHaXZBS0QFjA2egQIAxAB&usg=AOvVaw3YX6gWlN2XxvqIPcKtgxVx","result_domain":"www.google.lv","result_domain_public_suffix":"lv","result_wayback_url":"https:\/\/web.archive.org\/web\/20210430091952\/http:\/\/www.google.lv\/url?q=https:\/\/www.gramatnicaglobuss.lv\/en\/books\/dailliteratura\/romani\/neparasta-misija-1-dala-kristaps--slepenie-protokoli&sa=U&ved=2ahUKEwiOvJ7q0aXwAhWXIDQIHaXZBS0QFjA2egQIAxAB&usg=AOvVaw3YX6gWlN2XxvqIPcKtgxVx","result_wayback_raw_url":"https:\/\/web.archive.org\/web\/20210430091952id_\/http:\/\/www.google.lv\/url?q=https:\/\/www.gramatnicaglobuss.lv\/en\/books\/dailliteratura\/romani\/neparasta-misija-1-dala-kristaps--slepenie-protokoli&sa=U&ved=2ahUKEwiOvJ7q0aXwAhWXIDQIHaXZBS0QFjA2egQIAxAB&usg=AOvVaw3YX6gWlN2XxvqIPcKtgxVx","result_snippet_rank":52,"result_snippet_title":"Neparast\u0101 misija 1 da\u013ca Kristaps - slepenie protokoli - Globuss","result_snippet_text":null,"result_warc_relative_path":null,"result_warc_byte_offset":null}],"search_provider_name":"google","search_provider_alexa_domain":"google.com","search_provider_alexa_domain_public_suffix":"com","search_provider_alexa_rank":1,"search_provider_category":"search-engine"}
